[2026-09-20 09:56:32] laravel.EMERGENCY: Unable to create configured logger. Using emergency logger. {"exception":"[object] (InvalidArgumentException(code: 0): Log [] is not defined. at C:/Users/Sandy/Psikonutrisense/backend/vendor/laravel/framework/src/Illuminate/Log/LogManager.php:212)
[stacktrace]
#0 C:/Users/Sandy/Psikonutrisense/backend/vendor/laravel/framework/src/Illuminate/Log/LogManager.php(137): Illuminate/Log/LogManager->resolve(NULL, NULL)
#1 C:/Users/Sandy/Psikonutrisense/backend/vendor/laravel/framework/src/Illuminate/Log/LogManager.php(124): Illuminate/Log/LogManager->get(NULL)
#2 C:/Users/Sandy/Psikonutrisense/backend/vendor/laravel/framework/src/Illuminate/Log/LogManager.php(681): Illuminate/Log/LogManager->driver()
#3 C:/Users/Sandy/Psikonutrisense/backend/vendor/laravel/framework/src/Illuminate/Foundation/Exceptions/Handler.php(317): Illuminate/Log/LogManager->error('RecursiveDirect...', Array)
#4 C:/Users/Sandy/Psikonutrisense/backend/vendor/laravel/framework/src/Illuminate/Foundation/Exceptions/Handler.php(278): Illuminate/Foundation/Exceptions/Handler->reportThrowable(Object(ValueError))
#5 C:/Users/Sandy/Psikonutrisense/backend/vendor/laravel/framework/src/Illuminate/Foundation/Console/Kernel.php(523): Illuminate/Foundation/Exceptions/Handler->report(Object(ValueError))
#6 C:/Users/Sandy/Psikonutrisense/backend/vendor/laravel/framework/src/Illuminate/Foundation/Console/Kernel.php(203): Illuminate/Foundation/Console/Kernel->reportException(Object(ValueError))
#7 C:/Users/Sandy/Psikonutrisense/backend/artisan(30): Illuminate/Foundation/Console/Kernel->handle(Object(Symfony/Component/Console/Input/ArgvInput), Object(Symfony/Component/Console/Output/ConsoleOutput))
#8 {main}
"} 
[2026-09-20 09:56:32] laravel.ERROR: RecursiveDirectoryIterator::__construct(): Argument #1 ($directory) cannot be empty {"exception":"[object] (ValueError(code: 0): RecursiveDirectoryIterator::__construct(): Argument #1 ($directory) cannot be empty at C:/Users/Sandy/Psikonutrisense/backend/vendor/symfony/finder/Iterator/RecursiveDirectoryIterator.php:43)
[stacktrace]
#0 C:/Users/Sandy/Psikonutrisense/backend/vendor/symfony/finder/Iterator/RecursiveDirectoryIterator.php(43): RecursiveDirectoryIterator->__construct('', 4096)
#1 C:/Users/Sandy/Psikonutrisense/backend/vendor/symfony/finder/Finder.php(792): Symfony/Component/Finder/Iterator/RecursiveDirectoryIterator->__construct('', 4096, false)
#2 C:/Users/Sandy/Psikonutrisense/backend/vendor/symfony/finder/Finder.php(680): Symfony/Component/Finder/Finder->searchInDirectory('')
#3 C:/Users/Sandy/Psikonutrisense/backend/vendor/laravel/framework/src/Illuminate/Foundation/Bootstrap/LoadConfiguration.php(86): Symfony/Component/Finder/Finder->getIterator()
#4 C:/Users/Sandy/Psikonutrisense/backend/vendor/laravel/framework/src/Illuminate/Foundation/Bootstrap/LoadConfiguration.php(63): Illuminate/Foundation/Bootstrap/LoadConfiguration->getConfigurationFiles(Object(Illuminate/Foundation/Application))
#5 C:/Users/Sandy/Psikonutrisense/backend/vendor/laravel/framework/src/Illuminate/Foundation/Bootstrap/LoadConfiguration.php(39): Illuminate/Foundation/Bootstrap/LoadConfiguration->loadConfigurationFiles(Object(Illuminate/Foundation/Application), Object(Illuminate/Config/Repository))
#6 C:/Users/Sandy/Psikonutrisense/backend/vendor/laravel/framework/src/Illuminate/Foundation/Application.php(286): Illuminate/Foundation/Bootstrap/LoadConfiguration->bootstrap(Object(Illuminate/Foundation/Application))
#7 C:/Users/Sandy/Psikonutrisense/backend/vendor/laravel/framework/src/Illuminate/Foundation/Console/Kernel.php(447): Illuminate/Foundation/Application->bootstrapWith(Array)
#8 C:/Users/Sandy/Psikonutrisense/backend/vendor/laravel/framework/src/Illuminate/Foundation/Console/Kernel.php(199): Illuminate/Foundation/Console/Kernel->bootstrap()
#9 C:/Users/Sandy/Psikonutrisense/backend/artisan(30): Illuminate/Foundation/Console/Kernel->handle(Object(Symfony/Component/Console/Input/ArgvInput), Object(Symfony/Component/Console/Output/ConsoleOutput))
#10 {main}
"} 
[2026-09-20 09:56:59] laravel.EMERGENCY: Unable to create configured logger. Using emergency logger. {"exception":"[object] (InvalidArgumentException(code: 0): Log [] is not defined. at C:/Users/Sandy/Psikonutrisense/backend/vendor/laravel/framework/src/Illuminate/Log/LogManager.php:212)
[stacktrace]
#0 C:/Users/Sandy/Psikonutrisense/backend/vendor/laravel/framework/src/Illuminate/Log/LogManager.php(137): Illuminate/Log/LogManager->resolve(NULL, NULL)
#1 C:/Users/Sandy/Psikonutrisense/backend/vendor/laravel/framework/src/Illuminate/Log/LogManager.php(124): Illuminate/Log/LogManager->get(NULL)
#2 C:/Users/Sandy/Psikonutrisense/backend/vendor/laravel/framework/src/Illuminate/Log/LogManager.php(681): Illuminate/Log/LogManager->driver()
#3 C:/Users/Sandy/Psikonutrisense/backend/vendor/laravel/framework/src/Illuminate/Foundation/Exceptions/Handler.php(317): Illuminate/Log/LogManager->error('RecursiveDirect...', Array)
#4 C:/Users/Sandy/Psikonutrisense/backend/vendor/laravel/framework/src/Illuminate/Foundation/Exceptions/Handler.php(278): Illuminate/Foundation/Exceptions/Handler->reportThrowable(Object(ValueError))
#5 C:/Users/Sandy/Psikonutrisense/backend/vendor/laravel/framework/src/Illuminate/Foundation/Console/Kernel.php(523): Illuminate/Foundation/Exceptions/Handler->report(Object(ValueError))
#6 C:/Users/Sandy/Psikonutrisense/backend/vendor/laravel/framework/src/Illuminate/Foundation/Console/Kernel.php(203): Illuminate/Foundation/Console/Kernel->reportException(Object(ValueError))
#7 C:/Users/Sandy/Psikonutrisense/backend/artisan(30): Illuminate/Foundation/Console/Kernel->handle(Object(Symfony/Component/Console/Input/ArgvInput), Object(Symfony/Component/Console/Output/ConsoleOutput))
#8 {main}
"} 
[2026-09-20 09:56:59] laravel.ERROR: RecursiveDirectoryIterator::__construct(): Argument #1 ($directory) cannot be empty {"exception":"[object] (ValueError(code: 0): RecursiveDirectoryIterator::__construct(): Argument #1 ($directory) cannot be empty at C:/Users/Sandy/Psikonutrisense/backend/vendor/symfony/finder/Iterator/RecursiveDirectoryIterator.php:43)
[stacktrace]
#0 C:/Users/Sandy/Psikonutrisense/backend/vendor/symfony/finder/Iterator/RecursiveDirectoryIterator.php(43): RecursiveDirectoryIterator->__construct('', 4096)
#1 C:/Users/Sandy/Psikonutrisense/backend/vendor/symfony/finder/Finder.php(792): Symfony/Component/Finder/Iterator/RecursiveDirectoryIterator->__construct('', 4096, false)
#2 C:/Users/Sandy/Psikonutrisense/backend/vendor/symfony/finder/Finder.php(680): Symfony/Component/Finder/Finder->searchInDirectory('')
#3 C:/Users/Sandy/Psikonutrisense/backend/vendor/laravel/framework/src/Illuminate/Foundation/Bootstrap/LoadConfiguration.php(86): Symfony/Component/Finder/Finder->getIterator()
#4 C:/Users/Sandy/Psikonutrisense/backend/vendor/laravel/framework/src/Illuminate/Foundation/Bootstrap/LoadConfiguration.php(63): Illuminate/Foundation/Bootstrap/LoadConfiguration->getConfigurationFiles(Object(Illuminate/Foundation/Application))
#5 C:/Users/Sandy/Psikonutrisense/backend/vendor/laravel/framework/src/Illuminate/Foundation/Bootstrap/LoadConfiguration.php(39): Illuminate/Foundation/Bootstrap/LoadConfiguration->loadConfigurationFiles(Object(Illuminate/Foundation/Application), Object(Illuminate/Config/Repository))
#6 C:/Users/Sandy/Psikonutrisense/backend/vendor/laravel/framework/src/Illuminate/Foundation/Application.php(286): Illuminate/Foundation/Bootstrap/LoadConfiguration->bootstrap(Object(Illuminate/Foundation/Application))
#7 C:/Users/Sandy/Psikonutrisense/backend/vendor/laravel/framework/src/Illuminate/Foundation/Console/Kernel.php(447): Illuminate/Foundation/Application->bootstrapWith(Array)
#8 C:/Users/Sandy/Psikonutrisense/backend/vendor/laravel/framework/src/Illuminate/Foundation/Console/Kernel.php(199): Illuminate/Foundation/Console/Kernel->bootstrap()
#9 C:/Users/Sandy/Psikonutrisense/backend/artisan(30): Illuminate/Foundation/Console/Kernel->handle(Object(Symfony/Component/Console/Input/ArgvInput), Object(Symfony/Component/Console/Output/ConsoleOutput))
#10 {main}
"} 
[2026-09-20 14:59:19] laravel.EMERGENCY: Unable to create configured logger. Using emergency logger. {"exception":"[object] (InvalidArgumentException(code: 0): Log [] is not defined. at C:/Users/Sandy/Psikonutrisense/backend/vendor/laravel/framework/src/Illuminate/Log/LogManager.php:212)
[stacktrace]
#0 C:/Users/Sandy/Psikonutrisense/backend/vendor/laravel/framework/src/Illuminate/Log/LogManager.php(137): Illuminate/Log/LogManager->resolve(NULL, NULL)
#1 C:/Users/Sandy/Psikonutrisense/backend/vendor/laravel/framework/src/Illuminate/Log/LogManager.php(124): Illuminate/Log/LogManager->get(NULL)
#2 C:/Users/Sandy/Psikonutrisense/backend/vendor/laravel/framework/src/Illuminate/Log/LogManager.php(681): Illuminate/Log/LogManager->driver()
#3 C:/Users/Sandy/Psikonutrisense/backend/vendor/laravel/framework/src/Illuminate/Foundation/Exceptions/Handler.php(317): Illuminate/Log/LogManager->error('The C://Users//Sa...', Array)
#4 C:/Users/Sandy/Psikonutrisense/backend/vendor/laravel/framework/src/Illuminate/Foundation/Exceptions/Handler.php(278): Illuminate/Foundation/Exceptions/Handler->reportThrowable(Object(Exception))
#5 C:/Users/Sandy/Psikonutrisense/backend/vendor/laravel/framework/src/Illuminate/Foundation/Console/Kernel.php(523): Illuminate/Foundation/Exceptions/Handler->report(Object(Exception))
#6 C:/Users/Sandy/Psikonutrisense/backend/vendor/laravel/framework/src/Illuminate/Foundation/Console/Kernel.php(203): Illuminate/Foundation/Console/Kernel->reportException(Object(Exception))
#7 C:/Users/Sandy/Psikonutrisense/backend/artisan(30): Illuminate/Foundation/Console/Kernel->handle(Object(Symfony/Component/Console/Input/ArgvInput), Object(Symfony/Component/Console/Output/ConsoleOutput))
#8 {main}
"} 
[2026-09-20 14:59:19] laravel.ERROR: The C:\Users\Sandy\Psikonutrisense\backend\bootstrap\cache directory must be present and writable. {"exception":"[object] (Exception(code: 0): The C:\\Users\\Sandy\\Psikonutrisense\\backend\\bootstrap\\cache directory must be present and writable. at C:/Users/Sandy/Psikonutrisense/backend/vendor/laravel/framework/src/Illuminate/Foundation/PackageManifest.php:178)
[stacktrace]
#0 C:/Users/Sandy/Psikonutrisense/backend/vendor/laravel/framework/src/Illuminate/Foundation/PackageManifest.php(137): Illuminate/Foundation/PackageManifest->write(Array)
#1 C:/Users/Sandy/Psikonutrisense/backend/vendor/laravel/framework/src/Illuminate/Foundation/PackageManifest.php(107): Illuminate/Foundation/PackageManifest->build()
#2 C:/Users/Sandy/Psikonutrisense/backend/vendor/laravel/framework/src/Illuminate/Foundation/PackageManifest.php(90): Illuminate/Foundation/PackageManifest->getManifest()
#3 C:/Users/Sandy/Psikonutrisense/backend/vendor/laravel/framework/src/Illuminate/Foundation/PackageManifest.php(79): Illuminate/Foundation/PackageManifest->config('aliases')
#4 C:/Users/Sandy/Psikonutrisense/backend/vendor/laravel/framework/src/Illuminate/Foundation/Bootstrap/RegisterFacades.php(26): Illuminate/Foundation/PackageManifest->aliases()
#5 C:/Users/Sandy/Psikonutrisense/backend/vendor/laravel/framework/src/Illuminate/Foundation/Application.php(286): Illuminate/Foundation/Bootstrap/RegisterFacades->bootstrap(Object(Illuminate/Foundation/Application))
#6 C:/Users/Sandy/Psikonutrisense/backend/vendor/laravel/framework/src/Illuminate/Foundation/Console/Kernel.php(447): Illuminate/Foundation/Application->bootstrapWith(Array)
#7 C:/Users/Sandy/Psikonutrisense/backend/vendor/laravel/framework/src/Illuminate/Foundation/Console/Kernel.php(199): Illuminate/Foundation/Console/Kernel->bootstrap()
#8 C:/Users/Sandy/Psikonutrisense/backend/artisan(30): Illuminate/Foundation/Console/Kernel->handle(Object(Symfony/Component/Console/Input/ArgvInput), Object(Symfony/Component/Console/Output/ConsoleOutput))
#9 {main}
"} 
[2026-09-20 14:59:50] laravel.EMERGENCY: Unable to create configured logger. Using emergency logger. {"exception":"[object] (InvalidArgumentException(code: 0): Log [] is not defined. at C:/Users/Sandy/Psikonutrisense/backend/vendor/laravel/framework/src/Illuminate/Log/LogManager.php:212)
[stacktrace]
#0 C:/Users/Sandy/Psikonutrisense/backend/vendor/laravel/framework/src/Illuminate/Log/LogManager.php(137): Illuminate/Log/LogManager->resolve(NULL, NULL)
#1 C:/Users/Sandy/Psikonutrisense/backend/vendor/laravel/framework/src/Illuminate/Log/LogManager.php(124): Illuminate/Log/LogManager->get(NULL)
#2 C:/Users/Sandy/Psikonutrisense/backend/vendor/laravel/framework/src/Illuminate/Log/LogManager.php(681): Illuminate/Log/LogManager->driver()
#3 C:/Users/Sandy/Psikonutrisense/backend/vendor/laravel/framework/src/Illuminate/Foundation/Exceptions/Handler.php(317): Illuminate/Log/LogManager->error('Class \"App//Prov...', Array)
#4 C:/Users/Sandy/Psikonutrisense/backend/vendor/laravel/framework/src/Illuminate/Foundation/Exceptions/Handler.php(278): Illuminate/Foundation/Exceptions/Handler->reportThrowable(Object(Error))
#5 C:/Users/Sandy/Psikonutrisense/backend/vendor/laravel/framework/src/Illuminate/Foundation/Console/Kernel.php(523): Illuminate/Foundation/Exceptions/Handler->report(Object(Error))
#6 C:/Users/Sandy/Psikonutrisense/backend/vendor/laravel/framework/src/Illuminate/Foundation/Console/Kernel.php(203): Illuminate/Foundation/Console/Kernel->reportException(Object(Error))
#7 C:/Users/Sandy/Psikonutrisense/backend/artisan(30): Illuminate/Foundation/Console/Kernel->handle(Object(Symfony/Component/Console/Input/ArgvInput), Object(Symfony/Component/Console/Output/ConsoleOutput))
#8 {main}
"} 
[2026-09-20 14:59:50] laravel.ERROR: Class "App\Providers\AppServiceProvider" not found {"exception":"[object] (Error(code: 0): Class \"App\\Providers\\AppServiceProvider\" not found at C:/Users/Sandy/Psikonutrisense/backend/vendor/laravel/framework/src/Illuminate/Foundation/ProviderRepository.php:206)
[stacktrace]
#0 C:/Users/Sandy/Psikonutrisense/backend/vendor/laravel/framework/src/Illuminate/Foundation/ProviderRepository.php(142): Illuminate/Foundation/ProviderRepository->createProvider('App//Providers//A...')
#1 C:/Users/Sandy/Psikonutrisense/backend/vendor/laravel/framework/src/Illuminate/Foundation/ProviderRepository.php(61): Illuminate/Foundation/ProviderRepository->compileManifest(Array)
#2 C:/Users/Sandy/Psikonutrisense/backend/vendor/laravel/framework/src/Illuminate/Foundation/Application.php(794): Illuminate/Foundation/ProviderRepository->load(Array)
#3 C:/Users/Sandy/Psikonutrisense/backend/vendor/laravel/framework/src/Illuminate/Foundation/Bootstrap/RegisterProviders.php(17): Illuminate/Foundation/Application->registerConfiguredProviders()
#4 C:/Users/Sandy/Psikonutrisense/backend/vendor/laravel/framework/src/Illuminate/Foundation/Application.php(286): Illuminate/Foundation/Bootstrap/RegisterProviders->bootstrap(Object(Illuminate/Foundation/Application))
#5 C:/Users/Sandy/Psikonutrisense/backend/vendor/laravel/framework/src/Illuminate/Foundation/Console/Kernel.php(447): Illuminate/Foundation/Application->bootstrapWith(Array)
#6 C:/Users/Sandy/Psikonutrisense/backend/vendor/laravel/framework/src/Illuminate/Foundation/Console/Kernel.php(199): Illuminate/Foundation/Console/Kernel->bootstrap()
#7 C:/Users/Sandy/Psikonutrisense/backend/artisan(30): Illuminate/Foundation/Console/Kernel->handle(Object(Symfony/Component/Console/Input/ArgvInput), Object(Symfony/Component/Console/Output/ConsoleOutput))
#8 {main}
"} 
[2026-09-20 15:00:59] laravel.EMERGENCY: Unable to create configured logger. Using emergency logger. {"exception":"[object] (InvalidArgumentException(code: 0): Log [] is not defined. at C:/Users/Sandy/Psikonutrisense/backend/vendor/laravel/framework/src/Illuminate/Log/LogManager.php:212)
[stacktrace]
#0 C:/Users/Sandy/Psikonutrisense/backend/vendor/laravel/framework/src/Illuminate/Log/LogManager.php(137): Illuminate/Log/LogManager->resolve(NULL, NULL)
#1 C:/Users/Sandy/Psikonutrisense/backend/vendor/laravel/framework/src/Illuminate/Log/LogManager.php(124): Illuminate/Log/LogManager->get(NULL)
#2 C:/Users/Sandy/Psikonutrisense/backend/vendor/laravel/framework/src/Illuminate/Log/LogManager.php(681): Illuminate/Log/LogManager->driver()
#3 C:/Users/Sandy/Psikonutrisense/backend/vendor/laravel/framework/src/Illuminate/Foundation/Exceptions/Handler.php(317): Illuminate/Log/LogManager->error('Class \"App//Http...', Array)
#4 C:/Users/Sandy/Psikonutrisense/backend/vendor/laravel/framework/src/Illuminate/Foundation/Exceptions/Handler.php(278): Illuminate/Foundation/Exceptions/Handler->reportThrowable(Object(Error))
#5 C:/Users/Sandy/Psikonutrisense/backend/vendor/nunomaduro/collision/src/Adapters/Laravel/ExceptionHandler.php(46): Illuminate/Foundation/Exceptions/Handler->report(Object(Error))
#6 C:/Users/Sandy/Psikonutrisense/backend/vendor/laravel/framework/src/Illuminate/Foundation/Console/Kernel.php(523): NunoMaduro/Collision/Adapters/Laravel/ExceptionHandler->report(Object(Error))
#7 C:/Users/Sandy/Psikonutrisense/backend/vendor/laravel/framework/src/Illuminate/Foundation/Console/Kernel.php(203): Illuminate/Foundation/Console/Kernel->reportException(Object(Error))
#8 C:/Users/Sandy/Psikonutrisense/backend/artisan(30): Illuminate/Foundation/Console/Kernel->handle(Object(Symfony/Component/Console/Input/ArgvInput), Object(Symfony/Component/Console/Output/ConsoleOutput))
#9 {main}
"} 
[2026-09-20 15:00:59] laravel.ERROR: Class "App\Http\Controllers\Controller" not found {"exception":"[object] (Error(code: 0): Class \"App\\Http\\Controllers\\Controller\" not found at C:/Users/Sandy/Psikonutrisense/backend/app/Http/Controllers/AuthController.php:10)
[stacktrace]
#0 C:/Users/Sandy/Psikonutrisense/backend/vendor/composer/ClassLoader.php(576): include()
#1 C:/Users/Sandy/Psikonutrisense/backend/vendor/composer/ClassLoader.php(427): Composer/Autoload/{closure}('C://Users//Sandy//...')
#2 [internal function]: Composer/Autoload/ClassLoader->loadClass('App//Http//Contro...')
#3 C:/Users/Sandy/Psikonutrisense/backend/vendor/laravel/framework/src/Illuminate/Routing/Route.php(1096): is_a('App//Http//Contro...', 'Illuminate//Rout...', true)
#4 C:/Users/Sandy/Psikonutrisense/backend/vendor/laravel/framework/src/Illuminate/Routing/Route.php(1035): Illuminate/Routing/Route->controllerMiddleware()
#5 C:/Users/Sandy/Psikonutrisense/backend/vendor/laravel/framework/src/Illuminate/Routing/Router.php(818): Illuminate/Routing/Route->gatherMiddleware()
#6 C:/Users/Sandy/Psikonutrisense/backend/vendor/laravel/framework/src/Illuminate/Foundation/Console/RouteListCommand.php(201): Illuminate/Routing/Router->gatherRouteMiddleware(Object(Illuminate/Routing/Route))
#7 C:/Users/Sandy/Psikonutrisense/backend/vendor/laravel/framework/src/Illuminate/Foundation/Console/RouteListCommand.php(146): Illuminate/Foundation/Console/RouteListCommand->getMiddleware(Object(Illuminate/Routing/Route))
#8 C:/Users/Sandy/Psikonutrisense/backend/vendor/laravel/framework/src/Illuminate/Foundation/Console/RouteListCommand.php(116): Illuminate/Foundation/Console/RouteListCommand->getRouteInformation(Object(Illuminate/Routing/Route))
#9 [internal function]: Illuminate/Foundation/Console/RouteListCommand->Illuminate/Foundation/Console/{closure}(Object(Illuminate/Routing/Route), 4)
#10 C:/Users/Sandy/Psikonutrisense/backend/vendor/laravel/framework/src/Illuminate/Collections/Arr.php(600): array_map(Object(Closure), Array, Array)
#11 C:/Users/Sandy/Psikonutrisense/backend/vendor/laravel/framework/src/Illuminate/Collections/Collection.php(778): Illuminate/Support/Arr::map(Array, Object(Closure))
#12 C:/Users/Sandy/Psikonutrisense/backend/vendor/laravel/framework/src/Illuminate/Foundation/Console/RouteListCommand.php(117): Illuminate/Support/Collection->map(Object(Closure))
#13 C:/Users/Sandy/Psikonutrisense/backend/vendor/laravel/framework/src/Illuminate/Foundation/Console/RouteListCommand.php(101): Illuminate/Foundation/Console/RouteListCommand->getRoutes()
#14 C:/Users/Sandy/Psikonutrisense/backend/vendor/laravel/framework/src/Illuminate/Container/BoundMethod.php(36): Illuminate/Foundation/Console/RouteListCommand->handle()
#15 C:/Users/Sandy/Psikonutrisense/backend/vendor/laravel/framework/src/Illuminate/Container/Util.php(41): Illuminate/Container/BoundMethod::Illuminate/Container/{closure}()
#16 C:/Users/Sandy/Psikonutrisense/backend/vendor/laravel/framework/src/Illuminate/Container/BoundMethod.php(93): Illuminate/Container/Util::unwrapIfClosure(Object(Closure))
#17 C:/Users/Sandy/Psikonutrisense/backend/vendor/laravel/framework/src/Illuminate/Container/BoundMethod.php(37): Illuminate/Container/BoundMethod::callBoundMethod(Object(Illuminate/Foundation/Application), Array, Object(Closure))
#18 C:/Users/Sandy/Psikonutrisense/backend/vendor/laravel/framework/src/Illuminate/Container/Container.php(662): Illuminate/Container/BoundMethod::call(Object(Illuminate/Foundation/Application), Array, Array, NULL)
#19 C:/Users/Sandy/Psikonutrisense/backend/vendor/laravel/framework/src/Illuminate/Console/Command.php(211): Illuminate/Container/Container->call(Array)
#20 C:/Users/Sandy/Psikonutrisense/backend/vendor/symfony/console/Command/Command.php(326): Illuminate/Console/Command->execute(Object(Symfony/Component/Console/Input/ArgvInput), Object(Illuminate/Console/OutputStyle))
#21 C:/Users/Sandy/Psikonutrisense/backend/vendor/laravel/framework/src/Illuminate/Console/Command.php(181): Symfony/Component/Console/Command/Command->run(Object(Symfony/Component/Console/Input/ArgvInput), Object(Illuminate/Console/OutputStyle))
#22 C:/Users/Sandy/Psikonutrisense/backend/vendor/symfony/console/Application.php(1121): Illuminate/Console/Command->run(Object(Symfony/Component/Console/Input/ArgvInput), Object(Symfony/Component/Console/Output/ConsoleOutput))
#23 C:/Users/Sandy/Psikonutrisense/backend/vendor/symfony/console/Application.php(324): Symfony/Component/Console/Application->doRunCommand(Object(Illuminate/Foundation/Console/RouteListCommand), Object(Symfony/Component/Console/Input/ArgvInput), Object(Symfony/Component/Console/Output/ConsoleOutput))
#24 C:/Users/Sandy/Psikonutrisense/backend/vendor/symfony/console/Application.php(175): Symfony/Component/Console/Application->doRun(Object(Symfony/Component/Console/Input/ArgvInput), Object(Symfony/Component/Console/Output/ConsoleOutput))
#25 C:/Users/Sandy/Psikonutrisense/backend/vendor/laravel/framework/src/Illuminate/Foundation/Console/Kernel.php(201): Symfony/Component/Console/Application->run(Object(Symfony/Component/Console/Input/ArgvInput), Object(Symfony/Component/Console/Output/ConsoleOutput))
#26 C:/Users/Sandy/Psikonutrisense/backend/artisan(30): Illuminate/Foundation/Console/Kernel->handle(Object(Symfony/Component/Console/Input/ArgvInput), Object(Symfony/Component/Console/Output/ConsoleOutput))
#27 {main}
"} 
[2026-09-20 15:01:43] laravel.EMERGENCY: Unable to create configured logger. Using emergency logger. {"exception":"[object] (InvalidArgumentException(code: 0): Log [] is not defined. at C:/Users/Sandy/Psikonutrisense/backend/vendor/laravel/framework/src/Illuminate/Log/LogManager.php:212)
[stacktrace]
#0 C:/Users/Sandy/Psikonutrisense/backend/vendor/laravel/framework/src/Illuminate/Log/LogManager.php(137): Illuminate/Log/LogManager->resolve(NULL, NULL)
#1 C:/Users/Sandy/Psikonutrisense/backend/vendor/laravel/framework/src/Illuminate/Log/LogManager.php(124): Illuminate/Log/LogManager->get(NULL)
#2 C:/Users/Sandy/Psikonutrisense/backend/vendor/laravel/framework/src/Illuminate/Log/LogManager.php(681): Illuminate/Log/LogManager->driver()
#3 C:/Users/Sandy/Psikonutrisense/backend/vendor/laravel/framework/src/Illuminate/Foundation/Exceptions/Handler.php(317): Illuminate/Log/LogManager->error('The provided cw...', Array)
#4 C:/Users/Sandy/Psikonutrisense/backend/vendor/laravel/framework/src/Illuminate/Foundation/Exceptions/Handler.php(278): Illuminate/Foundation/Exceptions/Handler->reportThrowable(Object(Symfony/Component/Process/Exception/RuntimeException))
#5 C:/Users/Sandy/Psikonutrisense/backend/vendor/nunomaduro/collision/src/Adapters/Laravel/ExceptionHandler.php(46): Illuminate/Foundation/Exceptions/Handler->report(Object(Symfony/Component/Process/Exception/RuntimeException))
#6 C:/Users/Sandy/Psikonutrisense/backend/vendor/laravel/framework/src/Illuminate/Foundation/Console/Kernel.php(523): NunoMaduro/Collision/Adapters/Laravel/ExceptionHandler->report(Object(Symfony/Component/Process/Exception/RuntimeException))
#7 C:/Users/Sandy/Psikonutrisense/backend/vendor/laravel/framework/src/Illuminate/Foundation/Console/Kernel.php(203): Illuminate/Foundation/Console/Kernel->reportException(Object(Symfony/Component/Process/Exception/RuntimeException))
#8 C:/Users/Sandy/Psikonutrisense/backend/artisan(30): Illuminate/Foundation/Console/Kernel->handle(Object(Symfony/Component/Console/Input/ArgvInput), Object(Symfony/Component/Console/Output/ConsoleOutput))
#9 {main}
"} 
[2026-09-20 15:01:43] laravel.ERROR: The provided cwd "C:\Users\Sandy\Psikonutrisense\backend\public" does not exist. {"exception":"[object] (Symfony\\Component\\Process\\Exception\\RuntimeException(code: 0): The provided cwd \"C:\\Users\\Sandy\\Psikonutrisense\\backend\\public\" does not exist. at C:/Users/Sandy/Psikonutrisense/backend/vendor/symfony/process/Process.php:346)
[stacktrace]
#0 C:/Users/Sandy/Psikonutrisense/backend/vendor/laravel/framework/src/Illuminate/Foundation/Console/ServeCommand.php(154): Symfony/Component/Process/Process->start(Object(Closure))
#1 C:/Users/Sandy/Psikonutrisense/backend/vendor/laravel/framework/src/Illuminate/Foundation/Console/ServeCommand.php(93): Illuminate/Foundation/Console/ServeCommand->startProcess(true)
#2 C:/Users/Sandy/Psikonutrisense/backend/vendor/laravel/framework/src/Illuminate/Container/BoundMethod.php(36): Illuminate/Foundation/Console/ServeCommand->handle()
#3 C:/Users/Sandy/Psikonutrisense/backend/vendor/laravel/framework/src/Illuminate/Container/Util.php(41): Illuminate/Container/BoundMethod::Illuminate/Container/{closure}()
#4 C:/Users/Sandy/Psikonutrisense/backend/vendor/laravel/framework/src/Illuminate/Container/BoundMethod.php(93): Illuminate/Container/Util::unwrapIfClosure(Object(Closure))
#5 C:/Users/Sandy/Psikonutrisense/backend/vendor/laravel/framework/src/Illuminate/Container/BoundMethod.php(37): Illuminate/Container/BoundMethod::callBoundMethod(Object(Illuminate/Foundation/Application), Array, Object(Closure))
#6 C:/Users/Sandy/Psikonutrisense/backend/vendor/laravel/framework/src/Illuminate/Container/Container.php(662): Illuminate/Container/BoundMethod::call(Object(Illuminate/Foundation/Application), Array, Array, NULL)
#7 C:/Users/Sandy/Psikonutrisense/backend/vendor/laravel/framework/src/Illuminate/Console/Command.php(211): Illuminate/Container/Container->call(Array)
#8 C:/Users/Sandy/Psikonutrisense/backend/vendor/symfony/console/Command/Command.php(326): Illuminate/Console/Command->execute(Object(Symfony/Component/Console/Input/ArgvInput), Object(Illuminate/Console/OutputStyle))
#9 C:/Users/Sandy/Psikonutrisense/backend/vendor/laravel/framework/src/Illuminate/Console/Command.php(181): Symfony/Component/Console/Command/Command->run(Object(Symfony/Component/Console/Input/ArgvInput), Object(Illuminate/Console/OutputStyle))
#10 C:/Users/Sandy/Psikonutrisense/backend/vendor/symfony/console/Application.php(1121): Illuminate/Console/Command->run(Object(Symfony/Component/Console/Input/ArgvInput), Object(Symfony/Component/Console/Output/ConsoleOutput))
#11 C:/Users/Sandy/Psikonutrisense/backend/vendor/symfony/console/Application.php(324): Symfony/Component/Console/Application->doRunCommand(Object(Illuminate/Foundation/Console/ServeCommand), Object(Symfony/Component/Console/Input/ArgvInput), Object(Symfony/Component/Console/Output/ConsoleOutput))
#12 C:/Users/Sandy/Psikonutrisense/backend/vendor/symfony/console/Application.php(175): Symfony/Component/Console/Application->doRun(Object(Symfony/Component/Console/Input/ArgvInput), Object(Symfony/Component/Console/Output/ConsoleOutput))
#13 C:/Users/Sandy/Psikonutrisense/backend/vendor/laravel/framework/src/Illuminate/Foundation/Console/Kernel.php(201): Symfony/Component/Console/Application->run(Object(Symfony/Component/Console/Input/ArgvInput), Object(Symfony/Component/Console/Output/ConsoleOutput))
#14 C:/Users/Sandy/Psikonutrisense/backend/artisan(30): Illuminate/Foundation/Console/Kernel->handle(Object(Symfony/Component/Console/Input/ArgvInput), Object(Symfony/Component/Console/Output/ConsoleOutput))
#15 {main}
"} 
[2026-09-20 15:02:33] laravel.EMERGENCY: Unable to create configured logger. Using emergency logger. {"exception":"[object] (InvalidArgumentException(code: 0): Log [] is not defined. at C:/Users/Sandy/Psikonutrisense/backend/vendor/laravel/framework/src/Illuminate/Log/LogManager.php:212)
[stacktrace]
#0 C:/Users/Sandy/Psikonutrisense/backend/vendor/laravel/framework/src/Illuminate/Log/LogManager.php(137): Illuminate/Log/LogManager->resolve(NULL, NULL)
#1 C:/Users/Sandy/Psikonutrisense/backend/vendor/laravel/framework/src/Illuminate/Log/LogManager.php(124): Illuminate/Log/LogManager->get(NULL)
#2 C:/Users/Sandy/Psikonutrisense/backend/vendor/laravel/framework/src/Illuminate/Log/LogManager.php(681): Illuminate/Log/LogManager->driver()
#3 C:/Users/Sandy/Psikonutrisense/backend/vendor/laravel/framework/src/Illuminate/Foundation/Exceptions/Handler.php(317): Illuminate/Log/LogManager->error('Illuminate//View...', Array)
#4 C:/Users/Sandy/Psikonutrisense/backend/vendor/laravel/framework/src/Illuminate/Foundation/Exceptions/Handler.php(278): Illuminate/Foundation/Exceptions/Handler->reportThrowable(Object(TypeError))
#5 C:/Users/Sandy/Psikonutrisense/backend/vendor/laravel/framework/src/Illuminate/Routing/Pipeline.php(49): Illuminate/Foundation/Exceptions/Handler->report(Object(TypeError))
#6 C:/Users/Sandy/Psikonutrisense/backend/vendor/laravel/framework/src/Illuminate/Pipeline/Pipeline.php(146): Illuminate/Routing/Pipeline->handleException(Object(Illuminate/Http/Request), Object(TypeError))
#7 C:/Users/Sandy/Psikonutrisense/backend/vendor/laravel/framework/src/Illuminate/Routing/Middleware/SubstituteBindings.php(50): Illuminate/Pipeline/Pipeline->Illuminate/Pipeline/{closure}(Object(Illuminate/Http/Request))
#8 C:/Users/Sandy/Psikonutrisense/backend/vendor/laravel/framework/src/Illuminate/Pipeline/Pipeline.php(183): Illuminate/Routing/Middleware/SubstituteBindings->handle(Object(Illuminate/Http/Request), Object(Closure))
#9 C:/Users/Sandy/Psikonutrisense/backend/vendor/laravel/framework/src/Illuminate/Pipeline/Pipeline.php(119): Illuminate/Pipeline/Pipeline->Illuminate/Pipeline/{closure}(Object(Illuminate/Http/Request))
#10 C:/Users/Sandy/Psikonutrisense/backend/vendor/laravel/framework/src/Illuminate/Routing/Router.php(807): Illuminate/Pipeline/Pipeline->then(Object(Closure))
#11 C:/Users/Sandy/Psikonutrisense/backend/vendor/laravel/framework/src/Illuminate/Routing/Router.php(784): Illuminate/Routing/Router->runRouteWithinStack(Object(Illuminate/Routing/Route), Object(Illuminate/Http/Request))
#12 C:/Users/Sandy/Psikonutrisense/backend/vendor/laravel/framework/src/Illuminate/Routing/Router.php(748): Illuminate/Routing/Router->runRoute(Object(Illuminate/Http/Request), Object(Illuminate/Routing/Route))
#13 C:/Users/Sandy/Psikonutrisense/backend/vendor/laravel/framework/src/Illuminate/Routing/Router.php(737): Illuminate/Routing/Router->dispatchToRoute(Object(Illuminate/Http/Request))
#14 C:/Users/Sandy/Psikonutrisense/backend/vendor/laravel/framework/src/Illuminate/Foundation/Http/Kernel.php(200): Illuminate/Routing/Router->dispatch(Object(Illuminate/Http/Request))
#15 C:/Users/Sandy/Psikonutrisense/backend/vendor/laravel/framework/src/Illuminate/Pipeline/Pipeline.php(144): Illuminate/Foundation/Http/Kernel->Illuminate/Foundation/Http/{closure}(Object(Illuminate/Http/Request))
#16 C:/Users/Sandy/Psikonutrisense/backend/vendor/laravel/framework/src/Illuminate/Foundation/Http/Middleware/TransformsRequest.php(21): Illuminate/Pipeline/Pipeline->Illuminate/Pipeline/{closure}(Object(Illuminate/Http/Request))
#17 C:/Users/Sandy/Psikonutrisense/backend/vendor/laravel/framework/src/Illuminate/Foundation/Http/Middleware/ConvertEmptyStringsToNull.php(31): Illuminate/Foundation/Http/Middleware/TransformsRequest->handle(Object(Illuminate/Http/Request), Object(Closure))
#18 C:/Users/Sandy/Psikonutrisense/backend/vendor/laravel/framework/src/Illuminate/Pipeline/Pipeline.php(183): Illuminate/Foundation/Http/Middleware/ConvertEmptyStringsToNull->handle(Object(Illuminate/Http/Request), Object(Closure))
#19 C:/Users/Sandy/Psikonutrisense/backend/vendor/laravel/framework/src/Illuminate/Foundation/Http/Middleware/ValidatePostSize.php(27): Illuminate/Pipeline/Pipeline->Illuminate/Pipeline/{closure}(Object(Illuminate/Http/Request))
#20 C:/Users/Sandy/Psikonutrisense/backend/vendor/laravel/framework/src/Illuminate/Pipeline/Pipeline.php(183): Illuminate/Foundation/Http/Middleware/ValidatePostSize->handle(Object(Illuminate/Http/Request), Object(Closure))
#21 C:/Users/Sandy/Psikonutrisense/backend/vendor/laravel/framework/src/Illuminate/Pipeline/Pipeline.php(119): Illuminate/Pipeline/Pipeline->Illuminate/Pipeline/{closure}(Object(Illuminate/Http/Request))
#22 C:/Users/Sandy/Psikonutrisense/backend/vendor/laravel/framework/src/Illuminate/Foundation/Http/Kernel.php(175): Illuminate/Pipeline/Pipeline->then(Object(Closure))
#23 C:/Users/Sandy/Psikonutrisense/backend/vendor/laravel/framework/src/Illuminate/Foundation/Http/Kernel.php(144): Illuminate/Foundation/Http/Kernel->sendRequestThroughRouter(Object(Illuminate/Http/Request))
#24 C:/Users/Sandy/Psikonutrisense/backend/public/index.php(19): Illuminate/Foundation/Http/Kernel->handle(Object(Illuminate/Http/Request))
#25 C:/Users/Sandy/Psikonutrisense/backend/vendor/laravel/framework/src/Illuminate/Foundation/resources/server.php(16): require_once('C://Users//Sandy//...')
#26 {main}
"} 
[2026-09-20 15:02:33] laravel.ERROR: Illuminate\View\FileViewFinder::__construct(): Argument #2 ($paths) must be of type array, null given, called in C:\Users\Sandy\Psikonutrisense\backend\vendor\laravel\framework\src\Illuminate\View\ViewServiceProvider.php on line 85 {"exception":"[object] (TypeError(code: 0): Illuminate\\View\\FileViewFinder::__construct(): Argument #2 ($paths) must be of type array, null given, called in C:\\Users\\Sandy\\Psikonutrisense\\backend\\vendor\\laravel\\framework\\src\\Illuminate\\View\\ViewServiceProvider.php on line 85 at C:/Users/Sandy/Psikonutrisense/backend/vendor/laravel/framework/src/Illuminate/View/FileViewFinder.php:53)
[stacktrace]
#0 C:/Users/Sandy/Psikonutrisense/backend/vendor/laravel/framework/src/Illuminate/View/ViewServiceProvider.php(85): Illuminate/View/FileViewFinder->__construct(Object(Illuminate/Filesystem/Filesystem), NULL)
#1 C:/Users/Sandy/Psikonutrisense/backend/vendor/laravel/framework/src/Illuminate/Container/Container.php(908): Illuminate/View/ViewServiceProvider->Illuminate/View/{closure}(Object(Illuminate/Foundation/Application), Array)
#2 C:/Users/Sandy/Psikonutrisense/backend/vendor/laravel/framework/src/Illuminate/Container/Container.php(795): Illuminate/Container/Container->build(Object(Closure))
#3 C:/Users/Sandy/Psikonutrisense/backend/vendor/laravel/framework/src/Illuminate/Foundation/Application.php(986): Illuminate/Container/Container->resolve('view.finder', Array, true)
#4 C:/Users/Sandy/Psikonutrisense/backend/vendor/laravel/framework/src/Illuminate/Container/Container.php(731): Illuminate/Foundation/Application->resolve('view.finder', Array)
#5 C:/Users/Sandy/Psikonutrisense/backend/vendor/laravel/framework/src/Illuminate/Foundation/Application.php(971): Illuminate/Container/Container->make('view.finder', Array)
#6 C:/Users/Sandy/Psikonutrisense/backend/vendor/laravel/framework/src/Illuminate/Container/Container.php(1454): Illuminate/Foundation/Application->make('view.finder')
#7 C:/Users/Sandy/Psikonutrisense/backend/vendor/laravel/framework/src/Illuminate/View/ViewServiceProvider.php(45): Illuminate/Container/Container->offsetGet('view.finder')
#8 C:/Users/Sandy/Psikonutrisense/backend/vendor/laravel/framework/src/Illuminate/Container/Container.php(908): Illuminate/View/ViewServiceProvider->Illuminate/View/{closure}(Object(Illuminate/Foundation/Application), Array)
#9 C:/Users/Sandy/Psikonutrisense/backend/vendor/laravel/framework/src/Illuminate/Container/Container.php(795): Illuminate/Container/Container->build(Object(Closure))
#10 C:/Users/Sandy/Psikonutrisense/backend/vendor/laravel/framework/src/Illuminate/Foundation/Application.php(986): Illuminate/Container/Container->resolve('view', Array, true)
#11 C:/Users/Sandy/Psikonutrisense/backend/vendor/laravel/framework/src/Illuminate/Container/Container.php(731): Illuminate/Foundation/Application->resolve('view', Array)
#12 C:/Users/Sandy/Psikonutrisense/backend/vendor/laravel/framework/src/Illuminate/Foundation/Application.php(971): Illuminate/Container/Container->make('view', Array)
#13 C:/Users/Sandy/Psikonutrisense/backend/vendor/laravel/framework/src/Illuminate/Container/Container.php(1454): Illuminate/Foundation/Application->make('view')
#14 C:/Users/Sandy/Psikonutrisense/backend/vendor/laravel/framework/src/Illuminate/Routing/RoutingServiceProvider.php(182): Illuminate/Container/Container->offsetGet('Illuminate//Cont...')
#15 C:/Users/Sandy/Psikonutrisense/backend/vendor/laravel/framework/src/Illuminate/Container/Container.php(908): Illuminate/Routing/RoutingServiceProvider->Illuminate/Routing/{closure}(Object(Illuminate/Foundation/Application), Array)
#16 C:/Users/Sandy/Psikonutrisense/backend/vendor/laravel/framework/src/Illuminate/Container/Container.php(795): Illuminate/Container/Container->build(Object(Closure))
#17 C:/Users/Sandy/Psikonutrisense/backend/vendor/laravel/framework/src/Illuminate/Foundation/Application.php(986): Illuminate/Container/Container->resolve('Illuminate//Cont...', Array, true)
#18 C:/Users/Sandy/Psikonutrisense/backend/vendor/laravel/framework/src/Illuminate/Container/Container.php(731): Illuminate/Foundation/Application->resolve('Illuminate//Cont...', Array)
#19 C:/Users/Sandy/Psikonutrisense/backend/vendor/laravel/framework/src/Illuminate/Foundation/Application.php(971): Illuminate/Container/Container->make('Illuminate//Cont...', Array)
#20 C:/Users/Sandy/Psikonutrisense/backend/vendor/laravel/framework/src/Illuminate/Foundation/helpers.php(120): Illuminate/Foundation/Application->make('Illuminate//Cont...', Array)
#21 C:/Users/Sandy/Psikonutrisense/backend/vendor/laravel/framework/src/Illuminate/Foundation/helpers.php(790): app('Illuminate//Cont...')
#22 C:/Users/Sandy/Psikonutrisense/backend/app/Http/Controllers/AuthController.php(31): response()
#23 C:/Users/Sandy/Psikonutrisense/backend/vendor/laravel/framework/src/Illuminate/Routing/Controller.php(54): App/Http/Controllers/AuthController->register(Object(Illuminate/Http/Request))
#24 C:/Users/Sandy/Psikonutrisense/backend/vendor/laravel/framework/src/Illuminate/Routing/ControllerDispatcher.php(43): Illuminate/Routing/Controller->callAction('register', Array)
#25 C:/Users/Sandy/Psikonutrisense/backend/vendor/laravel/framework/src/Illuminate/Routing/Route.php(260): Illuminate/Routing/ControllerDispatcher->dispatch(Object(Illuminate/Routing/Route), Object(App/Http/Controllers/AuthController), 'register')
#26 C:/Users/Sandy/Psikonutrisense/backend/vendor/laravel/framework/src/Illuminate/Routing/Route.php(205): Illuminate/Routing/Route->runController()
#27 C:/Users/Sandy/Psikonutrisense/backend/vendor/laravel/framework/src/Illuminate/Routing/Router.php(806): Illuminate/Routing/Route->run()
#28 C:/Users/Sandy/Psikonutrisense/backend/vendor/laravel/framework/src/Illuminate/Pipeline/Pipeline.php(144): Illuminate/Routing/Router->Illuminate/Routing/{closure}(Object(Illuminate/Http/Request))
#29 C:/Users/Sandy/Psikonutrisense/backend/vendor/laravel/framework/src/Illuminate/Routing/Middleware/SubstituteBindings.php(50): Illuminate/Pipeline/Pipeline->Illuminate/Pipeline/{closure}(Object(Illuminate/Http/Request))
#30 C:/Users/Sandy/Psikonutrisense/backend/vendor/laravel/framework/src/Illuminate/Pipeline/Pipeline.php(183): Illuminate/Routing/Middleware/SubstituteBindings->handle(Object(Illuminate/Http/Request), Object(Closure))
#31 C:/Users/Sandy/Psikonutrisense/backend/vendor/laravel/framework/src/Illuminate/Pipeline/Pipeline.php(119): Illuminate/Pipeline/Pipeline->Illuminate/Pipeline/{closure}(Object(Illuminate/Http/Request))
#32 C:/Users/Sandy/Psikonutrisense/backend/vendor/laravel/framework/src/Illuminate/Routing/Router.php(807): Illuminate/Pipeline/Pipeline->then(Object(Closure))
#33 C:/Users/Sandy/Psikonutrisense/backend/vendor/laravel/framework/src/Illuminate/Routing/Router.php(784): Illuminate/Routing/Router->runRouteWithinStack(Object(Illuminate/Routing/Route), Object(Illuminate/Http/Request))
#34 C:/Users/Sandy/Psikonutrisense/backend/vendor/laravel/framework/src/Illuminate/Routing/Router.php(748): Illuminate/Routing/Router->runRoute(Object(Illuminate/Http/Request), Object(Illuminate/Routing/Route))
#35 C:/Users/Sandy/Psikonutrisense/backend/vendor/laravel/framework/src/Illuminate/Routing/Router.php(737): Illuminate/Routing/Router->dispatchToRoute(Object(Illuminate/Http/Request))
#36 C:/Users/Sandy/Psikonutrisense/backend/vendor/laravel/framework/src/Illuminate/Foundation/Http/Kernel.php(200): Illuminate/Routing/Router->dispatch(Object(Illuminate/Http/Request))
#37 C:/Users/Sandy/Psikonutrisense/backend/vendor/laravel/framework/src/Illuminate/Pipeline/Pipeline.php(144): Illuminate/Foundation/Http/Kernel->Illuminate/Foundation/Http/{closure}(Object(Illuminate/Http/Request))
#38 C:/Users/Sandy/Psikonutrisense/backend/vendor/laravel/framework/src/Illuminate/Foundation/Http/Middleware/TransformsRequest.php(21): Illuminate/Pipeline/Pipeline->Illuminate/Pipeline/{closure}(Object(Illuminate/Http/Request))
#39 C:/Users/Sandy/Psikonutrisense/backend/vendor/laravel/framework/src/Illuminate/Foundation/Http/Middleware/ConvertEmptyStringsToNull.php(31): Illuminate/Foundation/Http/Middleware/TransformsRequest->handle(Object(Illuminate/Http/Request), Object(Closure))
#40 C:/Users/Sandy/Psikonutrisense/backend/vendor/laravel/framework/src/Illuminate/Pipeline/Pipeline.php(183): Illuminate/Foundation/Http/Middleware/ConvertEmptyStringsToNull->handle(Object(Illuminate/Http/Request), Object(Closure))
#41 C:/Users/Sandy/Psikonutrisense/backend/vendor/laravel/framework/src/Illuminate/Foundation/Http/Middleware/ValidatePostSize.php(27): Illuminate/Pipeline/Pipeline->Illuminate/Pipeline/{closure}(Object(Illuminate/Http/Request))
#42 C:/Users/Sandy/Psikonutrisense/backend/vendor/laravel/framework/src/Illuminate/Pipeline/Pipeline.php(183): Illuminate/Foundation/Http/Middleware/ValidatePostSize->handle(Object(Illuminate/Http/Request), Object(Closure))
#43 C:/Users/Sandy/Psikonutrisense/backend/vendor/laravel/framework/src/Illuminate/Pipeline/Pipeline.php(119): Illuminate/Pipeline/Pipeline->Illuminate/Pipeline/{closure}(Object(Illuminate/Http/Request))
#44 C:/Users/Sandy/Psikonutrisense/backend/vendor/laravel/framework/src/Illuminate/Foundation/Http/Kernel.php(175): Illuminate/Pipeline/Pipeline->then(Object(Closure))
#45 C:/Users/Sandy/Psikonutrisense/backend/vendor/laravel/framework/src/Illuminate/Foundation/Http/Kernel.php(144): Illuminate/Foundation/Http/Kernel->sendRequestThroughRouter(Object(Illuminate/Http/Request))
#46 C:/Users/Sandy/Psikonutrisense/backend/public/index.php(19): Illuminate/Foundation/Http/Kernel->handle(Object(Illuminate/Http/Request))
#47 C:/Users/Sandy/Psikonutrisense/backend/vendor/laravel/framework/src/Illuminate/Foundation/resources/server.php(16): require_once('C://Users//Sandy//...')
#48 {main}
"} 
[2026-09-20 15:03:26] local.ERROR: Unable to resolve NULL driver for [Illuminate\Session\SessionManager]. {"exception":"[object] (InvalidArgumentException(code: 0): Unable to resolve NULL driver for [Illuminate\\Session\\SessionManager]. at C:/Users/Sandy/Psikonutrisense/backend/vendor/laravel/framework/src/Illuminate/Support/Manager.php:71)
[stacktrace]
#0 C:/Users/Sandy/Psikonutrisense/backend/vendor/laravel/framework/src/Illuminate/Session/SessionServiceProvider.php(52): Illuminate/Support/Manager->driver()
#1 C:/Users/Sandy/Psikonutrisense/backend/vendor/laravel/framework/src/Illuminate/Container/Container.php(908): Illuminate/Session/SessionServiceProvider->Illuminate/Session/{closure}(Object(Illuminate/Foundation/Application), Array)
#2 C:/Users/Sandy/Psikonutrisense/backend/vendor/laravel/framework/src/Illuminate/Container/Container.php(795): Illuminate/Container/Container->build(Object(Closure))
#3 C:/Users/Sandy/Psikonutrisense/backend/vendor/laravel/framework/src/Illuminate/Foundation/Application.php(986): Illuminate/Container/Container->resolve('session.store', Array, true)
#4 C:/Users/Sandy/Psikonutrisense/backend/vendor/laravel/framework/src/Illuminate/Container/Container.php(731): Illuminate/Foundation/Application->resolve('session.store', Array)
#5 C:/Users/Sandy/Psikonutrisense/backend/vendor/laravel/framework/src/Illuminate/Foundation/Application.php(971): Illuminate/Container/Container->make('session.store', Array)
#6 C:/Users/Sandy/Psikonutrisense/backend/vendor/laravel/framework/src/Illuminate/Container/Container.php(1454): Illuminate/Foundation/Application->make('session.store')
#7 C:/Users/Sandy/Psikonutrisense/backend/vendor/laravel/framework/src/Illuminate/Routing/RoutingServiceProvider.php(120): Illuminate/Container/Container->offsetGet('session.store')
#8 C:/Users/Sandy/Psikonutrisense/backend/vendor/laravel/framework/src/Illuminate/Container/Container.php(908): Illuminate/Routing/RoutingServiceProvider->Illuminate/Routing/{closure}(Object(Illuminate/Foundation/Application), Array)
#9 C:/Users/Sandy/Psikonutrisense/backend/vendor/laravel/framework/src/Illuminate/Container/Container.php(795): Illuminate/Container/Container->build(Object(Closure))
#10 C:/Users/Sandy/Psikonutrisense/backend/vendor/laravel/framework/src/Illuminate/Foundation/Application.php(986): Illuminate/Container/Container->resolve('redirect', Array, true)
#11 C:/Users/Sandy/Psikonutrisense/backend/vendor/laravel/framework/src/Illuminate/Container/Container.php(731): Illuminate/Foundation/Application->resolve('redirect', Array)
#12 C:/Users/Sandy/Psikonutrisense/backend/vendor/laravel/framework/src/Illuminate/Foundation/Application.php(971): Illuminate/Container/Container->make('redirect', Array)
#13 C:/Users/Sandy/Psikonutrisense/backend/vendor/laravel/framework/src/Illuminate/Container/Container.php(1454): Illuminate/Foundation/Application->make('redirect')
#14 C:/Users/Sandy/Psikonutrisense/backend/vendor/laravel/framework/src/Illuminate/Routing/RoutingServiceProvider.php(182): Illuminate/Container/Container->offsetGet('redirect')
#15 C:/Users/Sandy/Psikonutrisense/backend/vendor/laravel/framework/src/Illuminate/Container/Container.php(908): Illuminate/Routing/RoutingServiceProvider->Illuminate/Routing/{closure}(Object(Illuminate/Foundation/Application), Array)
#16 C:/Users/Sandy/Psikonutrisense/backend/vendor/laravel/framework/src/Illuminate/Container/Container.php(795): Illuminate/Container/Container->build(Object(Closure))
#17 C:/Users/Sandy/Psikonutrisense/backend/vendor/laravel/framework/src/Illuminate/Foundation/Application.php(986): Illuminate/Container/Container->resolve('Illuminate//Cont...', Array, true)
#18 C:/Users/Sandy/Psikonutrisense/backend/vendor/laravel/framework/src/Illuminate/Container/Container.php(731): Illuminate/Foundation/Application->resolve('Illuminate//Cont...', Array)
#19 C:/Users/Sandy/Psikonutrisense/backend/vendor/laravel/framework/src/Illuminate/Foundation/Application.php(971): Illuminate/Container/Container->make('Illuminate//Cont...', Array)
#20 C:/Users/Sandy/Psikonutrisense/backend/vendor/laravel/framework/src/Illuminate/Foundation/helpers.php(120): Illuminate/Foundation/Application->make('Illuminate//Cont...', Array)
#21 C:/Users/Sandy/Psikonutrisense/backend/vendor/laravel/framework/src/Illuminate/Foundation/helpers.php(790): app('Illuminate//Cont...')
#22 C:/Users/Sandy/Psikonutrisense/backend/app/Http/Controllers/AuthController.php(31): response()
#23 C:/Users/Sandy/Psikonutrisense/backend/vendor/laravel/framework/src/Illuminate/Routing/Controller.php(54): App/Http/Controllers/AuthController->register(Object(Illuminate/Http/Request))
#24 C:/Users/Sandy/Psikonutrisense/backend/vendor/laravel/framework/src/Illuminate/Routing/ControllerDispatcher.php(43): Illuminate/Routing/Controller->callAction('register', Array)
#25 C:/Users/Sandy/Psikonutrisense/backend/vendor/laravel/framework/src/Illuminate/Routing/Route.php(260): Illuminate/Routing/ControllerDispatcher->dispatch(Object(Illuminate/Routing/Route), Object(App/Http/Controllers/AuthController), 'register')
#26 C:/Users/Sandy/Psikonutrisense/backend/vendor/laravel/framework/src/Illuminate/Routing/Route.php(205): Illuminate/Routing/Route->runController()
#27 C:/Users/Sandy/Psikonutrisense/backend/vendor/laravel/framework/src/Illuminate/Routing/Router.php(806): Illuminate/Routing/Route->run()
#28 C:/Users/Sandy/Psikonutrisense/backend/vendor/laravel/framework/src/Illuminate/Pipeline/Pipeline.php(144): Illuminate/Routing/Router->Illuminate/Routing/{closure}(Object(Illuminate/Http/Request))
#29 C:/Users/Sandy/Psikonutrisense/backend/vendor/laravel/framework/src/Illuminate/Routing/Middleware/SubstituteBindings.php(50): Illuminate/Pipeline/Pipeline->Illuminate/Pipeline/{closure}(Object(Illuminate/Http/Request))
#30 C:/Users/Sandy/Psikonutrisense/backend/vendor/laravel/framework/src/Illuminate/Pipeline/Pipeline.php(183): Illuminate/Routing/Middleware/SubstituteBindings->handle(Object(Illuminate/Http/Request), Object(Closure))
#31 C:/Users/Sandy/Psikonutrisense/backend/vendor/laravel/framework/src/Illuminate/Pipeline/Pipeline.php(119): Illuminate/Pipeline/Pipeline->Illuminate/Pipeline/{closure}(Object(Illuminate/Http/Request))
#32 C:/Users/Sandy/Psikonutrisense/backend/vendor/laravel/framework/src/Illuminate/Routing/Router.php(807): Illuminate/Pipeline/Pipeline->then(Object(Closure))
#33 C:/Users/Sandy/Psikonutrisense/backend/vendor/laravel/framework/src/Illuminate/Routing/Router.php(784): Illuminate/Routing/Router->runRouteWithinStack(Object(Illuminate/Routing/Route), Object(Illuminate/Http/Request))
#34 C:/Users/Sandy/Psikonutrisense/backend/vendor/laravel/framework/src/Illuminate/Routing/Router.php(748): Illuminate/Routing/Router->runRoute(Object(Illuminate/Http/Request), Object(Illuminate/Routing/Route))
#35 C:/Users/Sandy/Psikonutrisense/backend/vendor/laravel/framework/src/Illuminate/Routing/Router.php(737): Illuminate/Routing/Router->dispatchToRoute(Object(Illuminate/Http/Request))
#36 C:/Users/Sandy/Psikonutrisense/backend/vendor/laravel/framework/src/Illuminate/Foundation/Http/Kernel.php(200): Illuminate/Routing/Router->dispatch(Object(Illuminate/Http/Request))
#37 C:/Users/Sandy/Psikonutrisense/backend/vendor/laravel/framework/src/Illuminate/Pipeline/Pipeline.php(144): Illuminate/Foundation/Http/Kernel->Illuminate/Foundation/Http/{closure}(Object(Illuminate/Http/Request))
#38 C:/Users/Sandy/Psikonutrisense/backend/vendor/laravel/framework/src/Illuminate/Foundation/Http/Middleware/TransformsRequest.php(21): Illuminate/Pipeline/Pipeline->Illuminate/Pipeline/{closure}(Object(Illuminate/Http/Request))
#39 C:/Users/Sandy/Psikonutrisense/backend/vendor/laravel/framework/src/Illuminate/Foundation/Http/Middleware/ConvertEmptyStringsToNull.php(31): Illuminate/Foundation/Http/Middleware/TransformsRequest->handle(Object(Illuminate/Http/Request), Object(Closure))
#40 C:/Users/Sandy/Psikonutrisense/backend/vendor/laravel/framework/src/Illuminate/Pipeline/Pipeline.php(183): Illuminate/Foundation/Http/Middleware/ConvertEmptyStringsToNull->handle(Object(Illuminate/Http/Request), Object(Closure))
#41 C:/Users/Sandy/Psikonutrisense/backend/vendor/laravel/framework/src/Illuminate/Foundation/Http/Middleware/ValidatePostSize.php(27): Illuminate/Pipeline/Pipeline->Illuminate/Pipeline/{closure}(Object(Illuminate/Http/Request))
#42 C:/Users/Sandy/Psikonutrisense/backend/vendor/laravel/framework/src/Illuminate/Pipeline/Pipeline.php(183): Illuminate/Foundation/Http/Middleware/ValidatePostSize->handle(Object(Illuminate/Http/Request), Object(Closure))
#43 C:/Users/Sandy/Psikonutrisense/backend/vendor/laravel/framework/src/Illuminate/Pipeline/Pipeline.php(119): Illuminate/Pipeline/Pipeline->Illuminate/Pipeline/{closure}(Object(Illuminate/Http/Request))
#44 C:/Users/Sandy/Psikonutrisense/backend/vendor/laravel/framework/src/Illuminate/Foundation/Http/Kernel.php(175): Illuminate/Pipeline/Pipeline->then(Object(Closure))
#45 C:/Users/Sandy/Psikonutrisense/backend/vendor/laravel/framework/src/Illuminate/Foundation/Http/Kernel.php(144): Illuminate/Foundation/Http/Kernel->sendRequestThroughRouter(Object(Illuminate/Http/Request))
#46 C:/Users/Sandy/Psikonutrisense/backend/public/index.php(19): Illuminate/Foundation/Http/Kernel->handle(Object(Illuminate/Http/Request))
#47 C:/Users/Sandy/Psikonutrisense/backend/vendor/laravel/framework/src/Illuminate/Foundation/resources/server.php(16): require_once('C://Users//Sandy//...')
#48 {main}
"} 
[2026-09-20 15:10:42] local.ERROR: Object of type Illuminate\Auth\AuthManager is not callable {"exception":"[object] (Error(code: 0): Object of type Illuminate\\Auth\\AuthManager is not callable at C:/Users/Sandy/Psikonutrisense/backend/vendor/laravel/framework/src/Illuminate/Pipeline/Pipeline.php:184)
[stacktrace]
#0 C:/Users/Sandy/Psikonutrisense/backend/vendor/laravel/framework/src/Illuminate/Routing/Middleware/SubstituteBindings.php(50): Illuminate/Pipeline/Pipeline->Illuminate/Pipeline/{closure}(Object(Illuminate/Http/Request))
#1 C:/Users/Sandy/Psikonutrisense/backend/vendor/laravel/framework/src/Illuminate/Pipeline/Pipeline.php(183): Illuminate/Routing/Middleware/SubstituteBindings->handle(Object(Illuminate/Http/Request), Object(Closure))
#2 C:/Users/Sandy/Psikonutrisense/backend/vendor/laravel/framework/src/Illuminate/Pipeline/Pipeline.php(119): Illuminate/Pipeline/Pipeline->Illuminate/Pipeline/{closure}(Object(Illuminate/Http/Request))
#3 C:/Users/Sandy/Psikonutrisense/backend/vendor/laravel/framework/src/Illuminate/Routing/Router.php(807): Illuminate/Pipeline/Pipeline->then(Object(Closure))
#4 C:/Users/Sandy/Psikonutrisense/backend/vendor/laravel/framework/src/Illuminate/Routing/Router.php(784): Illuminate/Routing/Router->runRouteWithinStack(Object(Illuminate/Routing/Route), Object(Illuminate/Http/Request))
#5 C:/Users/Sandy/Psikonutrisense/backend/vendor/laravel/framework/src/Illuminate/Routing/Router.php(748): Illuminate/Routing/Router->runRoute(Object(Illuminate/Http/Request), Object(Illuminate/Routing/Route))
#6 C:/Users/Sandy/Psikonutrisense/backend/vendor/laravel/framework/src/Illuminate/Routing/Router.php(737): Illuminate/Routing/Router->dispatchToRoute(Object(Illuminate/Http/Request))
#7 C:/Users/Sandy/Psikonutrisense/backend/vendor/laravel/framework/src/Illuminate/Foundation/Http/Kernel.php(200): Illuminate/Routing/Router->dispatch(Object(Illuminate/Http/Request))
#8 C:/Users/Sandy/Psikonutrisense/backend/vendor/laravel/framework/src/Illuminate/Pipeline/Pipeline.php(144): Illuminate/Foundation/Http/Kernel->Illuminate/Foundation/Http/{closure}(Object(Illuminate/Http/Request))
#9 C:/Users/Sandy/Psikonutrisense/backend/vendor/laravel/framework/src/Illuminate/Foundation/Http/Middleware/TransformsRequest.php(21): Illuminate/Pipeline/Pipeline->Illuminate/Pipeline/{closure}(Object(Illuminate/Http/Request))
#10 C:/Users/Sandy/Psikonutrisense/backend/vendor/laravel/framework/src/Illuminate/Foundation/Http/Middleware/ConvertEmptyStringsToNull.php(31): Illuminate/Foundation/Http/Middleware/TransformsRequest->handle(Object(Illuminate/Http/Request), Object(Closure))
#11 C:/Users/Sandy/Psikonutrisense/backend/vendor/laravel/framework/src/Illuminate/Pipeline/Pipeline.php(183): Illuminate/Foundation/Http/Middleware/ConvertEmptyStringsToNull->handle(Object(Illuminate/Http/Request), Object(Closure))
#12 C:/Users/Sandy/Psikonutrisense/backend/vendor/laravel/framework/src/Illuminate/Foundation/Http/Middleware/ValidatePostSize.php(27): Illuminate/Pipeline/Pipeline->Illuminate/Pipeline/{closure}(Object(Illuminate/Http/Request))
#13 C:/Users/Sandy/Psikonutrisense/backend/vendor/laravel/framework/src/Illuminate/Pipeline/Pipeline.php(183): Illuminate/Foundation/Http/Middleware/ValidatePostSize->handle(Object(Illuminate/Http/Request), Object(Closure))
#14 C:/Users/Sandy/Psikonutrisense/backend/vendor/laravel/framework/src/Illuminate/Pipeline/Pipeline.php(119): Illuminate/Pipeline/Pipeline->Illuminate/Pipeline/{closure}(Object(Illuminate/Http/Request))
#15 C:/Users/Sandy/Psikonutrisense/backend/vendor/laravel/framework/src/Illuminate/Foundation/Http/Kernel.php(175): Illuminate/Pipeline/Pipeline->then(Object(Closure))
#16 C:/Users/Sandy/Psikonutrisense/backend/vendor/laravel/framework/src/Illuminate/Foundation/Http/Kernel.php(144): Illuminate/Foundation/Http/Kernel->sendRequestThroughRouter(Object(Illuminate/Http/Request))
#17 C:/Users/Sandy/Psikonutrisense/backend/public/index.php(19): Illuminate/Foundation/Http/Kernel->handle(Object(Illuminate/Http/Request))
#18 C:/Users/Sandy/Psikonutrisense/backend/server.php(11): require_once('C://Users//Sandy//...')
#19 {main}
"} 
[2026-09-20 15:10:42] local.ERROR: Object of type Illuminate\Auth\AuthManager is not callable {"exception":"[object] (Error(code: 0): Object of type Illuminate\\Auth\\AuthManager is not callable at C:/Users/Sandy/Psikonutrisense/backend/vendor/laravel/framework/src/Illuminate/Pipeline/Pipeline.php:184)
[stacktrace]
#0 C:/Users/Sandy/Psikonutrisense/backend/vendor/laravel/framework/src/Illuminate/Routing/Middleware/SubstituteBindings.php(50): Illuminate/Pipeline/Pipeline->Illuminate/Pipeline/{closure}(Object(Illuminate/Http/Request))
#1 C:/Users/Sandy/Psikonutrisense/backend/vendor/laravel/framework/src/Illuminate/Pipeline/Pipeline.php(183): Illuminate/Routing/Middleware/SubstituteBindings->handle(Object(Illuminate/Http/Request), Object(Closure))
#2 C:/Users/Sandy/Psikonutrisense/backend/vendor/laravel/framework/src/Illuminate/Pipeline/Pipeline.php(119): Illuminate/Pipeline/Pipeline->Illuminate/Pipeline/{closure}(Object(Illuminate/Http/Request))
#3 C:/Users/Sandy/Psikonutrisense/backend/vendor/laravel/framework/src/Illuminate/Routing/Router.php(807): Illuminate/Pipeline/Pipeline->then(Object(Closure))
#4 C:/Users/Sandy/Psikonutrisense/backend/vendor/laravel/framework/src/Illuminate/Routing/Router.php(784): Illuminate/Routing/Router->runRouteWithinStack(Object(Illuminate/Routing/Route), Object(Illuminate/Http/Request))
#5 C:/Users/Sandy/Psikonutrisense/backend/vendor/laravel/framework/src/Illuminate/Routing/Router.php(748): Illuminate/Routing/Router->runRoute(Object(Illuminate/Http/Request), Object(Illuminate/Routing/Route))
#6 C:/Users/Sandy/Psikonutrisense/backend/vendor/laravel/framework/src/Illuminate/Routing/Router.php(737): Illuminate/Routing/Router->dispatchToRoute(Object(Illuminate/Http/Request))
#7 C:/Users/Sandy/Psikonutrisense/backend/vendor/laravel/framework/src/Illuminate/Foundation/Http/Kernel.php(200): Illuminate/Routing/Router->dispatch(Object(Illuminate/Http/Request))
#8 C:/Users/Sandy/Psikonutrisense/backend/vendor/laravel/framework/src/Illuminate/Pipeline/Pipeline.php(144): Illuminate/Foundation/Http/Kernel->Illuminate/Foundation/Http/{closure}(Object(Illuminate/Http/Request))
#9 C:/Users/Sandy/Psikonutrisense/backend/vendor/laravel/framework/src/Illuminate/Foundation/Http/Middleware/TransformsRequest.php(21): Illuminate/Pipeline/Pipeline->Illuminate/Pipeline/{closure}(Object(Illuminate/Http/Request))
#10 C:/Users/Sandy/Psikonutrisense/backend/vendor/laravel/framework/src/Illuminate/Foundation/Http/Middleware/ConvertEmptyStringsToNull.php(31): Illuminate/Foundation/Http/Middleware/TransformsRequest->handle(Object(Illuminate/Http/Request), Object(Closure))
#11 C:/Users/Sandy/Psikonutrisense/backend/vendor/laravel/framework/src/Illuminate/Pipeline/Pipeline.php(183): Illuminate/Foundation/Http/Middleware/ConvertEmptyStringsToNull->handle(Object(Illuminate/Http/Request), Object(Closure))
#12 C:/Users/Sandy/Psikonutrisense/backend/vendor/laravel/framework/src/Illuminate/Foundation/Http/Middleware/ValidatePostSize.php(27): Illuminate/Pipeline/Pipeline->Illuminate/Pipeline/{closure}(Object(Illuminate/Http/Request))
#13 C:/Users/Sandy/Psikonutrisense/backend/vendor/laravel/framework/src/Illuminate/Pipeline/Pipeline.php(183): Illuminate/Foundation/Http/Middleware/ValidatePostSize->handle(Object(Illuminate/Http/Request), Object(Closure))
#14 C:/Users/Sandy/Psikonutrisense/backend/vendor/laravel/framework/src/Illuminate/Pipeline/Pipeline.php(119): Illuminate/Pipeline/Pipeline->Illuminate/Pipeline/{closure}(Object(Illuminate/Http/Request))
#15 C:/Users/Sandy/Psikonutrisense/backend/vendor/laravel/framework/src/Illuminate/Foundation/Http/Kernel.php(175): Illuminate/Pipeline/Pipeline->then(Object(Closure))
#16 C:/Users/Sandy/Psikonutrisense/backend/vendor/laravel/framework/src/Illuminate/Foundation/Http/Kernel.php(144): Illuminate/Foundation/Http/Kernel->sendRequestThroughRouter(Object(Illuminate/Http/Request))
#17 C:/Users/Sandy/Psikonutrisense/backend/public/index.php(19): Illuminate/Foundation/Http/Kernel->handle(Object(Illuminate/Http/Request))
#18 C:/Users/Sandy/Psikonutrisense/backend/server.php(11): require_once('C://Users//Sandy//...')
#19 {main}
"} 
[2026-09-20 15:10:43] local.ERROR: Object of type Illuminate\Auth\AuthManager is not callable {"exception":"[object] (Error(code: 0): Object of type Illuminate\\Auth\\AuthManager is not callable at C:/Users/Sandy/Psikonutrisense/backend/vendor/laravel/framework/src/Illuminate/Pipeline/Pipeline.php:184)
[stacktrace]
#0 C:/Users/Sandy/Psikonutrisense/backend/vendor/laravel/framework/src/Illuminate/Routing/Middleware/SubstituteBindings.php(50): Illuminate/Pipeline/Pipeline->Illuminate/Pipeline/{closure}(Object(Illuminate/Http/Request))
#1 C:/Users/Sandy/Psikonutrisense/backend/vendor/laravel/framework/src/Illuminate/Pipeline/Pipeline.php(183): Illuminate/Routing/Middleware/SubstituteBindings->handle(Object(Illuminate/Http/Request), Object(Closure))
#2 C:/Users/Sandy/Psikonutrisense/backend/vendor/laravel/framework/src/Illuminate/Pipeline/Pipeline.php(119): Illuminate/Pipeline/Pipeline->Illuminate/Pipeline/{closure}(Object(Illuminate/Http/Request))
#3 C:/Users/Sandy/Psikonutrisense/backend/vendor/laravel/framework/src/Illuminate/Routing/Router.php(807): Illuminate/Pipeline/Pipeline->then(Object(Closure))
#4 C:/Users/Sandy/Psikonutrisense/backend/vendor/laravel/framework/src/Illuminate/Routing/Router.php(784): Illuminate/Routing/Router->runRouteWithinStack(Object(Illuminate/Routing/Route), Object(Illuminate/Http/Request))
#5 C:/Users/Sandy/Psikonutrisense/backend/vendor/laravel/framework/src/Illuminate/Routing/Router.php(748): Illuminate/Routing/Router->runRoute(Object(Illuminate/Http/Request), Object(Illuminate/Routing/Route))
#6 C:/Users/Sandy/Psikonutrisense/backend/vendor/laravel/framework/src/Illuminate/Routing/Router.php(737): Illuminate/Routing/Router->dispatchToRoute(Object(Illuminate/Http/Request))
#7 C:/Users/Sandy/Psikonutrisense/backend/vendor/laravel/framework/src/Illuminate/Foundation/Http/Kernel.php(200): Illuminate/Routing/Router->dispatch(Object(Illuminate/Http/Request))
#8 C:/Users/Sandy/Psikonutrisense/backend/vendor/laravel/framework/src/Illuminate/Pipeline/Pipeline.php(144): Illuminate/Foundation/Http/Kernel->Illuminate/Foundation/Http/{closure}(Object(Illuminate/Http/Request))
#9 C:/Users/Sandy/Psikonutrisense/backend/vendor/laravel/framework/src/Illuminate/Foundation/Http/Middleware/TransformsRequest.php(21): Illuminate/Pipeline/Pipeline->Illuminate/Pipeline/{closure}(Object(Illuminate/Http/Request))
#10 C:/Users/Sandy/Psikonutrisense/backend/vendor/laravel/framework/src/Illuminate/Foundation/Http/Middleware/ConvertEmptyStringsToNull.php(31): Illuminate/Foundation/Http/Middleware/TransformsRequest->handle(Object(Illuminate/Http/Request), Object(Closure))
#11 C:/Users/Sandy/Psikonutrisense/backend/vendor/laravel/framework/src/Illuminate/Pipeline/Pipeline.php(183): Illuminate/Foundation/Http/Middleware/ConvertEmptyStringsToNull->handle(Object(Illuminate/Http/Request), Object(Closure))
#12 C:/Users/Sandy/Psikonutrisense/backend/vendor/laravel/framework/src/Illuminate/Foundation/Http/Middleware/ValidatePostSize.php(27): Illuminate/Pipeline/Pipeline->Illuminate/Pipeline/{closure}(Object(Illuminate/Http/Request))
#13 C:/Users/Sandy/Psikonutrisense/backend/vendor/laravel/framework/src/Illuminate/Pipeline/Pipeline.php(183): Illuminate/Foundation/Http/Middleware/ValidatePostSize->handle(Object(Illuminate/Http/Request), Object(Closure))
#14 C:/Users/Sandy/Psikonutrisense/backend/vendor/laravel/framework/src/Illuminate/Pipeline/Pipeline.php(119): Illuminate/Pipeline/Pipeline->Illuminate/Pipeline/{closure}(Object(Illuminate/Http/Request))
#15 C:/Users/Sandy/Psikonutrisense/backend/vendor/laravel/framework/src/Illuminate/Foundation/Http/Kernel.php(175): Illuminate/Pipeline/Pipeline->then(Object(Closure))
#16 C:/Users/Sandy/Psikonutrisense/backend/vendor/laravel/framework/src/Illuminate/Foundation/Http/Kernel.php(144): Illuminate/Foundation/Http/Kernel->sendRequestThroughRouter(Object(Illuminate/Http/Request))
#17 C:/Users/Sandy/Psikonutrisense/backend/public/index.php(19): Illuminate/Foundation/Http/Kernel->handle(Object(Illuminate/Http/Request))
#18 C:/Users/Sandy/Psikonutrisense/backend/server.php(11): require_once('C://Users//Sandy//...')
#19 {main}
"} 
[2026-09-20 15:10:52] local.ERROR: Object of type Illuminate\Auth\AuthManager is not callable {"exception":"[object] (Error(code: 0): Object of type Illuminate\\Auth\\AuthManager is not callable at C:/Users/Sandy/Psikonutrisense/backend/vendor/laravel/framework/src/Illuminate/Pipeline/Pipeline.php:184)
[stacktrace]
#0 C:/Users/Sandy/Psikonutrisense/backend/vendor/laravel/framework/src/Illuminate/Routing/Middleware/SubstituteBindings.php(50): Illuminate/Pipeline/Pipeline->Illuminate/Pipeline/{closure}(Object(Illuminate/Http/Request))
#1 C:/Users/Sandy/Psikonutrisense/backend/vendor/laravel/framework/src/Illuminate/Pipeline/Pipeline.php(183): Illuminate/Routing/Middleware/SubstituteBindings->handle(Object(Illuminate/Http/Request), Object(Closure))
#2 C:/Users/Sandy/Psikonutrisense/backend/vendor/laravel/framework/src/Illuminate/Pipeline/Pipeline.php(119): Illuminate/Pipeline/Pipeline->Illuminate/Pipeline/{closure}(Object(Illuminate/Http/Request))
#3 C:/Users/Sandy/Psikonutrisense/backend/vendor/laravel/framework/src/Illuminate/Routing/Router.php(807): Illuminate/Pipeline/Pipeline->then(Object(Closure))
#4 C:/Users/Sandy/Psikonutrisense/backend/vendor/laravel/framework/src/Illuminate/Routing/Router.php(784): Illuminate/Routing/Router->runRouteWithinStack(Object(Illuminate/Routing/Route), Object(Illuminate/Http/Request))
#5 C:/Users/Sandy/Psikonutrisense/backend/vendor/laravel/framework/src/Illuminate/Routing/Router.php(748): Illuminate/Routing/Router->runRoute(Object(Illuminate/Http/Request), Object(Illuminate/Routing/Route))
#6 C:/Users/Sandy/Psikonutrisense/backend/vendor/laravel/framework/src/Illuminate/Routing/Router.php(737): Illuminate/Routing/Router->dispatchToRoute(Object(Illuminate/Http/Request))
#7 C:/Users/Sandy/Psikonutrisense/backend/vendor/laravel/framework/src/Illuminate/Foundation/Http/Kernel.php(200): Illuminate/Routing/Router->dispatch(Object(Illuminate/Http/Request))
#8 C:/Users/Sandy/Psikonutrisense/backend/vendor/laravel/framework/src/Illuminate/Pipeline/Pipeline.php(144): Illuminate/Foundation/Http/Kernel->Illuminate/Foundation/Http/{closure}(Object(Illuminate/Http/Request))
#9 C:/Users/Sandy/Psikonutrisense/backend/vendor/laravel/framework/src/Illuminate/Foundation/Http/Middleware/TransformsRequest.php(21): Illuminate/Pipeline/Pipeline->Illuminate/Pipeline/{closure}(Object(Illuminate/Http/Request))
#10 C:/Users/Sandy/Psikonutrisense/backend/vendor/laravel/framework/src/Illuminate/Foundation/Http/Middleware/ConvertEmptyStringsToNull.php(31): Illuminate/Foundation/Http/Middleware/TransformsRequest->handle(Object(Illuminate/Http/Request), Object(Closure))
#11 C:/Users/Sandy/Psikonutrisense/backend/vendor/laravel/framework/src/Illuminate/Pipeline/Pipeline.php(183): Illuminate/Foundation/Http/Middleware/ConvertEmptyStringsToNull->handle(Object(Illuminate/Http/Request), Object(Closure))
#12 C:/Users/Sandy/Psikonutrisense/backend/vendor/laravel/framework/src/Illuminate/Foundation/Http/Middleware/ValidatePostSize.php(27): Illuminate/Pipeline/Pipeline->Illuminate/Pipeline/{closure}(Object(Illuminate/Http/Request))
#13 C:/Users/Sandy/Psikonutrisense/backend/vendor/laravel/framework/src/Illuminate/Pipeline/Pipeline.php(183): Illuminate/Foundation/Http/Middleware/ValidatePostSize->handle(Object(Illuminate/Http/Request), Object(Closure))
#14 C:/Users/Sandy/Psikonutrisense/backend/vendor/laravel/framework/src/Illuminate/Pipeline/Pipeline.php(119): Illuminate/Pipeline/Pipeline->Illuminate/Pipeline/{closure}(Object(Illuminate/Http/Request))
#15 C:/Users/Sandy/Psikonutrisense/backend/vendor/laravel/framework/src/Illuminate/Foundation/Http/Kernel.php(175): Illuminate/Pipeline/Pipeline->then(Object(Closure))
#16 C:/Users/Sandy/Psikonutrisense/backend/vendor/laravel/framework/src/Illuminate/Foundation/Http/Kernel.php(144): Illuminate/Foundation/Http/Kernel->sendRequestThroughRouter(Object(Illuminate/Http/Request))
#17 C:/Users/Sandy/Psikonutrisense/backend/public/index.php(19): Illuminate/Foundation/Http/Kernel->handle(Object(Illuminate/Http/Request))
#18 C:/Users/Sandy/Psikonutrisense/backend/server.php(11): require_once('C://Users//Sandy//...')
#19 {main}
"} 
[2026-09-20 15:10:56] local.ERROR: Object of type Illuminate\Auth\AuthManager is not callable {"exception":"[object] (Error(code: 0): Object of type Illuminate\\Auth\\AuthManager is not callable at C:/Users/Sandy/Psikonutrisense/backend/vendor/laravel/framework/src/Illuminate/Pipeline/Pipeline.php:184)
[stacktrace]
#0 C:/Users/Sandy/Psikonutrisense/backend/vendor/laravel/framework/src/Illuminate/Routing/Middleware/SubstituteBindings.php(50): Illuminate/Pipeline/Pipeline->Illuminate/Pipeline/{closure}(Object(Illuminate/Http/Request))
#1 C:/Users/Sandy/Psikonutrisense/backend/vendor/laravel/framework/src/Illuminate/Pipeline/Pipeline.php(183): Illuminate/Routing/Middleware/SubstituteBindings->handle(Object(Illuminate/Http/Request), Object(Closure))
#2 C:/Users/Sandy/Psikonutrisense/backend/vendor/laravel/framework/src/Illuminate/Pipeline/Pipeline.php(119): Illuminate/Pipeline/Pipeline->Illuminate/Pipeline/{closure}(Object(Illuminate/Http/Request))
#3 C:/Users/Sandy/Psikonutrisense/backend/vendor/laravel/framework/src/Illuminate/Routing/Router.php(807): Illuminate/Pipeline/Pipeline->then(Object(Closure))
#4 C:/Users/Sandy/Psikonutrisense/backend/vendor/laravel/framework/src/Illuminate/Routing/Router.php(784): Illuminate/Routing/Router->runRouteWithinStack(Object(Illuminate/Routing/Route), Object(Illuminate/Http/Request))
#5 C:/Users/Sandy/Psikonutrisense/backend/vendor/laravel/framework/src/Illuminate/Routing/Router.php(748): Illuminate/Routing/Router->runRoute(Object(Illuminate/Http/Request), Object(Illuminate/Routing/Route))
#6 C:/Users/Sandy/Psikonutrisense/backend/vendor/laravel/framework/src/Illuminate/Routing/Router.php(737): Illuminate/Routing/Router->dispatchToRoute(Object(Illuminate/Http/Request))
#7 C:/Users/Sandy/Psikonutrisense/backend/vendor/laravel/framework/src/Illuminate/Foundation/Http/Kernel.php(200): Illuminate/Routing/Router->dispatch(Object(Illuminate/Http/Request))
#8 C:/Users/Sandy/Psikonutrisense/backend/vendor/laravel/framework/src/Illuminate/Pipeline/Pipeline.php(144): Illuminate/Foundation/Http/Kernel->Illuminate/Foundation/Http/{closure}(Object(Illuminate/Http/Request))
#9 C:/Users/Sandy/Psikonutrisense/backend/vendor/laravel/framework/src/Illuminate/Foundation/Http/Middleware/TransformsRequest.php(21): Illuminate/Pipeline/Pipeline->Illuminate/Pipeline/{closure}(Object(Illuminate/Http/Request))
#10 C:/Users/Sandy/Psikonutrisense/backend/vendor/laravel/framework/src/Illuminate/Foundation/Http/Middleware/ConvertEmptyStringsToNull.php(31): Illuminate/Foundation/Http/Middleware/TransformsRequest->handle(Object(Illuminate/Http/Request), Object(Closure))
#11 C:/Users/Sandy/Psikonutrisense/backend/vendor/laravel/framework/src/Illuminate/Pipeline/Pipeline.php(183): Illuminate/Foundation/Http/Middleware/ConvertEmptyStringsToNull->handle(Object(Illuminate/Http/Request), Object(Closure))
#12 C:/Users/Sandy/Psikonutrisense/backend/vendor/laravel/framework/src/Illuminate/Foundation/Http/Middleware/ValidatePostSize.php(27): Illuminate/Pipeline/Pipeline->Illuminate/Pipeline/{closure}(Object(Illuminate/Http/Request))
#13 C:/Users/Sandy/Psikonutrisense/backend/vendor/laravel/framework/src/Illuminate/Pipeline/Pipeline.php(183): Illuminate/Foundation/Http/Middleware/ValidatePostSize->handle(Object(Illuminate/Http/Request), Object(Closure))
#14 C:/Users/Sandy/Psikonutrisense/backend/vendor/laravel/framework/src/Illuminate/Pipeline/Pipeline.php(119): Illuminate/Pipeline/Pipeline->Illuminate/Pipeline/{closure}(Object(Illuminate/Http/Request))
#15 C:/Users/Sandy/Psikonutrisense/backend/vendor/laravel/framework/src/Illuminate/Foundation/Http/Kernel.php(175): Illuminate/Pipeline/Pipeline->then(Object(Closure))
#16 C:/Users/Sandy/Psikonutrisense/backend/vendor/laravel/framework/src/Illuminate/Foundation/Http/Kernel.php(144): Illuminate/Foundation/Http/Kernel->sendRequestThroughRouter(Object(Illuminate/Http/Request))
#17 C:/Users/Sandy/Psikonutrisense/backend/public/index.php(19): Illuminate/Foundation/Http/Kernel->handle(Object(Illuminate/Http/Request))
#18 C:/Users/Sandy/Psikonutrisense/backend/server.php(11): require_once('C://Users//Sandy//...')
#19 {main}
"} 
[2026-09-20 15:10:56] local.ERROR: Object of type Illuminate\Auth\AuthManager is not callable {"exception":"[object] (Error(code: 0): Object of type Illuminate\\Auth\\AuthManager is not callable at C:/Users/Sandy/Psikonutrisense/backend/vendor/laravel/framework/src/Illuminate/Pipeline/Pipeline.php:184)
[stacktrace]
#0 C:/Users/Sandy/Psikonutrisense/backend/vendor/laravel/framework/src/Illuminate/Routing/Middleware/SubstituteBindings.php(50): Illuminate/Pipeline/Pipeline->Illuminate/Pipeline/{closure}(Object(Illuminate/Http/Request))
#1 C:/Users/Sandy/Psikonutrisense/backend/vendor/laravel/framework/src/Illuminate/Pipeline/Pipeline.php(183): Illuminate/Routing/Middleware/SubstituteBindings->handle(Object(Illuminate/Http/Request), Object(Closure))
#2 C:/Users/Sandy/Psikonutrisense/backend/vendor/laravel/framework/src/Illuminate/Pipeline/Pipeline.php(119): Illuminate/Pipeline/Pipeline->Illuminate/Pipeline/{closure}(Object(Illuminate/Http/Request))
#3 C:/Users/Sandy/Psikonutrisense/backend/vendor/laravel/framework/src/Illuminate/Routing/Router.php(807): Illuminate/Pipeline/Pipeline->then(Object(Closure))
#4 C:/Users/Sandy/Psikonutrisense/backend/vendor/laravel/framework/src/Illuminate/Routing/Router.php(784): Illuminate/Routing/Router->runRouteWithinStack(Object(Illuminate/Routing/Route), Object(Illuminate/Http/Request))
#5 C:/Users/Sandy/Psikonutrisense/backend/vendor/laravel/framework/src/Illuminate/Routing/Router.php(748): Illuminate/Routing/Router->runRoute(Object(Illuminate/Http/Request), Object(Illuminate/Routing/Route))
#6 C:/Users/Sandy/Psikonutrisense/backend/vendor/laravel/framework/src/Illuminate/Routing/Router.php(737): Illuminate/Routing/Router->dispatchToRoute(Object(Illuminate/Http/Request))
#7 C:/Users/Sandy/Psikonutrisense/backend/vendor/laravel/framework/src/Illuminate/Foundation/Http/Kernel.php(200): Illuminate/Routing/Router->dispatch(Object(Illuminate/Http/Request))
#8 C:/Users/Sandy/Psikonutrisense/backend/vendor/laravel/framework/src/Illuminate/Pipeline/Pipeline.php(144): Illuminate/Foundation/Http/Kernel->Illuminate/Foundation/Http/{closure}(Object(Illuminate/Http/Request))
#9 C:/Users/Sandy/Psikonutrisense/backend/vendor/laravel/framework/src/Illuminate/Foundation/Http/Middleware/TransformsRequest.php(21): Illuminate/Pipeline/Pipeline->Illuminate/Pipeline/{closure}(Object(Illuminate/Http/Request))
#10 C:/Users/Sandy/Psikonutrisense/backend/vendor/laravel/framework/src/Illuminate/Foundation/Http/Middleware/ConvertEmptyStringsToNull.php(31): Illuminate/Foundation/Http/Middleware/TransformsRequest->handle(Object(Illuminate/Http/Request), Object(Closure))
#11 C:/Users/Sandy/Psikonutrisense/backend/vendor/laravel/framework/src/Illuminate/Pipeline/Pipeline.php(183): Illuminate/Foundation/Http/Middleware/ConvertEmptyStringsToNull->handle(Object(Illuminate/Http/Request), Object(Closure))
#12 C:/Users/Sandy/Psikonutrisense/backend/vendor/laravel/framework/src/Illuminate/Foundation/Http/Middleware/ValidatePostSize.php(27): Illuminate/Pipeline/Pipeline->Illuminate/Pipeline/{closure}(Object(Illuminate/Http/Request))
#13 C:/Users/Sandy/Psikonutrisense/backend/vendor/laravel/framework/src/Illuminate/Pipeline/Pipeline.php(183): Illuminate/Foundation/Http/Middleware/ValidatePostSize->handle(Object(Illuminate/Http/Request), Object(Closure))
#14 C:/Users/Sandy/Psikonutrisense/backend/vendor/laravel/framework/src/Illuminate/Pipeline/Pipeline.php(119): Illuminate/Pipeline/Pipeline->Illuminate/Pipeline/{closure}(Object(Illuminate/Http/Request))
#15 C:/Users/Sandy/Psikonutrisense/backend/vendor/laravel/framework/src/Illuminate/Foundation/Http/Kernel.php(175): Illuminate/Pipeline/Pipeline->then(Object(Closure))
#16 C:/Users/Sandy/Psikonutrisense/backend/vendor/laravel/framework/src/Illuminate/Foundation/Http/Kernel.php(144): Illuminate/Foundation/Http/Kernel->sendRequestThroughRouter(Object(Illuminate/Http/Request))
#17 C:/Users/Sandy/Psikonutrisense/backend/public/index.php(19): Illuminate/Foundation/Http/Kernel->handle(Object(Illuminate/Http/Request))
#18 C:/Users/Sandy/Psikonutrisense/backend/server.php(11): require_once('C://Users//Sandy//...')
#19 {main}
"} 
[2026-09-20 15:10:56] local.ERROR: Object of type Illuminate\Auth\AuthManager is not callable {"exception":"[object] (Error(code: 0): Object of type Illuminate\\Auth\\AuthManager is not callable at C:/Users/Sandy/Psikonutrisense/backend/vendor/laravel/framework/src/Illuminate/Pipeline/Pipeline.php:184)
[stacktrace]
#0 C:/Users/Sandy/Psikonutrisense/backend/vendor/laravel/framework/src/Illuminate/Routing/Middleware/SubstituteBindings.php(50): Illuminate/Pipeline/Pipeline->Illuminate/Pipeline/{closure}(Object(Illuminate/Http/Request))
#1 C:/Users/Sandy/Psikonutrisense/backend/vendor/laravel/framework/src/Illuminate/Pipeline/Pipeline.php(183): Illuminate/Routing/Middleware/SubstituteBindings->handle(Object(Illuminate/Http/Request), Object(Closure))
#2 C:/Users/Sandy/Psikonutrisense/backend/vendor/laravel/framework/src/Illuminate/Pipeline/Pipeline.php(119): Illuminate/Pipeline/Pipeline->Illuminate/Pipeline/{closure}(Object(Illuminate/Http/Request))
#3 C:/Users/Sandy/Psikonutrisense/backend/vendor/laravel/framework/src/Illuminate/Routing/Router.php(807): Illuminate/Pipeline/Pipeline->then(Object(Closure))
#4 C:/Users/Sandy/Psikonutrisense/backend/vendor/laravel/framework/src/Illuminate/Routing/Router.php(784): Illuminate/Routing/Router->runRouteWithinStack(Object(Illuminate/Routing/Route), Object(Illuminate/Http/Request))
#5 C:/Users/Sandy/Psikonutrisense/backend/vendor/laravel/framework/src/Illuminate/Routing/Router.php(748): Illuminate/Routing/Router->runRoute(Object(Illuminate/Http/Request), Object(Illuminate/Routing/Route))
#6 C:/Users/Sandy/Psikonutrisense/backend/vendor/laravel/framework/src/Illuminate/Routing/Router.php(737): Illuminate/Routing/Router->dispatchToRoute(Object(Illuminate/Http/Request))
#7 C:/Users/Sandy/Psikonutrisense/backend/vendor/laravel/framework/src/Illuminate/Foundation/Http/Kernel.php(200): Illuminate/Routing/Router->dispatch(Object(Illuminate/Http/Request))
#8 C:/Users/Sandy/Psikonutrisense/backend/vendor/laravel/framework/src/Illuminate/Pipeline/Pipeline.php(144): Illuminate/Foundation/Http/Kernel->Illuminate/Foundation/Http/{closure}(Object(Illuminate/Http/Request))
#9 C:/Users/Sandy/Psikonutrisense/backend/vendor/laravel/framework/src/Illuminate/Foundation/Http/Middleware/TransformsRequest.php(21): Illuminate/Pipeline/Pipeline->Illuminate/Pipeline/{closure}(Object(Illuminate/Http/Request))
#10 C:/Users/Sandy/Psikonutrisense/backend/vendor/laravel/framework/src/Illuminate/Foundation/Http/Middleware/ConvertEmptyStringsToNull.php(31): Illuminate/Foundation/Http/Middleware/TransformsRequest->handle(Object(Illuminate/Http/Request), Object(Closure))
#11 C:/Users/Sandy/Psikonutrisense/backend/vendor/laravel/framework/src/Illuminate/Pipeline/Pipeline.php(183): Illuminate/Foundation/Http/Middleware/ConvertEmptyStringsToNull->handle(Object(Illuminate/Http/Request), Object(Closure))
#12 C:/Users/Sandy/Psikonutrisense/backend/vendor/laravel/framework/src/Illuminate/Foundation/Http/Middleware/ValidatePostSize.php(27): Illuminate/Pipeline/Pipeline->Illuminate/Pipeline/{closure}(Object(Illuminate/Http/Request))
#13 C:/Users/Sandy/Psikonutrisense/backend/vendor/laravel/framework/src/Illuminate/Pipeline/Pipeline.php(183): Illuminate/Foundation/Http/Middleware/ValidatePostSize->handle(Object(Illuminate/Http/Request), Object(Closure))
#14 C:/Users/Sandy/Psikonutrisense/backend/vendor/laravel/framework/src/Illuminate/Pipeline/Pipeline.php(119): Illuminate/Pipeline/Pipeline->Illuminate/Pipeline/{closure}(Object(Illuminate/Http/Request))
#15 C:/Users/Sandy/Psikonutrisense/backend/vendor/laravel/framework/src/Illuminate/Foundation/Http/Kernel.php(175): Illuminate/Pipeline/Pipeline->then(Object(Closure))
#16 C:/Users/Sandy/Psikonutrisense/backend/vendor/laravel/framework/src/Illuminate/Foundation/Http/Kernel.php(144): Illuminate/Foundation/Http/Kernel->sendRequestThroughRouter(Object(Illuminate/Http/Request))
#17 C:/Users/Sandy/Psikonutrisense/backend/public/index.php(19): Illuminate/Foundation/Http/Kernel->handle(Object(Illuminate/Http/Request))
#18 C:/Users/Sandy/Psikonutrisense/backend/server.php(11): require_once('C://Users//Sandy//...')
#19 {main}
"} 
[2026-09-20 15:11:09] local.ERROR: Object of type Illuminate\Auth\AuthManager is not callable {"exception":"[object] (Error(code: 0): Object of type Illuminate\\Auth\\AuthManager is not callable at C:/Users/Sandy/Psikonutrisense/backend/vendor/laravel/framework/src/Illuminate/Pipeline/Pipeline.php:184)
[stacktrace]
#0 C:/Users/Sandy/Psikonutrisense/backend/vendor/laravel/framework/src/Illuminate/Routing/Middleware/SubstituteBindings.php(50): Illuminate/Pipeline/Pipeline->Illuminate/Pipeline/{closure}(Object(Illuminate/Http/Request))
#1 C:/Users/Sandy/Psikonutrisense/backend/vendor/laravel/framework/src/Illuminate/Pipeline/Pipeline.php(183): Illuminate/Routing/Middleware/SubstituteBindings->handle(Object(Illuminate/Http/Request), Object(Closure))
#2 C:/Users/Sandy/Psikonutrisense/backend/vendor/laravel/framework/src/Illuminate/Pipeline/Pipeline.php(119): Illuminate/Pipeline/Pipeline->Illuminate/Pipeline/{closure}(Object(Illuminate/Http/Request))
#3 C:/Users/Sandy/Psikonutrisense/backend/vendor/laravel/framework/src/Illuminate/Routing/Router.php(807): Illuminate/Pipeline/Pipeline->then(Object(Closure))
#4 C:/Users/Sandy/Psikonutrisense/backend/vendor/laravel/framework/src/Illuminate/Routing/Router.php(784): Illuminate/Routing/Router->runRouteWithinStack(Object(Illuminate/Routing/Route), Object(Illuminate/Http/Request))
#5 C:/Users/Sandy/Psikonutrisense/backend/vendor/laravel/framework/src/Illuminate/Routing/Router.php(748): Illuminate/Routing/Router->runRoute(Object(Illuminate/Http/Request), Object(Illuminate/Routing/Route))
#6 C:/Users/Sandy/Psikonutrisense/backend/vendor/laravel/framework/src/Illuminate/Routing/Router.php(737): Illuminate/Routing/Router->dispatchToRoute(Object(Illuminate/Http/Request))
#7 C:/Users/Sandy/Psikonutrisense/backend/vendor/laravel/framework/src/Illuminate/Foundation/Http/Kernel.php(200): Illuminate/Routing/Router->dispatch(Object(Illuminate/Http/Request))
#8 C:/Users/Sandy/Psikonutrisense/backend/vendor/laravel/framework/src/Illuminate/Pipeline/Pipeline.php(144): Illuminate/Foundation/Http/Kernel->Illuminate/Foundation/Http/{closure}(Object(Illuminate/Http/Request))
#9 C:/Users/Sandy/Psikonutrisense/backend/vendor/laravel/framework/src/Illuminate/Foundation/Http/Middleware/TransformsRequest.php(21): Illuminate/Pipeline/Pipeline->Illuminate/Pipeline/{closure}(Object(Illuminate/Http/Request))
#10 C:/Users/Sandy/Psikonutrisense/backend/vendor/laravel/framework/src/Illuminate/Foundation/Http/Middleware/ConvertEmptyStringsToNull.php(31): Illuminate/Foundation/Http/Middleware/TransformsRequest->handle(Object(Illuminate/Http/Request), Object(Closure))
#11 C:/Users/Sandy/Psikonutrisense/backend/vendor/laravel/framework/src/Illuminate/Pipeline/Pipeline.php(183): Illuminate/Foundation/Http/Middleware/ConvertEmptyStringsToNull->handle(Object(Illuminate/Http/Request), Object(Closure))
#12 C:/Users/Sandy/Psikonutrisense/backend/vendor/laravel/framework/src/Illuminate/Foundation/Http/Middleware/ValidatePostSize.php(27): Illuminate/Pipeline/Pipeline->Illuminate/Pipeline/{closure}(Object(Illuminate/Http/Request))
#13 C:/Users/Sandy/Psikonutrisense/backend/vendor/laravel/framework/src/Illuminate/Pipeline/Pipeline.php(183): Illuminate/Foundation/Http/Middleware/ValidatePostSize->handle(Object(Illuminate/Http/Request), Object(Closure))
#14 C:/Users/Sandy/Psikonutrisense/backend/vendor/laravel/framework/src/Illuminate/Pipeline/Pipeline.php(119): Illuminate/Pipeline/Pipeline->Illuminate/Pipeline/{closure}(Object(Illuminate/Http/Request))
#15 C:/Users/Sandy/Psikonutrisense/backend/vendor/laravel/framework/src/Illuminate/Foundation/Http/Kernel.php(175): Illuminate/Pipeline/Pipeline->then(Object(Closure))
#16 C:/Users/Sandy/Psikonutrisense/backend/vendor/laravel/framework/src/Illuminate/Foundation/Http/Kernel.php(144): Illuminate/Foundation/Http/Kernel->sendRequestThroughRouter(Object(Illuminate/Http/Request))
#17 C:/Users/Sandy/Psikonutrisense/backend/public/index.php(19): Illuminate/Foundation/Http/Kernel->handle(Object(Illuminate/Http/Request))
#18 C:/Users/Sandy/Psikonutrisense/backend/server.php(11): require_once('C://Users//Sandy//...')
#19 {main}
"} 
[2026-09-20 15:11:09] local.ERROR: Object of type Illuminate\Auth\AuthManager is not callable {"exception":"[object] (Error(code: 0): Object of type Illuminate\\Auth\\AuthManager is not callable at C:/Users/Sandy/Psikonutrisense/backend/vendor/laravel/framework/src/Illuminate/Pipeline/Pipeline.php:184)
[stacktrace]
#0 C:/Users/Sandy/Psikonutrisense/backend/vendor/laravel/framework/src/Illuminate/Routing/Middleware/SubstituteBindings.php(50): Illuminate/Pipeline/Pipeline->Illuminate/Pipeline/{closure}(Object(Illuminate/Http/Request))
#1 C:/Users/Sandy/Psikonutrisense/backend/vendor/laravel/framework/src/Illuminate/Pipeline/Pipeline.php(183): Illuminate/Routing/Middleware/SubstituteBindings->handle(Object(Illuminate/Http/Request), Object(Closure))
#2 C:/Users/Sandy/Psikonutrisense/backend/vendor/laravel/framework/src/Illuminate/Pipeline/Pipeline.php(119): Illuminate/Pipeline/Pipeline->Illuminate/Pipeline/{closure}(Object(Illuminate/Http/Request))
#3 C:/Users/Sandy/Psikonutrisense/backend/vendor/laravel/framework/src/Illuminate/Routing/Router.php(807): Illuminate/Pipeline/Pipeline->then(Object(Closure))
#4 C:/Users/Sandy/Psikonutrisense/backend/vendor/laravel/framework/src/Illuminate/Routing/Router.php(784): Illuminate/Routing/Router->runRouteWithinStack(Object(Illuminate/Routing/Route), Object(Illuminate/Http/Request))
#5 C:/Users/Sandy/Psikonutrisense/backend/vendor/laravel/framework/src/Illuminate/Routing/Router.php(748): Illuminate/Routing/Router->runRoute(Object(Illuminate/Http/Request), Object(Illuminate/Routing/Route))
#6 C:/Users/Sandy/Psikonutrisense/backend/vendor/laravel/framework/src/Illuminate/Routing/Router.php(737): Illuminate/Routing/Router->dispatchToRoute(Object(Illuminate/Http/Request))
#7 C:/Users/Sandy/Psikonutrisense/backend/vendor/laravel/framework/src/Illuminate/Foundation/Http/Kernel.php(200): Illuminate/Routing/Router->dispatch(Object(Illuminate/Http/Request))
#8 C:/Users/Sandy/Psikonutrisense/backend/vendor/laravel/framework/src/Illuminate/Pipeline/Pipeline.php(144): Illuminate/Foundation/Http/Kernel->Illuminate/Foundation/Http/{closure}(Object(Illuminate/Http/Request))
#9 C:/Users/Sandy/Psikonutrisense/backend/vendor/laravel/framework/src/Illuminate/Foundation/Http/Middleware/TransformsRequest.php(21): Illuminate/Pipeline/Pipeline->Illuminate/Pipeline/{closure}(Object(Illuminate/Http/Request))
#10 C:/Users/Sandy/Psikonutrisense/backend/vendor/laravel/framework/src/Illuminate/Foundation/Http/Middleware/ConvertEmptyStringsToNull.php(31): Illuminate/Foundation/Http/Middleware/TransformsRequest->handle(Object(Illuminate/Http/Request), Object(Closure))
#11 C:/Users/Sandy/Psikonutrisense/backend/vendor/laravel/framework/src/Illuminate/Pipeline/Pipeline.php(183): Illuminate/Foundation/Http/Middleware/ConvertEmptyStringsToNull->handle(Object(Illuminate/Http/Request), Object(Closure))
#12 C:/Users/Sandy/Psikonutrisense/backend/vendor/laravel/framework/src/Illuminate/Foundation/Http/Middleware/ValidatePostSize.php(27): Illuminate/Pipeline/Pipeline->Illuminate/Pipeline/{closure}(Object(Illuminate/Http/Request))
#13 C:/Users/Sandy/Psikonutrisense/backend/vendor/laravel/framework/src/Illuminate/Pipeline/Pipeline.php(183): Illuminate/Foundation/Http/Middleware/ValidatePostSize->handle(Object(Illuminate/Http/Request), Object(Closure))
#14 C:/Users/Sandy/Psikonutrisense/backend/vendor/laravel/framework/src/Illuminate/Pipeline/Pipeline.php(119): Illuminate/Pipeline/Pipeline->Illuminate/Pipeline/{closure}(Object(Illuminate/Http/Request))
#15 C:/Users/Sandy/Psikonutrisense/backend/vendor/laravel/framework/src/Illuminate/Foundation/Http/Kernel.php(175): Illuminate/Pipeline/Pipeline->then(Object(Closure))
#16 C:/Users/Sandy/Psikonutrisense/backend/vendor/laravel/framework/src/Illuminate/Foundation/Http/Kernel.php(144): Illuminate/Foundation/Http/Kernel->sendRequestThroughRouter(Object(Illuminate/Http/Request))
#17 C:/Users/Sandy/Psikonutrisense/backend/public/index.php(19): Illuminate/Foundation/Http/Kernel->handle(Object(Illuminate/Http/Request))
#18 C:/Users/Sandy/Psikonutrisense/backend/server.php(11): require_once('C://Users//Sandy//...')
#19 {main}
"} 
[2026-09-20 15:11:09] local.ERROR: Object of type Illuminate\Auth\AuthManager is not callable {"exception":"[object] (Error(code: 0): Object of type Illuminate\\Auth\\AuthManager is not callable at C:/Users/Sandy/Psikonutrisense/backend/vendor/laravel/framework/src/Illuminate/Pipeline/Pipeline.php:184)
[stacktrace]
#0 C:/Users/Sandy/Psikonutrisense/backend/vendor/laravel/framework/src/Illuminate/Routing/Middleware/SubstituteBindings.php(50): Illuminate/Pipeline/Pipeline->Illuminate/Pipeline/{closure}(Object(Illuminate/Http/Request))
#1 C:/Users/Sandy/Psikonutrisense/backend/vendor/laravel/framework/src/Illuminate/Pipeline/Pipeline.php(183): Illuminate/Routing/Middleware/SubstituteBindings->handle(Object(Illuminate/Http/Request), Object(Closure))
#2 C:/Users/Sandy/Psikonutrisense/backend/vendor/laravel/framework/src/Illuminate/Pipeline/Pipeline.php(119): Illuminate/Pipeline/Pipeline->Illuminate/Pipeline/{closure}(Object(Illuminate/Http/Request))
#3 C:/Users/Sandy/Psikonutrisense/backend/vendor/laravel/framework/src/Illuminate/Routing/Router.php(807): Illuminate/Pipeline/Pipeline->then(Object(Closure))
#4 C:/Users/Sandy/Psikonutrisense/backend/vendor/laravel/framework/src/Illuminate/Routing/Router.php(784): Illuminate/Routing/Router->runRouteWithinStack(Object(Illuminate/Routing/Route), Object(Illuminate/Http/Request))
#5 C:/Users/Sandy/Psikonutrisense/backend/vendor/laravel/framework/src/Illuminate/Routing/Router.php(748): Illuminate/Routing/Router->runRoute(Object(Illuminate/Http/Request), Object(Illuminate/Routing/Route))
#6 C:/Users/Sandy/Psikonutrisense/backend/vendor/laravel/framework/src/Illuminate/Routing/Router.php(737): Illuminate/Routing/Router->dispatchToRoute(Object(Illuminate/Http/Request))
#7 C:/Users/Sandy/Psikonutrisense/backend/vendor/laravel/framework/src/Illuminate/Foundation/Http/Kernel.php(200): Illuminate/Routing/Router->dispatch(Object(Illuminate/Http/Request))
#8 C:/Users/Sandy/Psikonutrisense/backend/vendor/laravel/framework/src/Illuminate/Pipeline/Pipeline.php(144): Illuminate/Foundation/Http/Kernel->Illuminate/Foundation/Http/{closure}(Object(Illuminate/Http/Request))
#9 C:/Users/Sandy/Psikonutrisense/backend/vendor/laravel/framework/src/Illuminate/Foundation/Http/Middleware/TransformsRequest.php(21): Illuminate/Pipeline/Pipeline->Illuminate/Pipeline/{closure}(Object(Illuminate/Http/Request))
#10 C:/Users/Sandy/Psikonutrisense/backend/vendor/laravel/framework/src/Illuminate/Foundation/Http/Middleware/ConvertEmptyStringsToNull.php(31): Illuminate/Foundation/Http/Middleware/TransformsRequest->handle(Object(Illuminate/Http/Request), Object(Closure))
#11 C:/Users/Sandy/Psikonutrisense/backend/vendor/laravel/framework/src/Illuminate/Pipeline/Pipeline.php(183): Illuminate/Foundation/Http/Middleware/ConvertEmptyStringsToNull->handle(Object(Illuminate/Http/Request), Object(Closure))
#12 C:/Users/Sandy/Psikonutrisense/backend/vendor/laravel/framework/src/Illuminate/Foundation/Http/Middleware/ValidatePostSize.php(27): Illuminate/Pipeline/Pipeline->Illuminate/Pipeline/{closure}(Object(Illuminate/Http/Request))
#13 C:/Users/Sandy/Psikonutrisense/backend/vendor/laravel/framework/src/Illuminate/Pipeline/Pipeline.php(183): Illuminate/Foundation/Http/Middleware/ValidatePostSize->handle(Object(Illuminate/Http/Request), Object(Closure))
#14 C:/Users/Sandy/Psikonutrisense/backend/vendor/laravel/framework/src/Illuminate/Pipeline/Pipeline.php(119): Illuminate/Pipeline/Pipeline->Illuminate/Pipeline/{closure}(Object(Illuminate/Http/Request))
#15 C:/Users/Sandy/Psikonutrisense/backend/vendor/laravel/framework/src/Illuminate/Foundation/Http/Kernel.php(175): Illuminate/Pipeline/Pipeline->then(Object(Closure))
#16 C:/Users/Sandy/Psikonutrisense/backend/vendor/laravel/framework/src/Illuminate/Foundation/Http/Kernel.php(144): Illuminate/Foundation/Http/Kernel->sendRequestThroughRouter(Object(Illuminate/Http/Request))
#17 C:/Users/Sandy/Psikonutrisense/backend/public/index.php(19): Illuminate/Foundation/Http/Kernel->handle(Object(Illuminate/Http/Request))
#18 C:/Users/Sandy/Psikonutrisense/backend/server.php(11): require_once('C://Users//Sandy//...')
#19 {main}
"} 
[2026-09-20 15:11:15] local.ERROR: Object of type Illuminate\Auth\AuthManager is not callable {"exception":"[object] (Error(code: 0): Object of type Illuminate\\Auth\\AuthManager is not callable at C:/Users/Sandy/Psikonutrisense/backend/vendor/laravel/framework/src/Illuminate/Pipeline/Pipeline.php:184)
[stacktrace]
#0 C:/Users/Sandy/Psikonutrisense/backend/vendor/laravel/framework/src/Illuminate/Routing/Middleware/SubstituteBindings.php(50): Illuminate/Pipeline/Pipeline->Illuminate/Pipeline/{closure}(Object(Illuminate/Http/Request))
#1 C:/Users/Sandy/Psikonutrisense/backend/vendor/laravel/framework/src/Illuminate/Pipeline/Pipeline.php(183): Illuminate/Routing/Middleware/SubstituteBindings->handle(Object(Illuminate/Http/Request), Object(Closure))
#2 C:/Users/Sandy/Psikonutrisense/backend/vendor/laravel/framework/src/Illuminate/Pipeline/Pipeline.php(119): Illuminate/Pipeline/Pipeline->Illuminate/Pipeline/{closure}(Object(Illuminate/Http/Request))
#3 C:/Users/Sandy/Psikonutrisense/backend/vendor/laravel/framework/src/Illuminate/Routing/Router.php(807): Illuminate/Pipeline/Pipeline->then(Object(Closure))
#4 C:/Users/Sandy/Psikonutrisense/backend/vendor/laravel/framework/src/Illuminate/Routing/Router.php(784): Illuminate/Routing/Router->runRouteWithinStack(Object(Illuminate/Routing/Route), Object(Illuminate/Http/Request))
#5 C:/Users/Sandy/Psikonutrisense/backend/vendor/laravel/framework/src/Illuminate/Routing/Router.php(748): Illuminate/Routing/Router->runRoute(Object(Illuminate/Http/Request), Object(Illuminate/Routing/Route))
#6 C:/Users/Sandy/Psikonutrisense/backend/vendor/laravel/framework/src/Illuminate/Routing/Router.php(737): Illuminate/Routing/Router->dispatchToRoute(Object(Illuminate/Http/Request))
#7 C:/Users/Sandy/Psikonutrisense/backend/vendor/laravel/framework/src/Illuminate/Foundation/Http/Kernel.php(200): Illuminate/Routing/Router->dispatch(Object(Illuminate/Http/Request))
#8 C:/Users/Sandy/Psikonutrisense/backend/vendor/laravel/framework/src/Illuminate/Pipeline/Pipeline.php(144): Illuminate/Foundation/Http/Kernel->Illuminate/Foundation/Http/{closure}(Object(Illuminate/Http/Request))
#9 C:/Users/Sandy/Psikonutrisense/backend/vendor/laravel/framework/src/Illuminate/Foundation/Http/Middleware/TransformsRequest.php(21): Illuminate/Pipeline/Pipeline->Illuminate/Pipeline/{closure}(Object(Illuminate/Http/Request))
#10 C:/Users/Sandy/Psikonutrisense/backend/vendor/laravel/framework/src/Illuminate/Foundation/Http/Middleware/ConvertEmptyStringsToNull.php(31): Illuminate/Foundation/Http/Middleware/TransformsRequest->handle(Object(Illuminate/Http/Request), Object(Closure))
#11 C:/Users/Sandy/Psikonutrisense/backend/vendor/laravel/framework/src/Illuminate/Pipeline/Pipeline.php(183): Illuminate/Foundation/Http/Middleware/ConvertEmptyStringsToNull->handle(Object(Illuminate/Http/Request), Object(Closure))
#12 C:/Users/Sandy/Psikonutrisense/backend/vendor/laravel/framework/src/Illuminate/Foundation/Http/Middleware/ValidatePostSize.php(27): Illuminate/Pipeline/Pipeline->Illuminate/Pipeline/{closure}(Object(Illuminate/Http/Request))
#13 C:/Users/Sandy/Psikonutrisense/backend/vendor/laravel/framework/src/Illuminate/Pipeline/Pipeline.php(183): Illuminate/Foundation/Http/Middleware/ValidatePostSize->handle(Object(Illuminate/Http/Request), Object(Closure))
#14 C:/Users/Sandy/Psikonutrisense/backend/vendor/laravel/framework/src/Illuminate/Pipeline/Pipeline.php(119): Illuminate/Pipeline/Pipeline->Illuminate/Pipeline/{closure}(Object(Illuminate/Http/Request))
#15 C:/Users/Sandy/Psikonutrisense/backend/vendor/laravel/framework/src/Illuminate/Foundation/Http/Kernel.php(175): Illuminate/Pipeline/Pipeline->then(Object(Closure))
#16 C:/Users/Sandy/Psikonutrisense/backend/vendor/laravel/framework/src/Illuminate/Foundation/Http/Kernel.php(144): Illuminate/Foundation/Http/Kernel->sendRequestThroughRouter(Object(Illuminate/Http/Request))
#17 C:/Users/Sandy/Psikonutrisense/backend/public/index.php(19): Illuminate/Foundation/Http/Kernel->handle(Object(Illuminate/Http/Request))
#18 C:/Users/Sandy/Psikonutrisense/backend/server.php(11): require_once('C://Users//Sandy//...')
#19 {main}
"} 
[2026-09-20 15:11:15] local.ERROR: Object of type Illuminate\Auth\AuthManager is not callable {"exception":"[object] (Error(code: 0): Object of type Illuminate\\Auth\\AuthManager is not callable at C:/Users/Sandy/Psikonutrisense/backend/vendor/laravel/framework/src/Illuminate/Pipeline/Pipeline.php:184)
[stacktrace]
#0 C:/Users/Sandy/Psikonutrisense/backend/vendor/laravel/framework/src/Illuminate/Routing/Middleware/SubstituteBindings.php(50): Illuminate/Pipeline/Pipeline->Illuminate/Pipeline/{closure}(Object(Illuminate/Http/Request))
#1 C:/Users/Sandy/Psikonutrisense/backend/vendor/laravel/framework/src/Illuminate/Pipeline/Pipeline.php(183): Illuminate/Routing/Middleware/SubstituteBindings->handle(Object(Illuminate/Http/Request), Object(Closure))
#2 C:/Users/Sandy/Psikonutrisense/backend/vendor/laravel/framework/src/Illuminate/Pipeline/Pipeline.php(119): Illuminate/Pipeline/Pipeline->Illuminate/Pipeline/{closure}(Object(Illuminate/Http/Request))
#3 C:/Users/Sandy/Psikonutrisense/backend/vendor/laravel/framework/src/Illuminate/Routing/Router.php(807): Illuminate/Pipeline/Pipeline->then(Object(Closure))
#4 C:/Users/Sandy/Psikonutrisense/backend/vendor/laravel/framework/src/Illuminate/Routing/Router.php(784): Illuminate/Routing/Router->runRouteWithinStack(Object(Illuminate/Routing/Route), Object(Illuminate/Http/Request))
#5 C:/Users/Sandy/Psikonutrisense/backend/vendor/laravel/framework/src/Illuminate/Routing/Router.php(748): Illuminate/Routing/Router->runRoute(Object(Illuminate/Http/Request), Object(Illuminate/Routing/Route))
#6 C:/Users/Sandy/Psikonutrisense/backend/vendor/laravel/framework/src/Illuminate/Routing/Router.php(737): Illuminate/Routing/Router->dispatchToRoute(Object(Illuminate/Http/Request))
#7 C:/Users/Sandy/Psikonutrisense/backend/vendor/laravel/framework/src/Illuminate/Foundation/Http/Kernel.php(200): Illuminate/Routing/Router->dispatch(Object(Illuminate/Http/Request))
#8 C:/Users/Sandy/Psikonutrisense/backend/vendor/laravel/framework/src/Illuminate/Pipeline/Pipeline.php(144): Illuminate/Foundation/Http/Kernel->Illuminate/Foundation/Http/{closure}(Object(Illuminate/Http/Request))
#9 C:/Users/Sandy/Psikonutrisense/backend/vendor/laravel/framework/src/Illuminate/Foundation/Http/Middleware/TransformsRequest.php(21): Illuminate/Pipeline/Pipeline->Illuminate/Pipeline/{closure}(Object(Illuminate/Http/Request))
#10 C:/Users/Sandy/Psikonutrisense/backend/vendor/laravel/framework/src/Illuminate/Foundation/Http/Middleware/ConvertEmptyStringsToNull.php(31): Illuminate/Foundation/Http/Middleware/TransformsRequest->handle(Object(Illuminate/Http/Request), Object(Closure))
#11 C:/Users/Sandy/Psikonutrisense/backend/vendor/laravel/framework/src/Illuminate/Pipeline/Pipeline.php(183): Illuminate/Foundation/Http/Middleware/ConvertEmptyStringsToNull->handle(Object(Illuminate/Http/Request), Object(Closure))
#12 C:/Users/Sandy/Psikonutrisense/backend/vendor/laravel/framework/src/Illuminate/Foundation/Http/Middleware/ValidatePostSize.php(27): Illuminate/Pipeline/Pipeline->Illuminate/Pipeline/{closure}(Object(Illuminate/Http/Request))
#13 C:/Users/Sandy/Psikonutrisense/backend/vendor/laravel/framework/src/Illuminate/Pipeline/Pipeline.php(183): Illuminate/Foundation/Http/Middleware/ValidatePostSize->handle(Object(Illuminate/Http/Request), Object(Closure))
#14 C:/Users/Sandy/Psikonutrisense/backend/vendor/laravel/framework/src/Illuminate/Pipeline/Pipeline.php(119): Illuminate/Pipeline/Pipeline->Illuminate/Pipeline/{closure}(Object(Illuminate/Http/Request))
#15 C:/Users/Sandy/Psikonutrisense/backend/vendor/laravel/framework/src/Illuminate/Foundation/Http/Kernel.php(175): Illuminate/Pipeline/Pipeline->then(Object(Closure))
#16 C:/Users/Sandy/Psikonutrisense/backend/vendor/laravel/framework/src/Illuminate/Foundation/Http/Kernel.php(144): Illuminate/Foundation/Http/Kernel->sendRequestThroughRouter(Object(Illuminate/Http/Request))
#17 C:/Users/Sandy/Psikonutrisense/backend/public/index.php(19): Illuminate/Foundation/Http/Kernel->handle(Object(Illuminate/Http/Request))
#18 C:/Users/Sandy/Psikonutrisense/backend/server.php(11): require_once('C://Users//Sandy//...')
#19 {main}
"} 
[2026-09-20 15:11:15] local.ERROR: Object of type Illuminate\Auth\AuthManager is not callable {"exception":"[object] (Error(code: 0): Object of type Illuminate\\Auth\\AuthManager is not callable at C:/Users/Sandy/Psikonutrisense/backend/vendor/laravel/framework/src/Illuminate/Pipeline/Pipeline.php:184)
[stacktrace]
#0 C:/Users/Sandy/Psikonutrisense/backend/vendor/laravel/framework/src/Illuminate/Routing/Middleware/SubstituteBindings.php(50): Illuminate/Pipeline/Pipeline->Illuminate/Pipeline/{closure}(Object(Illuminate/Http/Request))
#1 C:/Users/Sandy/Psikonutrisense/backend/vendor/laravel/framework/src/Illuminate/Pipeline/Pipeline.php(183): Illuminate/Routing/Middleware/SubstituteBindings->handle(Object(Illuminate/Http/Request), Object(Closure))
#2 C:/Users/Sandy/Psikonutrisense/backend/vendor/laravel/framework/src/Illuminate/Pipeline/Pipeline.php(119): Illuminate/Pipeline/Pipeline->Illuminate/Pipeline/{closure}(Object(Illuminate/Http/Request))
#3 C:/Users/Sandy/Psikonutrisense/backend/vendor/laravel/framework/src/Illuminate/Routing/Router.php(807): Illuminate/Pipeline/Pipeline->then(Object(Closure))
#4 C:/Users/Sandy/Psikonutrisense/backend/vendor/laravel/framework/src/Illuminate/Routing/Router.php(784): Illuminate/Routing/Router->runRouteWithinStack(Object(Illuminate/Routing/Route), Object(Illuminate/Http/Request))
#5 C:/Users/Sandy/Psikonutrisense/backend/vendor/laravel/framework/src/Illuminate/Routing/Router.php(748): Illuminate/Routing/Router->runRoute(Object(Illuminate/Http/Request), Object(Illuminate/Routing/Route))
#6 C:/Users/Sandy/Psikonutrisense/backend/vendor/laravel/framework/src/Illuminate/Routing/Router.php(737): Illuminate/Routing/Router->dispatchToRoute(Object(Illuminate/Http/Request))
#7 C:/Users/Sandy/Psikonutrisense/backend/vendor/laravel/framework/src/Illuminate/Foundation/Http/Kernel.php(200): Illuminate/Routing/Router->dispatch(Object(Illuminate/Http/Request))
#8 C:/Users/Sandy/Psikonutrisense/backend/vendor/laravel/framework/src/Illuminate/Pipeline/Pipeline.php(144): Illuminate/Foundation/Http/Kernel->Illuminate/Foundation/Http/{closure}(Object(Illuminate/Http/Request))
#9 C:/Users/Sandy/Psikonutrisense/backend/vendor/laravel/framework/src/Illuminate/Foundation/Http/Middleware/TransformsRequest.php(21): Illuminate/Pipeline/Pipeline->Illuminate/Pipeline/{closure}(Object(Illuminate/Http/Request))
#10 C:/Users/Sandy/Psikonutrisense/backend/vendor/laravel/framework/src/Illuminate/Foundation/Http/Middleware/ConvertEmptyStringsToNull.php(31): Illuminate/Foundation/Http/Middleware/TransformsRequest->handle(Object(Illuminate/Http/Request), Object(Closure))
#11 C:/Users/Sandy/Psikonutrisense/backend/vendor/laravel/framework/src/Illuminate/Pipeline/Pipeline.php(183): Illuminate/Foundation/Http/Middleware/ConvertEmptyStringsToNull->handle(Object(Illuminate/Http/Request), Object(Closure))
#12 C:/Users/Sandy/Psikonutrisense/backend/vendor/laravel/framework/src/Illuminate/Foundation/Http/Middleware/ValidatePostSize.php(27): Illuminate/Pipeline/Pipeline->Illuminate/Pipeline/{closure}(Object(Illuminate/Http/Request))
#13 C:/Users/Sandy/Psikonutrisense/backend/vendor/laravel/framework/src/Illuminate/Pipeline/Pipeline.php(183): Illuminate/Foundation/Http/Middleware/ValidatePostSize->handle(Object(Illuminate/Http/Request), Object(Closure))
#14 C:/Users/Sandy/Psikonutrisense/backend/vendor/laravel/framework/src/Illuminate/Pipeline/Pipeline.php(119): Illuminate/Pipeline/Pipeline->Illuminate/Pipeline/{closure}(Object(Illuminate/Http/Request))
#15 C:/Users/Sandy/Psikonutrisense/backend/vendor/laravel/framework/src/Illuminate/Foundation/Http/Kernel.php(175): Illuminate/Pipeline/Pipeline->then(Object(Closure))
#16 C:/Users/Sandy/Psikonutrisense/backend/vendor/laravel/framework/src/Illuminate/Foundation/Http/Kernel.php(144): Illuminate/Foundation/Http/Kernel->sendRequestThroughRouter(Object(Illuminate/Http/Request))
#17 C:/Users/Sandy/Psikonutrisense/backend/public/index.php(19): Illuminate/Foundation/Http/Kernel->handle(Object(Illuminate/Http/Request))
#18 C:/Users/Sandy/Psikonutrisense/backend/server.php(11): require_once('C://Users//Sandy//...')
#19 {main}
"} 
[2026-09-20 15:11:18] local.ERROR: Object of type Illuminate\Auth\AuthManager is not callable {"exception":"[object] (Error(code: 0): Object of type Illuminate\\Auth\\AuthManager is not callable at C:/Users/Sandy/Psikonutrisense/backend/vendor/laravel/framework/src/Illuminate/Pipeline/Pipeline.php:184)
[stacktrace]
#0 C:/Users/Sandy/Psikonutrisense/backend/vendor/laravel/framework/src/Illuminate/Routing/Middleware/SubstituteBindings.php(50): Illuminate/Pipeline/Pipeline->Illuminate/Pipeline/{closure}(Object(Illuminate/Http/Request))
#1 C:/Users/Sandy/Psikonutrisense/backend/vendor/laravel/framework/src/Illuminate/Pipeline/Pipeline.php(183): Illuminate/Routing/Middleware/SubstituteBindings->handle(Object(Illuminate/Http/Request), Object(Closure))
#2 C:/Users/Sandy/Psikonutrisense/backend/vendor/laravel/framework/src/Illuminate/Pipeline/Pipeline.php(119): Illuminate/Pipeline/Pipeline->Illuminate/Pipeline/{closure}(Object(Illuminate/Http/Request))
#3 C:/Users/Sandy/Psikonutrisense/backend/vendor/laravel/framework/src/Illuminate/Routing/Router.php(807): Illuminate/Pipeline/Pipeline->then(Object(Closure))
#4 C:/Users/Sandy/Psikonutrisense/backend/vendor/laravel/framework/src/Illuminate/Routing/Router.php(784): Illuminate/Routing/Router->runRouteWithinStack(Object(Illuminate/Routing/Route), Object(Illuminate/Http/Request))
#5 C:/Users/Sandy/Psikonutrisense/backend/vendor/laravel/framework/src/Illuminate/Routing/Router.php(748): Illuminate/Routing/Router->runRoute(Object(Illuminate/Http/Request), Object(Illuminate/Routing/Route))
#6 C:/Users/Sandy/Psikonutrisense/backend/vendor/laravel/framework/src/Illuminate/Routing/Router.php(737): Illuminate/Routing/Router->dispatchToRoute(Object(Illuminate/Http/Request))
#7 C:/Users/Sandy/Psikonutrisense/backend/vendor/laravel/framework/src/Illuminate/Foundation/Http/Kernel.php(200): Illuminate/Routing/Router->dispatch(Object(Illuminate/Http/Request))
#8 C:/Users/Sandy/Psikonutrisense/backend/vendor/laravel/framework/src/Illuminate/Pipeline/Pipeline.php(144): Illuminate/Foundation/Http/Kernel->Illuminate/Foundation/Http/{closure}(Object(Illuminate/Http/Request))
#9 C:/Users/Sandy/Psikonutrisense/backend/vendor/laravel/framework/src/Illuminate/Foundation/Http/Middleware/TransformsRequest.php(21): Illuminate/Pipeline/Pipeline->Illuminate/Pipeline/{closure}(Object(Illuminate/Http/Request))
#10 C:/Users/Sandy/Psikonutrisense/backend/vendor/laravel/framework/src/Illuminate/Foundation/Http/Middleware/ConvertEmptyStringsToNull.php(31): Illuminate/Foundation/Http/Middleware/TransformsRequest->handle(Object(Illuminate/Http/Request), Object(Closure))
#11 C:/Users/Sandy/Psikonutrisense/backend/vendor/laravel/framework/src/Illuminate/Pipeline/Pipeline.php(183): Illuminate/Foundation/Http/Middleware/ConvertEmptyStringsToNull->handle(Object(Illuminate/Http/Request), Object(Closure))
#12 C:/Users/Sandy/Psikonutrisense/backend/vendor/laravel/framework/src/Illuminate/Foundation/Http/Middleware/ValidatePostSize.php(27): Illuminate/Pipeline/Pipeline->Illuminate/Pipeline/{closure}(Object(Illuminate/Http/Request))
#13 C:/Users/Sandy/Psikonutrisense/backend/vendor/laravel/framework/src/Illuminate/Pipeline/Pipeline.php(183): Illuminate/Foundation/Http/Middleware/ValidatePostSize->handle(Object(Illuminate/Http/Request), Object(Closure))
#14 C:/Users/Sandy/Psikonutrisense/backend/vendor/laravel/framework/src/Illuminate/Pipeline/Pipeline.php(119): Illuminate/Pipeline/Pipeline->Illuminate/Pipeline/{closure}(Object(Illuminate/Http/Request))
#15 C:/Users/Sandy/Psikonutrisense/backend/vendor/laravel/framework/src/Illuminate/Foundation/Http/Kernel.php(175): Illuminate/Pipeline/Pipeline->then(Object(Closure))
#16 C:/Users/Sandy/Psikonutrisense/backend/vendor/laravel/framework/src/Illuminate/Foundation/Http/Kernel.php(144): Illuminate/Foundation/Http/Kernel->sendRequestThroughRouter(Object(Illuminate/Http/Request))
#17 C:/Users/Sandy/Psikonutrisense/backend/public/index.php(19): Illuminate/Foundation/Http/Kernel->handle(Object(Illuminate/Http/Request))
#18 C:/Users/Sandy/Psikonutrisense/backend/server.php(11): require_once('C://Users//Sandy//...')
#19 {main}
"} 
[2026-09-20 15:11:18] local.ERROR: Object of type Illuminate\Auth\AuthManager is not callable {"exception":"[object] (Error(code: 0): Object of type Illuminate\\Auth\\AuthManager is not callable at C:/Users/Sandy/Psikonutrisense/backend/vendor/laravel/framework/src/Illuminate/Pipeline/Pipeline.php:184)
[stacktrace]
#0 C:/Users/Sandy/Psikonutrisense/backend/vendor/laravel/framework/src/Illuminate/Routing/Middleware/SubstituteBindings.php(50): Illuminate/Pipeline/Pipeline->Illuminate/Pipeline/{closure}(Object(Illuminate/Http/Request))
#1 C:/Users/Sandy/Psikonutrisense/backend/vendor/laravel/framework/src/Illuminate/Pipeline/Pipeline.php(183): Illuminate/Routing/Middleware/SubstituteBindings->handle(Object(Illuminate/Http/Request), Object(Closure))
#2 C:/Users/Sandy/Psikonutrisense/backend/vendor/laravel/framework/src/Illuminate/Pipeline/Pipeline.php(119): Illuminate/Pipeline/Pipeline->Illuminate/Pipeline/{closure}(Object(Illuminate/Http/Request))
#3 C:/Users/Sandy/Psikonutrisense/backend/vendor/laravel/framework/src/Illuminate/Routing/Router.php(807): Illuminate/Pipeline/Pipeline->then(Object(Closure))
#4 C:/Users/Sandy/Psikonutrisense/backend/vendor/laravel/framework/src/Illuminate/Routing/Router.php(784): Illuminate/Routing/Router->runRouteWithinStack(Object(Illuminate/Routing/Route), Object(Illuminate/Http/Request))
#5 C:/Users/Sandy/Psikonutrisense/backend/vendor/laravel/framework/src/Illuminate/Routing/Router.php(748): Illuminate/Routing/Router->runRoute(Object(Illuminate/Http/Request), Object(Illuminate/Routing/Route))
#6 C:/Users/Sandy/Psikonutrisense/backend/vendor/laravel/framework/src/Illuminate/Routing/Router.php(737): Illuminate/Routing/Router->dispatchToRoute(Object(Illuminate/Http/Request))
#7 C:/Users/Sandy/Psikonutrisense/backend/vendor/laravel/framework/src/Illuminate/Foundation/Http/Kernel.php(200): Illuminate/Routing/Router->dispatch(Object(Illuminate/Http/Request))
#8 C:/Users/Sandy/Psikonutrisense/backend/vendor/laravel/framework/src/Illuminate/Pipeline/Pipeline.php(144): Illuminate/Foundation/Http/Kernel->Illuminate/Foundation/Http/{closure}(Object(Illuminate/Http/Request))
#9 C:/Users/Sandy/Psikonutrisense/backend/vendor/laravel/framework/src/Illuminate/Foundation/Http/Middleware/TransformsRequest.php(21): Illuminate/Pipeline/Pipeline->Illuminate/Pipeline/{closure}(Object(Illuminate/Http/Request))
#10 C:/Users/Sandy/Psikonutrisense/backend/vendor/laravel/framework/src/Illuminate/Foundation/Http/Middleware/ConvertEmptyStringsToNull.php(31): Illuminate/Foundation/Http/Middleware/TransformsRequest->handle(Object(Illuminate/Http/Request), Object(Closure))
#11 C:/Users/Sandy/Psikonutrisense/backend/vendor/laravel/framework/src/Illuminate/Pipeline/Pipeline.php(183): Illuminate/Foundation/Http/Middleware/ConvertEmptyStringsToNull->handle(Object(Illuminate/Http/Request), Object(Closure))
#12 C:/Users/Sandy/Psikonutrisense/backend/vendor/laravel/framework/src/Illuminate/Foundation/Http/Middleware/ValidatePostSize.php(27): Illuminate/Pipeline/Pipeline->Illuminate/Pipeline/{closure}(Object(Illuminate/Http/Request))
#13 C:/Users/Sandy/Psikonutrisense/backend/vendor/laravel/framework/src/Illuminate/Pipeline/Pipeline.php(183): Illuminate/Foundation/Http/Middleware/ValidatePostSize->handle(Object(Illuminate/Http/Request), Object(Closure))
#14 C:/Users/Sandy/Psikonutrisense/backend/vendor/laravel/framework/src/Illuminate/Pipeline/Pipeline.php(119): Illuminate/Pipeline/Pipeline->Illuminate/Pipeline/{closure}(Object(Illuminate/Http/Request))
#15 C:/Users/Sandy/Psikonutrisense/backend/vendor/laravel/framework/src/Illuminate/Foundation/Http/Kernel.php(175): Illuminate/Pipeline/Pipeline->then(Object(Closure))
#16 C:/Users/Sandy/Psikonutrisense/backend/vendor/laravel/framework/src/Illuminate/Foundation/Http/Kernel.php(144): Illuminate/Foundation/Http/Kernel->sendRequestThroughRouter(Object(Illuminate/Http/Request))
#17 C:/Users/Sandy/Psikonutrisense/backend/public/index.php(19): Illuminate/Foundation/Http/Kernel->handle(Object(Illuminate/Http/Request))
#18 C:/Users/Sandy/Psikonutrisense/backend/server.php(11): require_once('C://Users//Sandy//...')
#19 {main}
"} 
[2026-09-20 15:11:19] local.ERROR: Object of type Illuminate\Auth\AuthManager is not callable {"exception":"[object] (Error(code: 0): Object of type Illuminate\\Auth\\AuthManager is not callable at C:/Users/Sandy/Psikonutrisense/backend/vendor/laravel/framework/src/Illuminate/Pipeline/Pipeline.php:184)
[stacktrace]
#0 C:/Users/Sandy/Psikonutrisense/backend/vendor/laravel/framework/src/Illuminate/Routing/Middleware/SubstituteBindings.php(50): Illuminate/Pipeline/Pipeline->Illuminate/Pipeline/{closure}(Object(Illuminate/Http/Request))
#1 C:/Users/Sandy/Psikonutrisense/backend/vendor/laravel/framework/src/Illuminate/Pipeline/Pipeline.php(183): Illuminate/Routing/Middleware/SubstituteBindings->handle(Object(Illuminate/Http/Request), Object(Closure))
#2 C:/Users/Sandy/Psikonutrisense/backend/vendor/laravel/framework/src/Illuminate/Pipeline/Pipeline.php(119): Illuminate/Pipeline/Pipeline->Illuminate/Pipeline/{closure}(Object(Illuminate/Http/Request))
#3 C:/Users/Sandy/Psikonutrisense/backend/vendor/laravel/framework/src/Illuminate/Routing/Router.php(807): Illuminate/Pipeline/Pipeline->then(Object(Closure))
#4 C:/Users/Sandy/Psikonutrisense/backend/vendor/laravel/framework/src/Illuminate/Routing/Router.php(784): Illuminate/Routing/Router->runRouteWithinStack(Object(Illuminate/Routing/Route), Object(Illuminate/Http/Request))
#5 C:/Users/Sandy/Psikonutrisense/backend/vendor/laravel/framework/src/Illuminate/Routing/Router.php(748): Illuminate/Routing/Router->runRoute(Object(Illuminate/Http/Request), Object(Illuminate/Routing/Route))
#6 C:/Users/Sandy/Psikonutrisense/backend/vendor/laravel/framework/src/Illuminate/Routing/Router.php(737): Illuminate/Routing/Router->dispatchToRoute(Object(Illuminate/Http/Request))
#7 C:/Users/Sandy/Psikonutrisense/backend/vendor/laravel/framework/src/Illuminate/Foundation/Http/Kernel.php(200): Illuminate/Routing/Router->dispatch(Object(Illuminate/Http/Request))
#8 C:/Users/Sandy/Psikonutrisense/backend/vendor/laravel/framework/src/Illuminate/Pipeline/Pipeline.php(144): Illuminate/Foundation/Http/Kernel->Illuminate/Foundation/Http/{closure}(Object(Illuminate/Http/Request))
#9 C:/Users/Sandy/Psikonutrisense/backend/vendor/laravel/framework/src/Illuminate/Foundation/Http/Middleware/TransformsRequest.php(21): Illuminate/Pipeline/Pipeline->Illuminate/Pipeline/{closure}(Object(Illuminate/Http/Request))
#10 C:/Users/Sandy/Psikonutrisense/backend/vendor/laravel/framework/src/Illuminate/Foundation/Http/Middleware/ConvertEmptyStringsToNull.php(31): Illuminate/Foundation/Http/Middleware/TransformsRequest->handle(Object(Illuminate/Http/Request), Object(Closure))
#11 C:/Users/Sandy/Psikonutrisense/backend/vendor/laravel/framework/src/Illuminate/Pipeline/Pipeline.php(183): Illuminate/Foundation/Http/Middleware/ConvertEmptyStringsToNull->handle(Object(Illuminate/Http/Request), Object(Closure))
#12 C:/Users/Sandy/Psikonutrisense/backend/vendor/laravel/framework/src/Illuminate/Foundation/Http/Middleware/ValidatePostSize.php(27): Illuminate/Pipeline/Pipeline->Illuminate/Pipeline/{closure}(Object(Illuminate/Http/Request))
#13 C:/Users/Sandy/Psikonutrisense/backend/vendor/laravel/framework/src/Illuminate/Pipeline/Pipeline.php(183): Illuminate/Foundation/Http/Middleware/ValidatePostSize->handle(Object(Illuminate/Http/Request), Object(Closure))
#14 C:/Users/Sandy/Psikonutrisense/backend/vendor/laravel/framework/src/Illuminate/Pipeline/Pipeline.php(119): Illuminate/Pipeline/Pipeline->Illuminate/Pipeline/{closure}(Object(Illuminate/Http/Request))
#15 C:/Users/Sandy/Psikonutrisense/backend/vendor/laravel/framework/src/Illuminate/Foundation/Http/Kernel.php(175): Illuminate/Pipeline/Pipeline->then(Object(Closure))
#16 C:/Users/Sandy/Psikonutrisense/backend/vendor/laravel/framework/src/Illuminate/Foundation/Http/Kernel.php(144): Illuminate/Foundation/Http/Kernel->sendRequestThroughRouter(Object(Illuminate/Http/Request))
#17 C:/Users/Sandy/Psikonutrisense/backend/public/index.php(19): Illuminate/Foundation/Http/Kernel->handle(Object(Illuminate/Http/Request))
#18 C:/Users/Sandy/Psikonutrisense/backend/server.php(11): require_once('C://Users//Sandy//...')
#19 {main}
"} 
[2026-09-20 15:11:24] local.ERROR: Object of type Illuminate\Auth\AuthManager is not callable {"exception":"[object] (Error(code: 0): Object of type Illuminate\\Auth\\AuthManager is not callable at C:/Users/Sandy/Psikonutrisense/backend/vendor/laravel/framework/src/Illuminate/Pipeline/Pipeline.php:184)
[stacktrace]
#0 C:/Users/Sandy/Psikonutrisense/backend/vendor/laravel/framework/src/Illuminate/Routing/Middleware/SubstituteBindings.php(50): Illuminate/Pipeline/Pipeline->Illuminate/Pipeline/{closure}(Object(Illuminate/Http/Request))
#1 C:/Users/Sandy/Psikonutrisense/backend/vendor/laravel/framework/src/Illuminate/Pipeline/Pipeline.php(183): Illuminate/Routing/Middleware/SubstituteBindings->handle(Object(Illuminate/Http/Request), Object(Closure))
#2 C:/Users/Sandy/Psikonutrisense/backend/vendor/laravel/framework/src/Illuminate/Pipeline/Pipeline.php(119): Illuminate/Pipeline/Pipeline->Illuminate/Pipeline/{closure}(Object(Illuminate/Http/Request))
#3 C:/Users/Sandy/Psikonutrisense/backend/vendor/laravel/framework/src/Illuminate/Routing/Router.php(807): Illuminate/Pipeline/Pipeline->then(Object(Closure))
#4 C:/Users/Sandy/Psikonutrisense/backend/vendor/laravel/framework/src/Illuminate/Routing/Router.php(784): Illuminate/Routing/Router->runRouteWithinStack(Object(Illuminate/Routing/Route), Object(Illuminate/Http/Request))
#5 C:/Users/Sandy/Psikonutrisense/backend/vendor/laravel/framework/src/Illuminate/Routing/Router.php(748): Illuminate/Routing/Router->runRoute(Object(Illuminate/Http/Request), Object(Illuminate/Routing/Route))
#6 C:/Users/Sandy/Psikonutrisense/backend/vendor/laravel/framework/src/Illuminate/Routing/Router.php(737): Illuminate/Routing/Router->dispatchToRoute(Object(Illuminate/Http/Request))
#7 C:/Users/Sandy/Psikonutrisense/backend/vendor/laravel/framework/src/Illuminate/Foundation/Http/Kernel.php(200): Illuminate/Routing/Router->dispatch(Object(Illuminate/Http/Request))
#8 C:/Users/Sandy/Psikonutrisense/backend/vendor/laravel/framework/src/Illuminate/Pipeline/Pipeline.php(144): Illuminate/Foundation/Http/Kernel->Illuminate/Foundation/Http/{closure}(Object(Illuminate/Http/Request))
#9 C:/Users/Sandy/Psikonutrisense/backend/vendor/laravel/framework/src/Illuminate/Foundation/Http/Middleware/TransformsRequest.php(21): Illuminate/Pipeline/Pipeline->Illuminate/Pipeline/{closure}(Object(Illuminate/Http/Request))
#10 C:/Users/Sandy/Psikonutrisense/backend/vendor/laravel/framework/src/Illuminate/Foundation/Http/Middleware/ConvertEmptyStringsToNull.php(31): Illuminate/Foundation/Http/Middleware/TransformsRequest->handle(Object(Illuminate/Http/Request), Object(Closure))
#11 C:/Users/Sandy/Psikonutrisense/backend/vendor/laravel/framework/src/Illuminate/Pipeline/Pipeline.php(183): Illuminate/Foundation/Http/Middleware/ConvertEmptyStringsToNull->handle(Object(Illuminate/Http/Request), Object(Closure))
#12 C:/Users/Sandy/Psikonutrisense/backend/vendor/laravel/framework/src/Illuminate/Foundation/Http/Middleware/ValidatePostSize.php(27): Illuminate/Pipeline/Pipeline->Illuminate/Pipeline/{closure}(Object(Illuminate/Http/Request))
#13 C:/Users/Sandy/Psikonutrisense/backend/vendor/laravel/framework/src/Illuminate/Pipeline/Pipeline.php(183): Illuminate/Foundation/Http/Middleware/ValidatePostSize->handle(Object(Illuminate/Http/Request), Object(Closure))
#14 C:/Users/Sandy/Psikonutrisense/backend/vendor/laravel/framework/src/Illuminate/Pipeline/Pipeline.php(119): Illuminate/Pipeline/Pipeline->Illuminate/Pipeline/{closure}(Object(Illuminate/Http/Request))
#15 C:/Users/Sandy/Psikonutrisense/backend/vendor/laravel/framework/src/Illuminate/Foundation/Http/Kernel.php(175): Illuminate/Pipeline/Pipeline->then(Object(Closure))
#16 C:/Users/Sandy/Psikonutrisense/backend/vendor/laravel/framework/src/Illuminate/Foundation/Http/Kernel.php(144): Illuminate/Foundation/Http/Kernel->sendRequestThroughRouter(Object(Illuminate/Http/Request))
#17 C:/Users/Sandy/Psikonutrisense/backend/public/index.php(19): Illuminate/Foundation/Http/Kernel->handle(Object(Illuminate/Http/Request))
#18 C:/Users/Sandy/Psikonutrisense/backend/server.php(11): require_once('C://Users//Sandy//...')
#19 {main}
"} 
[2026-09-20 15:11:24] local.ERROR: Object of type Illuminate\Auth\AuthManager is not callable {"exception":"[object] (Error(code: 0): Object of type Illuminate\\Auth\\AuthManager is not callable at C:/Users/Sandy/Psikonutrisense/backend/vendor/laravel/framework/src/Illuminate/Pipeline/Pipeline.php:184)
[stacktrace]
#0 C:/Users/Sandy/Psikonutrisense/backend/vendor/laravel/framework/src/Illuminate/Routing/Middleware/SubstituteBindings.php(50): Illuminate/Pipeline/Pipeline->Illuminate/Pipeline/{closure}(Object(Illuminate/Http/Request))
#1 C:/Users/Sandy/Psikonutrisense/backend/vendor/laravel/framework/src/Illuminate/Pipeline/Pipeline.php(183): Illuminate/Routing/Middleware/SubstituteBindings->handle(Object(Illuminate/Http/Request), Object(Closure))
#2 C:/Users/Sandy/Psikonutrisense/backend/vendor/laravel/framework/src/Illuminate/Pipeline/Pipeline.php(119): Illuminate/Pipeline/Pipeline->Illuminate/Pipeline/{closure}(Object(Illuminate/Http/Request))
#3 C:/Users/Sandy/Psikonutrisense/backend/vendor/laravel/framework/src/Illuminate/Routing/Router.php(807): Illuminate/Pipeline/Pipeline->then(Object(Closure))
#4 C:/Users/Sandy/Psikonutrisense/backend/vendor/laravel/framework/src/Illuminate/Routing/Router.php(784): Illuminate/Routing/Router->runRouteWithinStack(Object(Illuminate/Routing/Route), Object(Illuminate/Http/Request))
#5 C:/Users/Sandy/Psikonutrisense/backend/vendor/laravel/framework/src/Illuminate/Routing/Router.php(748): Illuminate/Routing/Router->runRoute(Object(Illuminate/Http/Request), Object(Illuminate/Routing/Route))
#6 C:/Users/Sandy/Psikonutrisense/backend/vendor/laravel/framework/src/Illuminate/Routing/Router.php(737): Illuminate/Routing/Router->dispatchToRoute(Object(Illuminate/Http/Request))
#7 C:/Users/Sandy/Psikonutrisense/backend/vendor/laravel/framework/src/Illuminate/Foundation/Http/Kernel.php(200): Illuminate/Routing/Router->dispatch(Object(Illuminate/Http/Request))
#8 C:/Users/Sandy/Psikonutrisense/backend/vendor/laravel/framework/src/Illuminate/Pipeline/Pipeline.php(144): Illuminate/Foundation/Http/Kernel->Illuminate/Foundation/Http/{closure}(Object(Illuminate/Http/Request))
#9 C:/Users/Sandy/Psikonutrisense/backend/vendor/laravel/framework/src/Illuminate/Foundation/Http/Middleware/TransformsRequest.php(21): Illuminate/Pipeline/Pipeline->Illuminate/Pipeline/{closure}(Object(Illuminate/Http/Request))
#10 C:/Users/Sandy/Psikonutrisense/backend/vendor/laravel/framework/src/Illuminate/Foundation/Http/Middleware/ConvertEmptyStringsToNull.php(31): Illuminate/Foundation/Http/Middleware/TransformsRequest->handle(Object(Illuminate/Http/Request), Object(Closure))
#11 C:/Users/Sandy/Psikonutrisense/backend/vendor/laravel/framework/src/Illuminate/Pipeline/Pipeline.php(183): Illuminate/Foundation/Http/Middleware/ConvertEmptyStringsToNull->handle(Object(Illuminate/Http/Request), Object(Closure))
#12 C:/Users/Sandy/Psikonutrisense/backend/vendor/laravel/framework/src/Illuminate/Foundation/Http/Middleware/ValidatePostSize.php(27): Illuminate/Pipeline/Pipeline->Illuminate/Pipeline/{closure}(Object(Illuminate/Http/Request))
#13 C:/Users/Sandy/Psikonutrisense/backend/vendor/laravel/framework/src/Illuminate/Pipeline/Pipeline.php(183): Illuminate/Foundation/Http/Middleware/ValidatePostSize->handle(Object(Illuminate/Http/Request), Object(Closure))
#14 C:/Users/Sandy/Psikonutrisense/backend/vendor/laravel/framework/src/Illuminate/Pipeline/Pipeline.php(119): Illuminate/Pipeline/Pipeline->Illuminate/Pipeline/{closure}(Object(Illuminate/Http/Request))
#15 C:/Users/Sandy/Psikonutrisense/backend/vendor/laravel/framework/src/Illuminate/Foundation/Http/Kernel.php(175): Illuminate/Pipeline/Pipeline->then(Object(Closure))
#16 C:/Users/Sandy/Psikonutrisense/backend/vendor/laravel/framework/src/Illuminate/Foundation/Http/Kernel.php(144): Illuminate/Foundation/Http/Kernel->sendRequestThroughRouter(Object(Illuminate/Http/Request))
#17 C:/Users/Sandy/Psikonutrisense/backend/public/index.php(19): Illuminate/Foundation/Http/Kernel->handle(Object(Illuminate/Http/Request))
#18 C:/Users/Sandy/Psikonutrisense/backend/server.php(11): require_once('C://Users//Sandy//...')
#19 {main}
"} 
[2026-09-20 15:11:24] local.ERROR: Object of type Illuminate\Auth\AuthManager is not callable {"exception":"[object] (Error(code: 0): Object of type Illuminate\\Auth\\AuthManager is not callable at C:/Users/Sandy/Psikonutrisense/backend/vendor/laravel/framework/src/Illuminate/Pipeline/Pipeline.php:184)
[stacktrace]
#0 C:/Users/Sandy/Psikonutrisense/backend/vendor/laravel/framework/src/Illuminate/Routing/Middleware/SubstituteBindings.php(50): Illuminate/Pipeline/Pipeline->Illuminate/Pipeline/{closure}(Object(Illuminate/Http/Request))
#1 C:/Users/Sandy/Psikonutrisense/backend/vendor/laravel/framework/src/Illuminate/Pipeline/Pipeline.php(183): Illuminate/Routing/Middleware/SubstituteBindings->handle(Object(Illuminate/Http/Request), Object(Closure))
#2 C:/Users/Sandy/Psikonutrisense/backend/vendor/laravel/framework/src/Illuminate/Pipeline/Pipeline.php(119): Illuminate/Pipeline/Pipeline->Illuminate/Pipeline/{closure}(Object(Illuminate/Http/Request))
#3 C:/Users/Sandy/Psikonutrisense/backend/vendor/laravel/framework/src/Illuminate/Routing/Router.php(807): Illuminate/Pipeline/Pipeline->then(Object(Closure))
#4 C:/Users/Sandy/Psikonutrisense/backend/vendor/laravel/framework/src/Illuminate/Routing/Router.php(784): Illuminate/Routing/Router->runRouteWithinStack(Object(Illuminate/Routing/Route), Object(Illuminate/Http/Request))
#5 C:/Users/Sandy/Psikonutrisense/backend/vendor/laravel/framework/src/Illuminate/Routing/Router.php(748): Illuminate/Routing/Router->runRoute(Object(Illuminate/Http/Request), Object(Illuminate/Routing/Route))
#6 C:/Users/Sandy/Psikonutrisense/backend/vendor/laravel/framework/src/Illuminate/Routing/Router.php(737): Illuminate/Routing/Router->dispatchToRoute(Object(Illuminate/Http/Request))
#7 C:/Users/Sandy/Psikonutrisense/backend/vendor/laravel/framework/src/Illuminate/Foundation/Http/Kernel.php(200): Illuminate/Routing/Router->dispatch(Object(Illuminate/Http/Request))
#8 C:/Users/Sandy/Psikonutrisense/backend/vendor/laravel/framework/src/Illuminate/Pipeline/Pipeline.php(144): Illuminate/Foundation/Http/Kernel->Illuminate/Foundation/Http/{closure}(Object(Illuminate/Http/Request))
#9 C:/Users/Sandy/Psikonutrisense/backend/vendor/laravel/framework/src/Illuminate/Foundation/Http/Middleware/TransformsRequest.php(21): Illuminate/Pipeline/Pipeline->Illuminate/Pipeline/{closure}(Object(Illuminate/Http/Request))
#10 C:/Users/Sandy/Psikonutrisense/backend/vendor/laravel/framework/src/Illuminate/Foundation/Http/Middleware/ConvertEmptyStringsToNull.php(31): Illuminate/Foundation/Http/Middleware/TransformsRequest->handle(Object(Illuminate/Http/Request), Object(Closure))
#11 C:/Users/Sandy/Psikonutrisense/backend/vendor/laravel/framework/src/Illuminate/Pipeline/Pipeline.php(183): Illuminate/Foundation/Http/Middleware/ConvertEmptyStringsToNull->handle(Object(Illuminate/Http/Request), Object(Closure))
#12 C:/Users/Sandy/Psikonutrisense/backend/vendor/laravel/framework/src/Illuminate/Foundation/Http/Middleware/ValidatePostSize.php(27): Illuminate/Pipeline/Pipeline->Illuminate/Pipeline/{closure}(Object(Illuminate/Http/Request))
#13 C:/Users/Sandy/Psikonutrisense/backend/vendor/laravel/framework/src/Illuminate/Pipeline/Pipeline.php(183): Illuminate/Foundation/Http/Middleware/ValidatePostSize->handle(Object(Illuminate/Http/Request), Object(Closure))
#14 C:/Users/Sandy/Psikonutrisense/backend/vendor/laravel/framework/src/Illuminate/Pipeline/Pipeline.php(119): Illuminate/Pipeline/Pipeline->Illuminate/Pipeline/{closure}(Object(Illuminate/Http/Request))
#15 C:/Users/Sandy/Psikonutrisense/backend/vendor/laravel/framework/src/Illuminate/Foundation/Http/Kernel.php(175): Illuminate/Pipeline/Pipeline->then(Object(Closure))
#16 C:/Users/Sandy/Psikonutrisense/backend/vendor/laravel/framework/src/Illuminate/Foundation/Http/Kernel.php(144): Illuminate/Foundation/Http/Kernel->sendRequestThroughRouter(Object(Illuminate/Http/Request))
#17 C:/Users/Sandy/Psikonutrisense/backend/public/index.php(19): Illuminate/Foundation/Http/Kernel->handle(Object(Illuminate/Http/Request))
#18 C:/Users/Sandy/Psikonutrisense/backend/server.php(11): require_once('C://Users//Sandy//...')
#19 {main}
"} 
[2026-09-20 15:11:28] local.ERROR: Object of type Illuminate\Auth\AuthManager is not callable {"exception":"[object] (Error(code: 0): Object of type Illuminate\\Auth\\AuthManager is not callable at C:/Users/Sandy/Psikonutrisense/backend/vendor/laravel/framework/src/Illuminate/Pipeline/Pipeline.php:184)
[stacktrace]
#0 C:/Users/Sandy/Psikonutrisense/backend/vendor/laravel/framework/src/Illuminate/Routing/Middleware/SubstituteBindings.php(50): Illuminate/Pipeline/Pipeline->Illuminate/Pipeline/{closure}(Object(Illuminate/Http/Request))
#1 C:/Users/Sandy/Psikonutrisense/backend/vendor/laravel/framework/src/Illuminate/Pipeline/Pipeline.php(183): Illuminate/Routing/Middleware/SubstituteBindings->handle(Object(Illuminate/Http/Request), Object(Closure))
#2 C:/Users/Sandy/Psikonutrisense/backend/vendor/laravel/framework/src/Illuminate/Pipeline/Pipeline.php(119): Illuminate/Pipeline/Pipeline->Illuminate/Pipeline/{closure}(Object(Illuminate/Http/Request))
#3 C:/Users/Sandy/Psikonutrisense/backend/vendor/laravel/framework/src/Illuminate/Routing/Router.php(807): Illuminate/Pipeline/Pipeline->then(Object(Closure))
#4 C:/Users/Sandy/Psikonutrisense/backend/vendor/laravel/framework/src/Illuminate/Routing/Router.php(784): Illuminate/Routing/Router->runRouteWithinStack(Object(Illuminate/Routing/Route), Object(Illuminate/Http/Request))
#5 C:/Users/Sandy/Psikonutrisense/backend/vendor/laravel/framework/src/Illuminate/Routing/Router.php(748): Illuminate/Routing/Router->runRoute(Object(Illuminate/Http/Request), Object(Illuminate/Routing/Route))
#6 C:/Users/Sandy/Psikonutrisense/backend/vendor/laravel/framework/src/Illuminate/Routing/Router.php(737): Illuminate/Routing/Router->dispatchToRoute(Object(Illuminate/Http/Request))
#7 C:/Users/Sandy/Psikonutrisense/backend/vendor/laravel/framework/src/Illuminate/Foundation/Http/Kernel.php(200): Illuminate/Routing/Router->dispatch(Object(Illuminate/Http/Request))
#8 C:/Users/Sandy/Psikonutrisense/backend/vendor/laravel/framework/src/Illuminate/Pipeline/Pipeline.php(144): Illuminate/Foundation/Http/Kernel->Illuminate/Foundation/Http/{closure}(Object(Illuminate/Http/Request))
#9 C:/Users/Sandy/Psikonutrisense/backend/vendor/laravel/framework/src/Illuminate/Foundation/Http/Middleware/TransformsRequest.php(21): Illuminate/Pipeline/Pipeline->Illuminate/Pipeline/{closure}(Object(Illuminate/Http/Request))
#10 C:/Users/Sandy/Psikonutrisense/backend/vendor/laravel/framework/src/Illuminate/Foundation/Http/Middleware/ConvertEmptyStringsToNull.php(31): Illuminate/Foundation/Http/Middleware/TransformsRequest->handle(Object(Illuminate/Http/Request), Object(Closure))
#11 C:/Users/Sandy/Psikonutrisense/backend/vendor/laravel/framework/src/Illuminate/Pipeline/Pipeline.php(183): Illuminate/Foundation/Http/Middleware/ConvertEmptyStringsToNull->handle(Object(Illuminate/Http/Request), Object(Closure))
#12 C:/Users/Sandy/Psikonutrisense/backend/vendor/laravel/framework/src/Illuminate/Foundation/Http/Middleware/ValidatePostSize.php(27): Illuminate/Pipeline/Pipeline->Illuminate/Pipeline/{closure}(Object(Illuminate/Http/Request))
#13 C:/Users/Sandy/Psikonutrisense/backend/vendor/laravel/framework/src/Illuminate/Pipeline/Pipeline.php(183): Illuminate/Foundation/Http/Middleware/ValidatePostSize->handle(Object(Illuminate/Http/Request), Object(Closure))
#14 C:/Users/Sandy/Psikonutrisense/backend/vendor/laravel/framework/src/Illuminate/Pipeline/Pipeline.php(119): Illuminate/Pipeline/Pipeline->Illuminate/Pipeline/{closure}(Object(Illuminate/Http/Request))
#15 C:/Users/Sandy/Psikonutrisense/backend/vendor/laravel/framework/src/Illuminate/Foundation/Http/Kernel.php(175): Illuminate/Pipeline/Pipeline->then(Object(Closure))
#16 C:/Users/Sandy/Psikonutrisense/backend/vendor/laravel/framework/src/Illuminate/Foundation/Http/Kernel.php(144): Illuminate/Foundation/Http/Kernel->sendRequestThroughRouter(Object(Illuminate/Http/Request))
#17 C:/Users/Sandy/Psikonutrisense/backend/public/index.php(19): Illuminate/Foundation/Http/Kernel->handle(Object(Illuminate/Http/Request))
#18 C:/Users/Sandy/Psikonutrisense/backend/server.php(11): require_once('C://Users//Sandy//...')
#19 {main}
"} 
[2026-09-20 15:11:28] local.ERROR: Object of type Illuminate\Auth\AuthManager is not callable {"exception":"[object] (Error(code: 0): Object of type Illuminate\\Auth\\AuthManager is not callable at C:/Users/Sandy/Psikonutrisense/backend/vendor/laravel/framework/src/Illuminate/Pipeline/Pipeline.php:184)
[stacktrace]
#0 C:/Users/Sandy/Psikonutrisense/backend/vendor/laravel/framework/src/Illuminate/Routing/Middleware/SubstituteBindings.php(50): Illuminate/Pipeline/Pipeline->Illuminate/Pipeline/{closure}(Object(Illuminate/Http/Request))
#1 C:/Users/Sandy/Psikonutrisense/backend/vendor/laravel/framework/src/Illuminate/Pipeline/Pipeline.php(183): Illuminate/Routing/Middleware/SubstituteBindings->handle(Object(Illuminate/Http/Request), Object(Closure))
#2 C:/Users/Sandy/Psikonutrisense/backend/vendor/laravel/framework/src/Illuminate/Pipeline/Pipeline.php(119): Illuminate/Pipeline/Pipeline->Illuminate/Pipeline/{closure}(Object(Illuminate/Http/Request))
#3 C:/Users/Sandy/Psikonutrisense/backend/vendor/laravel/framework/src/Illuminate/Routing/Router.php(807): Illuminate/Pipeline/Pipeline->then(Object(Closure))
#4 C:/Users/Sandy/Psikonutrisense/backend/vendor/laravel/framework/src/Illuminate/Routing/Router.php(784): Illuminate/Routing/Router->runRouteWithinStack(Object(Illuminate/Routing/Route), Object(Illuminate/Http/Request))
#5 C:/Users/Sandy/Psikonutrisense/backend/vendor/laravel/framework/src/Illuminate/Routing/Router.php(748): Illuminate/Routing/Router->runRoute(Object(Illuminate/Http/Request), Object(Illuminate/Routing/Route))
#6 C:/Users/Sandy/Psikonutrisense/backend/vendor/laravel/framework/src/Illuminate/Routing/Router.php(737): Illuminate/Routing/Router->dispatchToRoute(Object(Illuminate/Http/Request))
#7 C:/Users/Sandy/Psikonutrisense/backend/vendor/laravel/framework/src/Illuminate/Foundation/Http/Kernel.php(200): Illuminate/Routing/Router->dispatch(Object(Illuminate/Http/Request))
#8 C:/Users/Sandy/Psikonutrisense/backend/vendor/laravel/framework/src/Illuminate/Pipeline/Pipeline.php(144): Illuminate/Foundation/Http/Kernel->Illuminate/Foundation/Http/{closure}(Object(Illuminate/Http/Request))
#9 C:/Users/Sandy/Psikonutrisense/backend/vendor/laravel/framework/src/Illuminate/Foundation/Http/Middleware/TransformsRequest.php(21): Illuminate/Pipeline/Pipeline->Illuminate/Pipeline/{closure}(Object(Illuminate/Http/Request))
#10 C:/Users/Sandy/Psikonutrisense/backend/vendor/laravel/framework/src/Illuminate/Foundation/Http/Middleware/ConvertEmptyStringsToNull.php(31): Illuminate/Foundation/Http/Middleware/TransformsRequest->handle(Object(Illuminate/Http/Request), Object(Closure))
#11 C:/Users/Sandy/Psikonutrisense/backend/vendor/laravel/framework/src/Illuminate/Pipeline/Pipeline.php(183): Illuminate/Foundation/Http/Middleware/ConvertEmptyStringsToNull->handle(Object(Illuminate/Http/Request), Object(Closure))
#12 C:/Users/Sandy/Psikonutrisense/backend/vendor/laravel/framework/src/Illuminate/Foundation/Http/Middleware/ValidatePostSize.php(27): Illuminate/Pipeline/Pipeline->Illuminate/Pipeline/{closure}(Object(Illuminate/Http/Request))
#13 C:/Users/Sandy/Psikonutrisense/backend/vendor/laravel/framework/src/Illuminate/Pipeline/Pipeline.php(183): Illuminate/Foundation/Http/Middleware/ValidatePostSize->handle(Object(Illuminate/Http/Request), Object(Closure))
#14 C:/Users/Sandy/Psikonutrisense/backend/vendor/laravel/framework/src/Illuminate/Pipeline/Pipeline.php(119): Illuminate/Pipeline/Pipeline->Illuminate/Pipeline/{closure}(Object(Illuminate/Http/Request))
#15 C:/Users/Sandy/Psikonutrisense/backend/vendor/laravel/framework/src/Illuminate/Foundation/Http/Kernel.php(175): Illuminate/Pipeline/Pipeline->then(Object(Closure))
#16 C:/Users/Sandy/Psikonutrisense/backend/vendor/laravel/framework/src/Illuminate/Foundation/Http/Kernel.php(144): Illuminate/Foundation/Http/Kernel->sendRequestThroughRouter(Object(Illuminate/Http/Request))
#17 C:/Users/Sandy/Psikonutrisense/backend/public/index.php(19): Illuminate/Foundation/Http/Kernel->handle(Object(Illuminate/Http/Request))
#18 C:/Users/Sandy/Psikonutrisense/backend/server.php(11): require_once('C://Users//Sandy//...')
#19 {main}
"} 
[2026-09-20 15:11:28] local.ERROR: Object of type Illuminate\Auth\AuthManager is not callable {"exception":"[object] (Error(code: 0): Object of type Illuminate\\Auth\\AuthManager is not callable at C:/Users/Sandy/Psikonutrisense/backend/vendor/laravel/framework/src/Illuminate/Pipeline/Pipeline.php:184)
[stacktrace]
#0 C:/Users/Sandy/Psikonutrisense/backend/vendor/laravel/framework/src/Illuminate/Routing/Middleware/SubstituteBindings.php(50): Illuminate/Pipeline/Pipeline->Illuminate/Pipeline/{closure}(Object(Illuminate/Http/Request))
#1 C:/Users/Sandy/Psikonutrisense/backend/vendor/laravel/framework/src/Illuminate/Pipeline/Pipeline.php(183): Illuminate/Routing/Middleware/SubstituteBindings->handle(Object(Illuminate/Http/Request), Object(Closure))
#2 C:/Users/Sandy/Psikonutrisense/backend/vendor/laravel/framework/src/Illuminate/Pipeline/Pipeline.php(119): Illuminate/Pipeline/Pipeline->Illuminate/Pipeline/{closure}(Object(Illuminate/Http/Request))
#3 C:/Users/Sandy/Psikonutrisense/backend/vendor/laravel/framework/src/Illuminate/Routing/Router.php(807): Illuminate/Pipeline/Pipeline->then(Object(Closure))
#4 C:/Users/Sandy/Psikonutrisense/backend/vendor/laravel/framework/src/Illuminate/Routing/Router.php(784): Illuminate/Routing/Router->runRouteWithinStack(Object(Illuminate/Routing/Route), Object(Illuminate/Http/Request))
#5 C:/Users/Sandy/Psikonutrisense/backend/vendor/laravel/framework/src/Illuminate/Routing/Router.php(748): Illuminate/Routing/Router->runRoute(Object(Illuminate/Http/Request), Object(Illuminate/Routing/Route))
#6 C:/Users/Sandy/Psikonutrisense/backend/vendor/laravel/framework/src/Illuminate/Routing/Router.php(737): Illuminate/Routing/Router->dispatchToRoute(Object(Illuminate/Http/Request))
#7 C:/Users/Sandy/Psikonutrisense/backend/vendor/laravel/framework/src/Illuminate/Foundation/Http/Kernel.php(200): Illuminate/Routing/Router->dispatch(Object(Illuminate/Http/Request))
#8 C:/Users/Sandy/Psikonutrisense/backend/vendor/laravel/framework/src/Illuminate/Pipeline/Pipeline.php(144): Illuminate/Foundation/Http/Kernel->Illuminate/Foundation/Http/{closure}(Object(Illuminate/Http/Request))
#9 C:/Users/Sandy/Psikonutrisense/backend/vendor/laravel/framework/src/Illuminate/Foundation/Http/Middleware/TransformsRequest.php(21): Illuminate/Pipeline/Pipeline->Illuminate/Pipeline/{closure}(Object(Illuminate/Http/Request))
#10 C:/Users/Sandy/Psikonutrisense/backend/vendor/laravel/framework/src/Illuminate/Foundation/Http/Middleware/ConvertEmptyStringsToNull.php(31): Illuminate/Foundation/Http/Middleware/TransformsRequest->handle(Object(Illuminate/Http/Request), Object(Closure))
#11 C:/Users/Sandy/Psikonutrisense/backend/vendor/laravel/framework/src/Illuminate/Pipeline/Pipeline.php(183): Illuminate/Foundation/Http/Middleware/ConvertEmptyStringsToNull->handle(Object(Illuminate/Http/Request), Object(Closure))
#12 C:/Users/Sandy/Psikonutrisense/backend/vendor/laravel/framework/src/Illuminate/Foundation/Http/Middleware/ValidatePostSize.php(27): Illuminate/Pipeline/Pipeline->Illuminate/Pipeline/{closure}(Object(Illuminate/Http/Request))
#13 C:/Users/Sandy/Psikonutrisense/backend/vendor/laravel/framework/src/Illuminate/Pipeline/Pipeline.php(183): Illuminate/Foundation/Http/Middleware/ValidatePostSize->handle(Object(Illuminate/Http/Request), Object(Closure))
#14 C:/Users/Sandy/Psikonutrisense/backend/vendor/laravel/framework/src/Illuminate/Pipeline/Pipeline.php(119): Illuminate/Pipeline/Pipeline->Illuminate/Pipeline/{closure}(Object(Illuminate/Http/Request))
#15 C:/Users/Sandy/Psikonutrisense/backend/vendor/laravel/framework/src/Illuminate/Foundation/Http/Kernel.php(175): Illuminate/Pipeline/Pipeline->then(Object(Closure))
#16 C:/Users/Sandy/Psikonutrisense/backend/vendor/laravel/framework/src/Illuminate/Foundation/Http/Kernel.php(144): Illuminate/Foundation/Http/Kernel->sendRequestThroughRouter(Object(Illuminate/Http/Request))
#17 C:/Users/Sandy/Psikonutrisense/backend/public/index.php(19): Illuminate/Foundation/Http/Kernel->handle(Object(Illuminate/Http/Request))
#18 C:/Users/Sandy/Psikonutrisense/backend/server.php(11): require_once('C://Users//Sandy//...')
#19 {main}
"} 
[2026-09-20 15:11:33] local.ERROR: Object of type Illuminate\Auth\AuthManager is not callable {"exception":"[object] (Error(code: 0): Object of type Illuminate\\Auth\\AuthManager is not callable at C:/Users/Sandy/Psikonutrisense/backend/vendor/laravel/framework/src/Illuminate/Pipeline/Pipeline.php:184)
[stacktrace]
#0 C:/Users/Sandy/Psikonutrisense/backend/vendor/laravel/framework/src/Illuminate/Routing/Middleware/SubstituteBindings.php(50): Illuminate/Pipeline/Pipeline->Illuminate/Pipeline/{closure}(Object(Illuminate/Http/Request))
#1 C:/Users/Sandy/Psikonutrisense/backend/vendor/laravel/framework/src/Illuminate/Pipeline/Pipeline.php(183): Illuminate/Routing/Middleware/SubstituteBindings->handle(Object(Illuminate/Http/Request), Object(Closure))
#2 C:/Users/Sandy/Psikonutrisense/backend/vendor/laravel/framework/src/Illuminate/Pipeline/Pipeline.php(119): Illuminate/Pipeline/Pipeline->Illuminate/Pipeline/{closure}(Object(Illuminate/Http/Request))
#3 C:/Users/Sandy/Psikonutrisense/backend/vendor/laravel/framework/src/Illuminate/Routing/Router.php(807): Illuminate/Pipeline/Pipeline->then(Object(Closure))
#4 C:/Users/Sandy/Psikonutrisense/backend/vendor/laravel/framework/src/Illuminate/Routing/Router.php(784): Illuminate/Routing/Router->runRouteWithinStack(Object(Illuminate/Routing/Route), Object(Illuminate/Http/Request))
#5 C:/Users/Sandy/Psikonutrisense/backend/vendor/laravel/framework/src/Illuminate/Routing/Router.php(748): Illuminate/Routing/Router->runRoute(Object(Illuminate/Http/Request), Object(Illuminate/Routing/Route))
#6 C:/Users/Sandy/Psikonutrisense/backend/vendor/laravel/framework/src/Illuminate/Routing/Router.php(737): Illuminate/Routing/Router->dispatchToRoute(Object(Illuminate/Http/Request))
#7 C:/Users/Sandy/Psikonutrisense/backend/vendor/laravel/framework/src/Illuminate/Foundation/Http/Kernel.php(200): Illuminate/Routing/Router->dispatch(Object(Illuminate/Http/Request))
#8 C:/Users/Sandy/Psikonutrisense/backend/vendor/laravel/framework/src/Illuminate/Pipeline/Pipeline.php(144): Illuminate/Foundation/Http/Kernel->Illuminate/Foundation/Http/{closure}(Object(Illuminate/Http/Request))
#9 C:/Users/Sandy/Psikonutrisense/backend/vendor/laravel/framework/src/Illuminate/Foundation/Http/Middleware/TransformsRequest.php(21): Illuminate/Pipeline/Pipeline->Illuminate/Pipeline/{closure}(Object(Illuminate/Http/Request))
#10 C:/Users/Sandy/Psikonutrisense/backend/vendor/laravel/framework/src/Illuminate/Foundation/Http/Middleware/ConvertEmptyStringsToNull.php(31): Illuminate/Foundation/Http/Middleware/TransformsRequest->handle(Object(Illuminate/Http/Request), Object(Closure))
#11 C:/Users/Sandy/Psikonutrisense/backend/vendor/laravel/framework/src/Illuminate/Pipeline/Pipeline.php(183): Illuminate/Foundation/Http/Middleware/ConvertEmptyStringsToNull->handle(Object(Illuminate/Http/Request), Object(Closure))
#12 C:/Users/Sandy/Psikonutrisense/backend/vendor/laravel/framework/src/Illuminate/Foundation/Http/Middleware/ValidatePostSize.php(27): Illuminate/Pipeline/Pipeline->Illuminate/Pipeline/{closure}(Object(Illuminate/Http/Request))
#13 C:/Users/Sandy/Psikonutrisense/backend/vendor/laravel/framework/src/Illuminate/Pipeline/Pipeline.php(183): Illuminate/Foundation/Http/Middleware/ValidatePostSize->handle(Object(Illuminate/Http/Request), Object(Closure))
#14 C:/Users/Sandy/Psikonutrisense/backend/vendor/laravel/framework/src/Illuminate/Pipeline/Pipeline.php(119): Illuminate/Pipeline/Pipeline->Illuminate/Pipeline/{closure}(Object(Illuminate/Http/Request))
#15 C:/Users/Sandy/Psikonutrisense/backend/vendor/laravel/framework/src/Illuminate/Foundation/Http/Kernel.php(175): Illuminate/Pipeline/Pipeline->then(Object(Closure))
#16 C:/Users/Sandy/Psikonutrisense/backend/vendor/laravel/framework/src/Illuminate/Foundation/Http/Kernel.php(144): Illuminate/Foundation/Http/Kernel->sendRequestThroughRouter(Object(Illuminate/Http/Request))
#17 C:/Users/Sandy/Psikonutrisense/backend/public/index.php(19): Illuminate/Foundation/Http/Kernel->handle(Object(Illuminate/Http/Request))
#18 C:/Users/Sandy/Psikonutrisense/backend/server.php(11): require_once('C://Users//Sandy//...')
#19 {main}
"} 
[2026-09-20 15:11:33] local.ERROR: Object of type Illuminate\Auth\AuthManager is not callable {"exception":"[object] (Error(code: 0): Object of type Illuminate\\Auth\\AuthManager is not callable at C:/Users/Sandy/Psikonutrisense/backend/vendor/laravel/framework/src/Illuminate/Pipeline/Pipeline.php:184)
[stacktrace]
#0 C:/Users/Sandy/Psikonutrisense/backend/vendor/laravel/framework/src/Illuminate/Routing/Middleware/SubstituteBindings.php(50): Illuminate/Pipeline/Pipeline->Illuminate/Pipeline/{closure}(Object(Illuminate/Http/Request))
#1 C:/Users/Sandy/Psikonutrisense/backend/vendor/laravel/framework/src/Illuminate/Pipeline/Pipeline.php(183): Illuminate/Routing/Middleware/SubstituteBindings->handle(Object(Illuminate/Http/Request), Object(Closure))
#2 C:/Users/Sandy/Psikonutrisense/backend/vendor/laravel/framework/src/Illuminate/Pipeline/Pipeline.php(119): Illuminate/Pipeline/Pipeline->Illuminate/Pipeline/{closure}(Object(Illuminate/Http/Request))
#3 C:/Users/Sandy/Psikonutrisense/backend/vendor/laravel/framework/src/Illuminate/Routing/Router.php(807): Illuminate/Pipeline/Pipeline->then(Object(Closure))
#4 C:/Users/Sandy/Psikonutrisense/backend/vendor/laravel/framework/src/Illuminate/Routing/Router.php(784): Illuminate/Routing/Router->runRouteWithinStack(Object(Illuminate/Routing/Route), Object(Illuminate/Http/Request))
#5 C:/Users/Sandy/Psikonutrisense/backend/vendor/laravel/framework/src/Illuminate/Routing/Router.php(748): Illuminate/Routing/Router->runRoute(Object(Illuminate/Http/Request), Object(Illuminate/Routing/Route))
#6 C:/Users/Sandy/Psikonutrisense/backend/vendor/laravel/framework/src/Illuminate/Routing/Router.php(737): Illuminate/Routing/Router->dispatchToRoute(Object(Illuminate/Http/Request))
#7 C:/Users/Sandy/Psikonutrisense/backend/vendor/laravel/framework/src/Illuminate/Foundation/Http/Kernel.php(200): Illuminate/Routing/Router->dispatch(Object(Illuminate/Http/Request))
#8 C:/Users/Sandy/Psikonutrisense/backend/vendor/laravel/framework/src/Illuminate/Pipeline/Pipeline.php(144): Illuminate/Foundation/Http/Kernel->Illuminate/Foundation/Http/{closure}(Object(Illuminate/Http/Request))
#9 C:/Users/Sandy/Psikonutrisense/backend/vendor/laravel/framework/src/Illuminate/Foundation/Http/Middleware/TransformsRequest.php(21): Illuminate/Pipeline/Pipeline->Illuminate/Pipeline/{closure}(Object(Illuminate/Http/Request))
#10 C:/Users/Sandy/Psikonutrisense/backend/vendor/laravel/framework/src/Illuminate/Foundation/Http/Middleware/ConvertEmptyStringsToNull.php(31): Illuminate/Foundation/Http/Middleware/TransformsRequest->handle(Object(Illuminate/Http/Request), Object(Closure))
#11 C:/Users/Sandy/Psikonutrisense/backend/vendor/laravel/framework/src/Illuminate/Pipeline/Pipeline.php(183): Illuminate/Foundation/Http/Middleware/ConvertEmptyStringsToNull->handle(Object(Illuminate/Http/Request), Object(Closure))
#12 C:/Users/Sandy/Psikonutrisense/backend/vendor/laravel/framework/src/Illuminate/Foundation/Http/Middleware/ValidatePostSize.php(27): Illuminate/Pipeline/Pipeline->Illuminate/Pipeline/{closure}(Object(Illuminate/Http/Request))
#13 C:/Users/Sandy/Psikonutrisense/backend/vendor/laravel/framework/src/Illuminate/Pipeline/Pipeline.php(183): Illuminate/Foundation/Http/Middleware/ValidatePostSize->handle(Object(Illuminate/Http/Request), Object(Closure))
#14 C:/Users/Sandy/Psikonutrisense/backend/vendor/laravel/framework/src/Illuminate/Pipeline/Pipeline.php(119): Illuminate/Pipeline/Pipeline->Illuminate/Pipeline/{closure}(Object(Illuminate/Http/Request))
#15 C:/Users/Sandy/Psikonutrisense/backend/vendor/laravel/framework/src/Illuminate/Foundation/Http/Kernel.php(175): Illuminate/Pipeline/Pipeline->then(Object(Closure))
#16 C:/Users/Sandy/Psikonutrisense/backend/vendor/laravel/framework/src/Illuminate/Foundation/Http/Kernel.php(144): Illuminate/Foundation/Http/Kernel->sendRequestThroughRouter(Object(Illuminate/Http/Request))
#17 C:/Users/Sandy/Psikonutrisense/backend/public/index.php(19): Illuminate/Foundation/Http/Kernel->handle(Object(Illuminate/Http/Request))
#18 C:/Users/Sandy/Psikonutrisense/backend/server.php(11): require_once('C://Users//Sandy//...')
#19 {main}
"} 
[2026-09-20 15:11:33] local.ERROR: Object of type Illuminate\Auth\AuthManager is not callable {"exception":"[object] (Error(code: 0): Object of type Illuminate\\Auth\\AuthManager is not callable at C:/Users/Sandy/Psikonutrisense/backend/vendor/laravel/framework/src/Illuminate/Pipeline/Pipeline.php:184)
[stacktrace]
#0 C:/Users/Sandy/Psikonutrisense/backend/vendor/laravel/framework/src/Illuminate/Routing/Middleware/SubstituteBindings.php(50): Illuminate/Pipeline/Pipeline->Illuminate/Pipeline/{closure}(Object(Illuminate/Http/Request))
#1 C:/Users/Sandy/Psikonutrisense/backend/vendor/laravel/framework/src/Illuminate/Pipeline/Pipeline.php(183): Illuminate/Routing/Middleware/SubstituteBindings->handle(Object(Illuminate/Http/Request), Object(Closure))
#2 C:/Users/Sandy/Psikonutrisense/backend/vendor/laravel/framework/src/Illuminate/Pipeline/Pipeline.php(119): Illuminate/Pipeline/Pipeline->Illuminate/Pipeline/{closure}(Object(Illuminate/Http/Request))
#3 C:/Users/Sandy/Psikonutrisense/backend/vendor/laravel/framework/src/Illuminate/Routing/Router.php(807): Illuminate/Pipeline/Pipeline->then(Object(Closure))
#4 C:/Users/Sandy/Psikonutrisense/backend/vendor/laravel/framework/src/Illuminate/Routing/Router.php(784): Illuminate/Routing/Router->runRouteWithinStack(Object(Illuminate/Routing/Route), Object(Illuminate/Http/Request))
#5 C:/Users/Sandy/Psikonutrisense/backend/vendor/laravel/framework/src/Illuminate/Routing/Router.php(748): Illuminate/Routing/Router->runRoute(Object(Illuminate/Http/Request), Object(Illuminate/Routing/Route))
#6 C:/Users/Sandy/Psikonutrisense/backend/vendor/laravel/framework/src/Illuminate/Routing/Router.php(737): Illuminate/Routing/Router->dispatchToRoute(Object(Illuminate/Http/Request))
#7 C:/Users/Sandy/Psikonutrisense/backend/vendor/laravel/framework/src/Illuminate/Foundation/Http/Kernel.php(200): Illuminate/Routing/Router->dispatch(Object(Illuminate/Http/Request))
#8 C:/Users/Sandy/Psikonutrisense/backend/vendor/laravel/framework/src/Illuminate/Pipeline/Pipeline.php(144): Illuminate/Foundation/Http/Kernel->Illuminate/Foundation/Http/{closure}(Object(Illuminate/Http/Request))
#9 C:/Users/Sandy/Psikonutrisense/backend/vendor/laravel/framework/src/Illuminate/Foundation/Http/Middleware/TransformsRequest.php(21): Illuminate/Pipeline/Pipeline->Illuminate/Pipeline/{closure}(Object(Illuminate/Http/Request))
#10 C:/Users/Sandy/Psikonutrisense/backend/vendor/laravel/framework/src/Illuminate/Foundation/Http/Middleware/ConvertEmptyStringsToNull.php(31): Illuminate/Foundation/Http/Middleware/TransformsRequest->handle(Object(Illuminate/Http/Request), Object(Closure))
#11 C:/Users/Sandy/Psikonutrisense/backend/vendor/laravel/framework/src/Illuminate/Pipeline/Pipeline.php(183): Illuminate/Foundation/Http/Middleware/ConvertEmptyStringsToNull->handle(Object(Illuminate/Http/Request), Object(Closure))
#12 C:/Users/Sandy/Psikonutrisense/backend/vendor/laravel/framework/src/Illuminate/Foundation/Http/Middleware/ValidatePostSize.php(27): Illuminate/Pipeline/Pipeline->Illuminate/Pipeline/{closure}(Object(Illuminate/Http/Request))
#13 C:/Users/Sandy/Psikonutrisense/backend/vendor/laravel/framework/src/Illuminate/Pipeline/Pipeline.php(183): Illuminate/Foundation/Http/Middleware/ValidatePostSize->handle(Object(Illuminate/Http/Request), Object(Closure))
#14 C:/Users/Sandy/Psikonutrisense/backend/vendor/laravel/framework/src/Illuminate/Pipeline/Pipeline.php(119): Illuminate/Pipeline/Pipeline->Illuminate/Pipeline/{closure}(Object(Illuminate/Http/Request))
#15 C:/Users/Sandy/Psikonutrisense/backend/vendor/laravel/framework/src/Illuminate/Foundation/Http/Kernel.php(175): Illuminate/Pipeline/Pipeline->then(Object(Closure))
#16 C:/Users/Sandy/Psikonutrisense/backend/vendor/laravel/framework/src/Illuminate/Foundation/Http/Kernel.php(144): Illuminate/Foundation/Http/Kernel->sendRequestThroughRouter(Object(Illuminate/Http/Request))
#17 C:/Users/Sandy/Psikonutrisense/backend/public/index.php(19): Illuminate/Foundation/Http/Kernel->handle(Object(Illuminate/Http/Request))
#18 C:/Users/Sandy/Psikonutrisense/backend/server.php(11): require_once('C://Users//Sandy//...')
#19 {main}
"} 
[2026-09-20 15:11:43] local.ERROR: Object of type Illuminate\Auth\AuthManager is not callable {"exception":"[object] (Error(code: 0): Object of type Illuminate\\Auth\\AuthManager is not callable at C:/Users/Sandy/Psikonutrisense/backend/vendor/laravel/framework/src/Illuminate/Pipeline/Pipeline.php:184)
[stacktrace]
#0 C:/Users/Sandy/Psikonutrisense/backend/vendor/laravel/framework/src/Illuminate/Routing/Middleware/SubstituteBindings.php(50): Illuminate/Pipeline/Pipeline->Illuminate/Pipeline/{closure}(Object(Illuminate/Http/Request))
#1 C:/Users/Sandy/Psikonutrisense/backend/vendor/laravel/framework/src/Illuminate/Pipeline/Pipeline.php(183): Illuminate/Routing/Middleware/SubstituteBindings->handle(Object(Illuminate/Http/Request), Object(Closure))
#2 C:/Users/Sandy/Psikonutrisense/backend/vendor/laravel/framework/src/Illuminate/Pipeline/Pipeline.php(119): Illuminate/Pipeline/Pipeline->Illuminate/Pipeline/{closure}(Object(Illuminate/Http/Request))
#3 C:/Users/Sandy/Psikonutrisense/backend/vendor/laravel/framework/src/Illuminate/Routing/Router.php(807): Illuminate/Pipeline/Pipeline->then(Object(Closure))
#4 C:/Users/Sandy/Psikonutrisense/backend/vendor/laravel/framework/src/Illuminate/Routing/Router.php(784): Illuminate/Routing/Router->runRouteWithinStack(Object(Illuminate/Routing/Route), Object(Illuminate/Http/Request))
#5 C:/Users/Sandy/Psikonutrisense/backend/vendor/laravel/framework/src/Illuminate/Routing/Router.php(748): Illuminate/Routing/Router->runRoute(Object(Illuminate/Http/Request), Object(Illuminate/Routing/Route))
#6 C:/Users/Sandy/Psikonutrisense/backend/vendor/laravel/framework/src/Illuminate/Routing/Router.php(737): Illuminate/Routing/Router->dispatchToRoute(Object(Illuminate/Http/Request))
#7 C:/Users/Sandy/Psikonutrisense/backend/vendor/laravel/framework/src/Illuminate/Foundation/Http/Kernel.php(200): Illuminate/Routing/Router->dispatch(Object(Illuminate/Http/Request))
#8 C:/Users/Sandy/Psikonutrisense/backend/vendor/laravel/framework/src/Illuminate/Pipeline/Pipeline.php(144): Illuminate/Foundation/Http/Kernel->Illuminate/Foundation/Http/{closure}(Object(Illuminate/Http/Request))
#9 C:/Users/Sandy/Psikonutrisense/backend/vendor/laravel/framework/src/Illuminate/Foundation/Http/Middleware/TransformsRequest.php(21): Illuminate/Pipeline/Pipeline->Illuminate/Pipeline/{closure}(Object(Illuminate/Http/Request))
#10 C:/Users/Sandy/Psikonutrisense/backend/vendor/laravel/framework/src/Illuminate/Foundation/Http/Middleware/ConvertEmptyStringsToNull.php(31): Illuminate/Foundation/Http/Middleware/TransformsRequest->handle(Object(Illuminate/Http/Request), Object(Closure))
#11 C:/Users/Sandy/Psikonutrisense/backend/vendor/laravel/framework/src/Illuminate/Pipeline/Pipeline.php(183): Illuminate/Foundation/Http/Middleware/ConvertEmptyStringsToNull->handle(Object(Illuminate/Http/Request), Object(Closure))
#12 C:/Users/Sandy/Psikonutrisense/backend/vendor/laravel/framework/src/Illuminate/Foundation/Http/Middleware/ValidatePostSize.php(27): Illuminate/Pipeline/Pipeline->Illuminate/Pipeline/{closure}(Object(Illuminate/Http/Request))
#13 C:/Users/Sandy/Psikonutrisense/backend/vendor/laravel/framework/src/Illuminate/Pipeline/Pipeline.php(183): Illuminate/Foundation/Http/Middleware/ValidatePostSize->handle(Object(Illuminate/Http/Request), Object(Closure))
#14 C:/Users/Sandy/Psikonutrisense/backend/vendor/laravel/framework/src/Illuminate/Pipeline/Pipeline.php(119): Illuminate/Pipeline/Pipeline->Illuminate/Pipeline/{closure}(Object(Illuminate/Http/Request))
#15 C:/Users/Sandy/Psikonutrisense/backend/vendor/laravel/framework/src/Illuminate/Foundation/Http/Kernel.php(175): Illuminate/Pipeline/Pipeline->then(Object(Closure))
#16 C:/Users/Sandy/Psikonutrisense/backend/vendor/laravel/framework/src/Illuminate/Foundation/Http/Kernel.php(144): Illuminate/Foundation/Http/Kernel->sendRequestThroughRouter(Object(Illuminate/Http/Request))
#17 C:/Users/Sandy/Psikonutrisense/backend/public/index.php(19): Illuminate/Foundation/Http/Kernel->handle(Object(Illuminate/Http/Request))
#18 C:/Users/Sandy/Psikonutrisense/backend/server.php(11): require_once('C://Users//Sandy//...')
#19 {main}
"} 
[2026-09-20 15:11:43] local.ERROR: Object of type Illuminate\Auth\AuthManager is not callable {"exception":"[object] (Error(code: 0): Object of type Illuminate\\Auth\\AuthManager is not callable at C:/Users/Sandy/Psikonutrisense/backend/vendor/laravel/framework/src/Illuminate/Pipeline/Pipeline.php:184)
[stacktrace]
#0 C:/Users/Sandy/Psikonutrisense/backend/vendor/laravel/framework/src/Illuminate/Routing/Middleware/SubstituteBindings.php(50): Illuminate/Pipeline/Pipeline->Illuminate/Pipeline/{closure}(Object(Illuminate/Http/Request))
#1 C:/Users/Sandy/Psikonutrisense/backend/vendor/laravel/framework/src/Illuminate/Pipeline/Pipeline.php(183): Illuminate/Routing/Middleware/SubstituteBindings->handle(Object(Illuminate/Http/Request), Object(Closure))
#2 C:/Users/Sandy/Psikonutrisense/backend/vendor/laravel/framework/src/Illuminate/Pipeline/Pipeline.php(119): Illuminate/Pipeline/Pipeline->Illuminate/Pipeline/{closure}(Object(Illuminate/Http/Request))
#3 C:/Users/Sandy/Psikonutrisense/backend/vendor/laravel/framework/src/Illuminate/Routing/Router.php(807): Illuminate/Pipeline/Pipeline->then(Object(Closure))
#4 C:/Users/Sandy/Psikonutrisense/backend/vendor/laravel/framework/src/Illuminate/Routing/Router.php(784): Illuminate/Routing/Router->runRouteWithinStack(Object(Illuminate/Routing/Route), Object(Illuminate/Http/Request))
#5 C:/Users/Sandy/Psikonutrisense/backend/vendor/laravel/framework/src/Illuminate/Routing/Router.php(748): Illuminate/Routing/Router->runRoute(Object(Illuminate/Http/Request), Object(Illuminate/Routing/Route))
#6 C:/Users/Sandy/Psikonutrisense/backend/vendor/laravel/framework/src/Illuminate/Routing/Router.php(737): Illuminate/Routing/Router->dispatchToRoute(Object(Illuminate/Http/Request))
#7 C:/Users/Sandy/Psikonutrisense/backend/vendor/laravel/framework/src/Illuminate/Foundation/Http/Kernel.php(200): Illuminate/Routing/Router->dispatch(Object(Illuminate/Http/Request))
#8 C:/Users/Sandy/Psikonutrisense/backend/vendor/laravel/framework/src/Illuminate/Pipeline/Pipeline.php(144): Illuminate/Foundation/Http/Kernel->Illuminate/Foundation/Http/{closure}(Object(Illuminate/Http/Request))
#9 C:/Users/Sandy/Psikonutrisense/backend/vendor/laravel/framework/src/Illuminate/Foundation/Http/Middleware/TransformsRequest.php(21): Illuminate/Pipeline/Pipeline->Illuminate/Pipeline/{closure}(Object(Illuminate/Http/Request))
#10 C:/Users/Sandy/Psikonutrisense/backend/vendor/laravel/framework/src/Illuminate/Foundation/Http/Middleware/ConvertEmptyStringsToNull.php(31): Illuminate/Foundation/Http/Middleware/TransformsRequest->handle(Object(Illuminate/Http/Request), Object(Closure))
#11 C:/Users/Sandy/Psikonutrisense/backend/vendor/laravel/framework/src/Illuminate/Pipeline/Pipeline.php(183): Illuminate/Foundation/Http/Middleware/ConvertEmptyStringsToNull->handle(Object(Illuminate/Http/Request), Object(Closure))
#12 C:/Users/Sandy/Psikonutrisense/backend/vendor/laravel/framework/src/Illuminate/Foundation/Http/Middleware/ValidatePostSize.php(27): Illuminate/Pipeline/Pipeline->Illuminate/Pipeline/{closure}(Object(Illuminate/Http/Request))
#13 C:/Users/Sandy/Psikonutrisense/backend/vendor/laravel/framework/src/Illuminate/Pipeline/Pipeline.php(183): Illuminate/Foundation/Http/Middleware/ValidatePostSize->handle(Object(Illuminate/Http/Request), Object(Closure))
#14 C:/Users/Sandy/Psikonutrisense/backend/vendor/laravel/framework/src/Illuminate/Pipeline/Pipeline.php(119): Illuminate/Pipeline/Pipeline->Illuminate/Pipeline/{closure}(Object(Illuminate/Http/Request))
#15 C:/Users/Sandy/Psikonutrisense/backend/vendor/laravel/framework/src/Illuminate/Foundation/Http/Kernel.php(175): Illuminate/Pipeline/Pipeline->then(Object(Closure))
#16 C:/Users/Sandy/Psikonutrisense/backend/vendor/laravel/framework/src/Illuminate/Foundation/Http/Kernel.php(144): Illuminate/Foundation/Http/Kernel->sendRequestThroughRouter(Object(Illuminate/Http/Request))
#17 C:/Users/Sandy/Psikonutrisense/backend/public/index.php(19): Illuminate/Foundation/Http/Kernel->handle(Object(Illuminate/Http/Request))
#18 C:/Users/Sandy/Psikonutrisense/backend/server.php(11): require_once('C://Users//Sandy//...')
#19 {main}
"} 
[2026-09-20 15:11:43] local.ERROR: Object of type Illuminate\Auth\AuthManager is not callable {"exception":"[object] (Error(code: 0): Object of type Illuminate\\Auth\\AuthManager is not callable at C:/Users/Sandy/Psikonutrisense/backend/vendor/laravel/framework/src/Illuminate/Pipeline/Pipeline.php:184)
[stacktrace]
#0 C:/Users/Sandy/Psikonutrisense/backend/vendor/laravel/framework/src/Illuminate/Routing/Middleware/SubstituteBindings.php(50): Illuminate/Pipeline/Pipeline->Illuminate/Pipeline/{closure}(Object(Illuminate/Http/Request))
#1 C:/Users/Sandy/Psikonutrisense/backend/vendor/laravel/framework/src/Illuminate/Pipeline/Pipeline.php(183): Illuminate/Routing/Middleware/SubstituteBindings->handle(Object(Illuminate/Http/Request), Object(Closure))
#2 C:/Users/Sandy/Psikonutrisense/backend/vendor/laravel/framework/src/Illuminate/Pipeline/Pipeline.php(119): Illuminate/Pipeline/Pipeline->Illuminate/Pipeline/{closure}(Object(Illuminate/Http/Request))
#3 C:/Users/Sandy/Psikonutrisense/backend/vendor/laravel/framework/src/Illuminate/Routing/Router.php(807): Illuminate/Pipeline/Pipeline->then(Object(Closure))
#4 C:/Users/Sandy/Psikonutrisense/backend/vendor/laravel/framework/src/Illuminate/Routing/Router.php(784): Illuminate/Routing/Router->runRouteWithinStack(Object(Illuminate/Routing/Route), Object(Illuminate/Http/Request))
#5 C:/Users/Sandy/Psikonutrisense/backend/vendor/laravel/framework/src/Illuminate/Routing/Router.php(748): Illuminate/Routing/Router->runRoute(Object(Illuminate/Http/Request), Object(Illuminate/Routing/Route))
#6 C:/Users/Sandy/Psikonutrisense/backend/vendor/laravel/framework/src/Illuminate/Routing/Router.php(737): Illuminate/Routing/Router->dispatchToRoute(Object(Illuminate/Http/Request))
#7 C:/Users/Sandy/Psikonutrisense/backend/vendor/laravel/framework/src/Illuminate/Foundation/Http/Kernel.php(200): Illuminate/Routing/Router->dispatch(Object(Illuminate/Http/Request))
#8 C:/Users/Sandy/Psikonutrisense/backend/vendor/laravel/framework/src/Illuminate/Pipeline/Pipeline.php(144): Illuminate/Foundation/Http/Kernel->Illuminate/Foundation/Http/{closure}(Object(Illuminate/Http/Request))
#9 C:/Users/Sandy/Psikonutrisense/backend/vendor/laravel/framework/src/Illuminate/Foundation/Http/Middleware/TransformsRequest.php(21): Illuminate/Pipeline/Pipeline->Illuminate/Pipeline/{closure}(Object(Illuminate/Http/Request))
#10 C:/Users/Sandy/Psikonutrisense/backend/vendor/laravel/framework/src/Illuminate/Foundation/Http/Middleware/ConvertEmptyStringsToNull.php(31): Illuminate/Foundation/Http/Middleware/TransformsRequest->handle(Object(Illuminate/Http/Request), Object(Closure))
#11 C:/Users/Sandy/Psikonutrisense/backend/vendor/laravel/framework/src/Illuminate/Pipeline/Pipeline.php(183): Illuminate/Foundation/Http/Middleware/ConvertEmptyStringsToNull->handle(Object(Illuminate/Http/Request), Object(Closure))
#12 C:/Users/Sandy/Psikonutrisense/backend/vendor/laravel/framework/src/Illuminate/Foundation/Http/Middleware/ValidatePostSize.php(27): Illuminate/Pipeline/Pipeline->Illuminate/Pipeline/{closure}(Object(Illuminate/Http/Request))
#13 C:/Users/Sandy/Psikonutrisense/backend/vendor/laravel/framework/src/Illuminate/Pipeline/Pipeline.php(183): Illuminate/Foundation/Http/Middleware/ValidatePostSize->handle(Object(Illuminate/Http/Request), Object(Closure))
#14 C:/Users/Sandy/Psikonutrisense/backend/vendor/laravel/framework/src/Illuminate/Pipeline/Pipeline.php(119): Illuminate/Pipeline/Pipeline->Illuminate/Pipeline/{closure}(Object(Illuminate/Http/Request))
#15 C:/Users/Sandy/Psikonutrisense/backend/vendor/laravel/framework/src/Illuminate/Foundation/Http/Kernel.php(175): Illuminate/Pipeline/Pipeline->then(Object(Closure))
#16 C:/Users/Sandy/Psikonutrisense/backend/vendor/laravel/framework/src/Illuminate/Foundation/Http/Kernel.php(144): Illuminate/Foundation/Http/Kernel->sendRequestThroughRouter(Object(Illuminate/Http/Request))
#17 C:/Users/Sandy/Psikonutrisense/backend/public/index.php(19): Illuminate/Foundation/Http/Kernel->handle(Object(Illuminate/Http/Request))
#18 C:/Users/Sandy/Psikonutrisense/backend/server.php(11): require_once('C://Users//Sandy//...')
#19 {main}
"} 
[2026-09-20 15:30:57] local.ERROR: Object of type Illuminate\Auth\AuthManager is not callable {"exception":"[object] (Error(code: 0): Object of type Illuminate\\Auth\\AuthManager is not callable at C:/Users/Sandy/Psikonutrisense/backend/vendor/laravel/framework/src/Illuminate/Pipeline/Pipeline.php:184)
[stacktrace]
#0 C:/Users/Sandy/Psikonutrisense/backend/vendor/laravel/framework/src/Illuminate/Routing/Middleware/SubstituteBindings.php(50): Illuminate/Pipeline/Pipeline->Illuminate/Pipeline/{closure}(Object(Illuminate/Http/Request))
#1 C:/Users/Sandy/Psikonutrisense/backend/vendor/laravel/framework/src/Illuminate/Pipeline/Pipeline.php(183): Illuminate/Routing/Middleware/SubstituteBindings->handle(Object(Illuminate/Http/Request), Object(Closure))
#2 C:/Users/Sandy/Psikonutrisense/backend/vendor/laravel/framework/src/Illuminate/Pipeline/Pipeline.php(119): Illuminate/Pipeline/Pipeline->Illuminate/Pipeline/{closure}(Object(Illuminate/Http/Request))
#3 C:/Users/Sandy/Psikonutrisense/backend/vendor/laravel/framework/src/Illuminate/Routing/Router.php(807): Illuminate/Pipeline/Pipeline->then(Object(Closure))
#4 C:/Users/Sandy/Psikonutrisense/backend/vendor/laravel/framework/src/Illuminate/Routing/Router.php(784): Illuminate/Routing/Router->runRouteWithinStack(Object(Illuminate/Routing/Route), Object(Illuminate/Http/Request))
#5 C:/Users/Sandy/Psikonutrisense/backend/vendor/laravel/framework/src/Illuminate/Routing/Router.php(748): Illuminate/Routing/Router->runRoute(Object(Illuminate/Http/Request), Object(Illuminate/Routing/Route))
#6 C:/Users/Sandy/Psikonutrisense/backend/vendor/laravel/framework/src/Illuminate/Routing/Router.php(737): Illuminate/Routing/Router->dispatchToRoute(Object(Illuminate/Http/Request))
#7 C:/Users/Sandy/Psikonutrisense/backend/vendor/laravel/framework/src/Illuminate/Foundation/Http/Kernel.php(200): Illuminate/Routing/Router->dispatch(Object(Illuminate/Http/Request))
#8 C:/Users/Sandy/Psikonutrisense/backend/vendor/laravel/framework/src/Illuminate/Pipeline/Pipeline.php(144): Illuminate/Foundation/Http/Kernel->Illuminate/Foundation/Http/{closure}(Object(Illuminate/Http/Request))
#9 C:/Users/Sandy/Psikonutrisense/backend/vendor/laravel/framework/src/Illuminate/Foundation/Http/Middleware/TransformsRequest.php(21): Illuminate/Pipeline/Pipeline->Illuminate/Pipeline/{closure}(Object(Illuminate/Http/Request))
#10 C:/Users/Sandy/Psikonutrisense/backend/vendor/laravel/framework/src/Illuminate/Foundation/Http/Middleware/ConvertEmptyStringsToNull.php(31): Illuminate/Foundation/Http/Middleware/TransformsRequest->handle(Object(Illuminate/Http/Request), Object(Closure))
#11 C:/Users/Sandy/Psikonutrisense/backend/vendor/laravel/framework/src/Illuminate/Pipeline/Pipeline.php(183): Illuminate/Foundation/Http/Middleware/ConvertEmptyStringsToNull->handle(Object(Illuminate/Http/Request), Object(Closure))
#12 C:/Users/Sandy/Psikonutrisense/backend/vendor/laravel/framework/src/Illuminate/Foundation/Http/Middleware/ValidatePostSize.php(27): Illuminate/Pipeline/Pipeline->Illuminate/Pipeline/{closure}(Object(Illuminate/Http/Request))
#13 C:/Users/Sandy/Psikonutrisense/backend/vendor/laravel/framework/src/Illuminate/Pipeline/Pipeline.php(183): Illuminate/Foundation/Http/Middleware/ValidatePostSize->handle(Object(Illuminate/Http/Request), Object(Closure))
#14 C:/Users/Sandy/Psikonutrisense/backend/vendor/laravel/framework/src/Illuminate/Pipeline/Pipeline.php(119): Illuminate/Pipeline/Pipeline->Illuminate/Pipeline/{closure}(Object(Illuminate/Http/Request))
#15 C:/Users/Sandy/Psikonutrisense/backend/vendor/laravel/framework/src/Illuminate/Foundation/Http/Kernel.php(175): Illuminate/Pipeline/Pipeline->then(Object(Closure))
#16 C:/Users/Sandy/Psikonutrisense/backend/vendor/laravel/framework/src/Illuminate/Foundation/Http/Kernel.php(144): Illuminate/Foundation/Http/Kernel->sendRequestThroughRouter(Object(Illuminate/Http/Request))
#17 C:/Users/Sandy/Psikonutrisense/backend/public/index.php(19): Illuminate/Foundation/Http/Kernel->handle(Object(Illuminate/Http/Request))
#18 C:/Users/Sandy/Psikonutrisense/backend/server.php(11): require_once('C://Users//Sandy//...')
#19 {main}
"} 
[2026-09-20 15:30:57] local.ERROR: Object of type Illuminate\Auth\AuthManager is not callable {"exception":"[object] (Error(code: 0): Object of type Illuminate\\Auth\\AuthManager is not callable at C:/Users/Sandy/Psikonutrisense/backend/vendor/laravel/framework/src/Illuminate/Pipeline/Pipeline.php:184)
[stacktrace]
#0 C:/Users/Sandy/Psikonutrisense/backend/vendor/laravel/framework/src/Illuminate/Routing/Middleware/SubstituteBindings.php(50): Illuminate/Pipeline/Pipeline->Illuminate/Pipeline/{closure}(Object(Illuminate/Http/Request))
#1 C:/Users/Sandy/Psikonutrisense/backend/vendor/laravel/framework/src/Illuminate/Pipeline/Pipeline.php(183): Illuminate/Routing/Middleware/SubstituteBindings->handle(Object(Illuminate/Http/Request), Object(Closure))
#2 C:/Users/Sandy/Psikonutrisense/backend/vendor/laravel/framework/src/Illuminate/Pipeline/Pipeline.php(119): Illuminate/Pipeline/Pipeline->Illuminate/Pipeline/{closure}(Object(Illuminate/Http/Request))
#3 C:/Users/Sandy/Psikonutrisense/backend/vendor/laravel/framework/src/Illuminate/Routing/Router.php(807): Illuminate/Pipeline/Pipeline->then(Object(Closure))
#4 C:/Users/Sandy/Psikonutrisense/backend/vendor/laravel/framework/src/Illuminate/Routing/Router.php(784): Illuminate/Routing/Router->runRouteWithinStack(Object(Illuminate/Routing/Route), Object(Illuminate/Http/Request))
#5 C:/Users/Sandy/Psikonutrisense/backend/vendor/laravel/framework/src/Illuminate/Routing/Router.php(748): Illuminate/Routing/Router->runRoute(Object(Illuminate/Http/Request), Object(Illuminate/Routing/Route))
#6 C:/Users/Sandy/Psikonutrisense/backend/vendor/laravel/framework/src/Illuminate/Routing/Router.php(737): Illuminate/Routing/Router->dispatchToRoute(Object(Illuminate/Http/Request))
#7 C:/Users/Sandy/Psikonutrisense/backend/vendor/laravel/framework/src/Illuminate/Foundation/Http/Kernel.php(200): Illuminate/Routing/Router->dispatch(Object(Illuminate/Http/Request))
#8 C:/Users/Sandy/Psikonutrisense/backend/vendor/laravel/framework/src/Illuminate/Pipeline/Pipeline.php(144): Illuminate/Foundation/Http/Kernel->Illuminate/Foundation/Http/{closure}(Object(Illuminate/Http/Request))
#9 C:/Users/Sandy/Psikonutrisense/backend/vendor/laravel/framework/src/Illuminate/Foundation/Http/Middleware/TransformsRequest.php(21): Illuminate/Pipeline/Pipeline->Illuminate/Pipeline/{closure}(Object(Illuminate/Http/Request))
#10 C:/Users/Sandy/Psikonutrisense/backend/vendor/laravel/framework/src/Illuminate/Foundation/Http/Middleware/ConvertEmptyStringsToNull.php(31): Illuminate/Foundation/Http/Middleware/TransformsRequest->handle(Object(Illuminate/Http/Request), Object(Closure))
#11 C:/Users/Sandy/Psikonutrisense/backend/vendor/laravel/framework/src/Illuminate/Pipeline/Pipeline.php(183): Illuminate/Foundation/Http/Middleware/ConvertEmptyStringsToNull->handle(Object(Illuminate/Http/Request), Object(Closure))
#12 C:/Users/Sandy/Psikonutrisense/backend/vendor/laravel/framework/src/Illuminate/Foundation/Http/Middleware/ValidatePostSize.php(27): Illuminate/Pipeline/Pipeline->Illuminate/Pipeline/{closure}(Object(Illuminate/Http/Request))
#13 C:/Users/Sandy/Psikonutrisense/backend/vendor/laravel/framework/src/Illuminate/Pipeline/Pipeline.php(183): Illuminate/Foundation/Http/Middleware/ValidatePostSize->handle(Object(Illuminate/Http/Request), Object(Closure))
#14 C:/Users/Sandy/Psikonutrisense/backend/vendor/laravel/framework/src/Illuminate/Pipeline/Pipeline.php(119): Illuminate/Pipeline/Pipeline->Illuminate/Pipeline/{closure}(Object(Illuminate/Http/Request))
#15 C:/Users/Sandy/Psikonutrisense/backend/vendor/laravel/framework/src/Illuminate/Foundation/Http/Kernel.php(175): Illuminate/Pipeline/Pipeline->then(Object(Closure))
#16 C:/Users/Sandy/Psikonutrisense/backend/vendor/laravel/framework/src/Illuminate/Foundation/Http/Kernel.php(144): Illuminate/Foundation/Http/Kernel->sendRequestThroughRouter(Object(Illuminate/Http/Request))
#17 C:/Users/Sandy/Psikonutrisense/backend/public/index.php(19): Illuminate/Foundation/Http/Kernel->handle(Object(Illuminate/Http/Request))
#18 C:/Users/Sandy/Psikonutrisense/backend/server.php(11): require_once('C://Users//Sandy//...')
#19 {main}
"} 
[2026-09-20 15:30:57] local.ERROR: Object of type Illuminate\Auth\AuthManager is not callable {"exception":"[object] (Error(code: 0): Object of type Illuminate\\Auth\\AuthManager is not callable at C:/Users/Sandy/Psikonutrisense/backend/vendor/laravel/framework/src/Illuminate/Pipeline/Pipeline.php:184)
[stacktrace]
#0 C:/Users/Sandy/Psikonutrisense/backend/vendor/laravel/framework/src/Illuminate/Routing/Middleware/SubstituteBindings.php(50): Illuminate/Pipeline/Pipeline->Illuminate/Pipeline/{closure}(Object(Illuminate/Http/Request))
#1 C:/Users/Sandy/Psikonutrisense/backend/vendor/laravel/framework/src/Illuminate/Pipeline/Pipeline.php(183): Illuminate/Routing/Middleware/SubstituteBindings->handle(Object(Illuminate/Http/Request), Object(Closure))
#2 C:/Users/Sandy/Psikonutrisense/backend/vendor/laravel/framework/src/Illuminate/Pipeline/Pipeline.php(119): Illuminate/Pipeline/Pipeline->Illuminate/Pipeline/{closure}(Object(Illuminate/Http/Request))
#3 C:/Users/Sandy/Psikonutrisense/backend/vendor/laravel/framework/src/Illuminate/Routing/Router.php(807): Illuminate/Pipeline/Pipeline->then(Object(Closure))
#4 C:/Users/Sandy/Psikonutrisense/backend/vendor/laravel/framework/src/Illuminate/Routing/Router.php(784): Illuminate/Routing/Router->runRouteWithinStack(Object(Illuminate/Routing/Route), Object(Illuminate/Http/Request))
#5 C:/Users/Sandy/Psikonutrisense/backend/vendor/laravel/framework/src/Illuminate/Routing/Router.php(748): Illuminate/Routing/Router->runRoute(Object(Illuminate/Http/Request), Object(Illuminate/Routing/Route))
#6 C:/Users/Sandy/Psikonutrisense/backend/vendor/laravel/framework/src/Illuminate/Routing/Router.php(737): Illuminate/Routing/Router->dispatchToRoute(Object(Illuminate/Http/Request))
#7 C:/Users/Sandy/Psikonutrisense/backend/vendor/laravel/framework/src/Illuminate/Foundation/Http/Kernel.php(200): Illuminate/Routing/Router->dispatch(Object(Illuminate/Http/Request))
#8 C:/Users/Sandy/Psikonutrisense/backend/vendor/laravel/framework/src/Illuminate/Pipeline/Pipeline.php(144): Illuminate/Foundation/Http/Kernel->Illuminate/Foundation/Http/{closure}(Object(Illuminate/Http/Request))
#9 C:/Users/Sandy/Psikonutrisense/backend/vendor/laravel/framework/src/Illuminate/Foundation/Http/Middleware/TransformsRequest.php(21): Illuminate/Pipeline/Pipeline->Illuminate/Pipeline/{closure}(Object(Illuminate/Http/Request))
#10 C:/Users/Sandy/Psikonutrisense/backend/vendor/laravel/framework/src/Illuminate/Foundation/Http/Middleware/ConvertEmptyStringsToNull.php(31): Illuminate/Foundation/Http/Middleware/TransformsRequest->handle(Object(Illuminate/Http/Request), Object(Closure))
#11 C:/Users/Sandy/Psikonutrisense/backend/vendor/laravel/framework/src/Illuminate/Pipeline/Pipeline.php(183): Illuminate/Foundation/Http/Middleware/ConvertEmptyStringsToNull->handle(Object(Illuminate/Http/Request), Object(Closure))
#12 C:/Users/Sandy/Psikonutrisense/backend/vendor/laravel/framework/src/Illuminate/Foundation/Http/Middleware/ValidatePostSize.php(27): Illuminate/Pipeline/Pipeline->Illuminate/Pipeline/{closure}(Object(Illuminate/Http/Request))
#13 C:/Users/Sandy/Psikonutrisense/backend/vendor/laravel/framework/src/Illuminate/Pipeline/Pipeline.php(183): Illuminate/Foundation/Http/Middleware/ValidatePostSize->handle(Object(Illuminate/Http/Request), Object(Closure))
#14 C:/Users/Sandy/Psikonutrisense/backend/vendor/laravel/framework/src/Illuminate/Pipeline/Pipeline.php(119): Illuminate/Pipeline/Pipeline->Illuminate/Pipeline/{closure}(Object(Illuminate/Http/Request))
#15 C:/Users/Sandy/Psikonutrisense/backend/vendor/laravel/framework/src/Illuminate/Foundation/Http/Kernel.php(175): Illuminate/Pipeline/Pipeline->then(Object(Closure))
#16 C:/Users/Sandy/Psikonutrisense/backend/vendor/laravel/framework/src/Illuminate/Foundation/Http/Kernel.php(144): Illuminate/Foundation/Http/Kernel->sendRequestThroughRouter(Object(Illuminate/Http/Request))
#17 C:/Users/Sandy/Psikonutrisense/backend/public/index.php(19): Illuminate/Foundation/Http/Kernel->handle(Object(Illuminate/Http/Request))
#18 C:/Users/Sandy/Psikonutrisense/backend/server.php(11): require_once('C://Users//Sandy//...')
#19 {main}
"} 
[2026-09-20 15:31:06] local.ERROR: Object of type Illuminate\Auth\AuthManager is not callable {"exception":"[object] (Error(code: 0): Object of type Illuminate\\Auth\\AuthManager is not callable at C:/Users/Sandy/Psikonutrisense/backend/vendor/laravel/framework/src/Illuminate/Pipeline/Pipeline.php:184)
[stacktrace]
#0 C:/Users/Sandy/Psikonutrisense/backend/vendor/laravel/framework/src/Illuminate/Routing/Middleware/SubstituteBindings.php(50): Illuminate/Pipeline/Pipeline->Illuminate/Pipeline/{closure}(Object(Illuminate/Http/Request))
#1 C:/Users/Sandy/Psikonutrisense/backend/vendor/laravel/framework/src/Illuminate/Pipeline/Pipeline.php(183): Illuminate/Routing/Middleware/SubstituteBindings->handle(Object(Illuminate/Http/Request), Object(Closure))
#2 C:/Users/Sandy/Psikonutrisense/backend/vendor/laravel/framework/src/Illuminate/Pipeline/Pipeline.php(119): Illuminate/Pipeline/Pipeline->Illuminate/Pipeline/{closure}(Object(Illuminate/Http/Request))
#3 C:/Users/Sandy/Psikonutrisense/backend/vendor/laravel/framework/src/Illuminate/Routing/Router.php(807): Illuminate/Pipeline/Pipeline->then(Object(Closure))
#4 C:/Users/Sandy/Psikonutrisense/backend/vendor/laravel/framework/src/Illuminate/Routing/Router.php(784): Illuminate/Routing/Router->runRouteWithinStack(Object(Illuminate/Routing/Route), Object(Illuminate/Http/Request))
#5 C:/Users/Sandy/Psikonutrisense/backend/vendor/laravel/framework/src/Illuminate/Routing/Router.php(748): Illuminate/Routing/Router->runRoute(Object(Illuminate/Http/Request), Object(Illuminate/Routing/Route))
#6 C:/Users/Sandy/Psikonutrisense/backend/vendor/laravel/framework/src/Illuminate/Routing/Router.php(737): Illuminate/Routing/Router->dispatchToRoute(Object(Illuminate/Http/Request))
#7 C:/Users/Sandy/Psikonutrisense/backend/vendor/laravel/framework/src/Illuminate/Foundation/Http/Kernel.php(200): Illuminate/Routing/Router->dispatch(Object(Illuminate/Http/Request))
#8 C:/Users/Sandy/Psikonutrisense/backend/vendor/laravel/framework/src/Illuminate/Pipeline/Pipeline.php(144): Illuminate/Foundation/Http/Kernel->Illuminate/Foundation/Http/{closure}(Object(Illuminate/Http/Request))
#9 C:/Users/Sandy/Psikonutrisense/backend/vendor/laravel/framework/src/Illuminate/Foundation/Http/Middleware/TransformsRequest.php(21): Illuminate/Pipeline/Pipeline->Illuminate/Pipeline/{closure}(Object(Illuminate/Http/Request))
#10 C:/Users/Sandy/Psikonutrisense/backend/vendor/laravel/framework/src/Illuminate/Foundation/Http/Middleware/ConvertEmptyStringsToNull.php(31): Illuminate/Foundation/Http/Middleware/TransformsRequest->handle(Object(Illuminate/Http/Request), Object(Closure))
#11 C:/Users/Sandy/Psikonutrisense/backend/vendor/laravel/framework/src/Illuminate/Pipeline/Pipeline.php(183): Illuminate/Foundation/Http/Middleware/ConvertEmptyStringsToNull->handle(Object(Illuminate/Http/Request), Object(Closure))
#12 C:/Users/Sandy/Psikonutrisense/backend/vendor/laravel/framework/src/Illuminate/Foundation/Http/Middleware/ValidatePostSize.php(27): Illuminate/Pipeline/Pipeline->Illuminate/Pipeline/{closure}(Object(Illuminate/Http/Request))
#13 C:/Users/Sandy/Psikonutrisense/backend/vendor/laravel/framework/src/Illuminate/Pipeline/Pipeline.php(183): Illuminate/Foundation/Http/Middleware/ValidatePostSize->handle(Object(Illuminate/Http/Request), Object(Closure))
#14 C:/Users/Sandy/Psikonutrisense/backend/vendor/laravel/framework/src/Illuminate/Pipeline/Pipeline.php(119): Illuminate/Pipeline/Pipeline->Illuminate/Pipeline/{closure}(Object(Illuminate/Http/Request))
#15 C:/Users/Sandy/Psikonutrisense/backend/vendor/laravel/framework/src/Illuminate/Foundation/Http/Kernel.php(175): Illuminate/Pipeline/Pipeline->then(Object(Closure))
#16 C:/Users/Sandy/Psikonutrisense/backend/vendor/laravel/framework/src/Illuminate/Foundation/Http/Kernel.php(144): Illuminate/Foundation/Http/Kernel->sendRequestThroughRouter(Object(Illuminate/Http/Request))
#17 C:/Users/Sandy/Psikonutrisense/backend/public/index.php(19): Illuminate/Foundation/Http/Kernel->handle(Object(Illuminate/Http/Request))
#18 C:/Users/Sandy/Psikonutrisense/backend/server.php(11): require_once('C://Users//Sandy//...')
#19 {main}
"} 
[2026-09-20 15:31:06] local.ERROR: Object of type Illuminate\Auth\AuthManager is not callable {"exception":"[object] (Error(code: 0): Object of type Illuminate\\Auth\\AuthManager is not callable at C:/Users/Sandy/Psikonutrisense/backend/vendor/laravel/framework/src/Illuminate/Pipeline/Pipeline.php:184)
[stacktrace]
#0 C:/Users/Sandy/Psikonutrisense/backend/vendor/laravel/framework/src/Illuminate/Routing/Middleware/SubstituteBindings.php(50): Illuminate/Pipeline/Pipeline->Illuminate/Pipeline/{closure}(Object(Illuminate/Http/Request))
#1 C:/Users/Sandy/Psikonutrisense/backend/vendor/laravel/framework/src/Illuminate/Pipeline/Pipeline.php(183): Illuminate/Routing/Middleware/SubstituteBindings->handle(Object(Illuminate/Http/Request), Object(Closure))
#2 C:/Users/Sandy/Psikonutrisense/backend/vendor/laravel/framework/src/Illuminate/Pipeline/Pipeline.php(119): Illuminate/Pipeline/Pipeline->Illuminate/Pipeline/{closure}(Object(Illuminate/Http/Request))
#3 C:/Users/Sandy/Psikonutrisense/backend/vendor/laravel/framework/src/Illuminate/Routing/Router.php(807): Illuminate/Pipeline/Pipeline->then(Object(Closure))
#4 C:/Users/Sandy/Psikonutrisense/backend/vendor/laravel/framework/src/Illuminate/Routing/Router.php(784): Illuminate/Routing/Router->runRouteWithinStack(Object(Illuminate/Routing/Route), Object(Illuminate/Http/Request))
#5 C:/Users/Sandy/Psikonutrisense/backend/vendor/laravel/framework/src/Illuminate/Routing/Router.php(748): Illuminate/Routing/Router->runRoute(Object(Illuminate/Http/Request), Object(Illuminate/Routing/Route))
#6 C:/Users/Sandy/Psikonutrisense/backend/vendor/laravel/framework/src/Illuminate/Routing/Router.php(737): Illuminate/Routing/Router->dispatchToRoute(Object(Illuminate/Http/Request))
#7 C:/Users/Sandy/Psikonutrisense/backend/vendor/laravel/framework/src/Illuminate/Foundation/Http/Kernel.php(200): Illuminate/Routing/Router->dispatch(Object(Illuminate/Http/Request))
#8 C:/Users/Sandy/Psikonutrisense/backend/vendor/laravel/framework/src/Illuminate/Pipeline/Pipeline.php(144): Illuminate/Foundation/Http/Kernel->Illuminate/Foundation/Http/{closure}(Object(Illuminate/Http/Request))
#9 C:/Users/Sandy/Psikonutrisense/backend/vendor/laravel/framework/src/Illuminate/Foundation/Http/Middleware/TransformsRequest.php(21): Illuminate/Pipeline/Pipeline->Illuminate/Pipeline/{closure}(Object(Illuminate/Http/Request))
#10 C:/Users/Sandy/Psikonutrisense/backend/vendor/laravel/framework/src/Illuminate/Foundation/Http/Middleware/ConvertEmptyStringsToNull.php(31): Illuminate/Foundation/Http/Middleware/TransformsRequest->handle(Object(Illuminate/Http/Request), Object(Closure))
#11 C:/Users/Sandy/Psikonutrisense/backend/vendor/laravel/framework/src/Illuminate/Pipeline/Pipeline.php(183): Illuminate/Foundation/Http/Middleware/ConvertEmptyStringsToNull->handle(Object(Illuminate/Http/Request), Object(Closure))
#12 C:/Users/Sandy/Psikonutrisense/backend/vendor/laravel/framework/src/Illuminate/Foundation/Http/Middleware/ValidatePostSize.php(27): Illuminate/Pipeline/Pipeline->Illuminate/Pipeline/{closure}(Object(Illuminate/Http/Request))
#13 C:/Users/Sandy/Psikonutrisense/backend/vendor/laravel/framework/src/Illuminate/Pipeline/Pipeline.php(183): Illuminate/Foundation/Http/Middleware/ValidatePostSize->handle(Object(Illuminate/Http/Request), Object(Closure))
#14 C:/Users/Sandy/Psikonutrisense/backend/vendor/laravel/framework/src/Illuminate/Pipeline/Pipeline.php(119): Illuminate/Pipeline/Pipeline->Illuminate/Pipeline/{closure}(Object(Illuminate/Http/Request))
#15 C:/Users/Sandy/Psikonutrisense/backend/vendor/laravel/framework/src/Illuminate/Foundation/Http/Kernel.php(175): Illuminate/Pipeline/Pipeline->then(Object(Closure))
#16 C:/Users/Sandy/Psikonutrisense/backend/vendor/laravel/framework/src/Illuminate/Foundation/Http/Kernel.php(144): Illuminate/Foundation/Http/Kernel->sendRequestThroughRouter(Object(Illuminate/Http/Request))
#17 C:/Users/Sandy/Psikonutrisense/backend/public/index.php(19): Illuminate/Foundation/Http/Kernel->handle(Object(Illuminate/Http/Request))
#18 C:/Users/Sandy/Psikonutrisense/backend/server.php(11): require_once('C://Users//Sandy//...')
#19 {main}
"} 
[2026-09-20 15:31:06] local.ERROR: Object of type Illuminate\Auth\AuthManager is not callable {"exception":"[object] (Error(code: 0): Object of type Illuminate\\Auth\\AuthManager is not callable at C:/Users/Sandy/Psikonutrisense/backend/vendor/laravel/framework/src/Illuminate/Pipeline/Pipeline.php:184)
[stacktrace]
#0 C:/Users/Sandy/Psikonutrisense/backend/vendor/laravel/framework/src/Illuminate/Routing/Middleware/SubstituteBindings.php(50): Illuminate/Pipeline/Pipeline->Illuminate/Pipeline/{closure}(Object(Illuminate/Http/Request))
#1 C:/Users/Sandy/Psikonutrisense/backend/vendor/laravel/framework/src/Illuminate/Pipeline/Pipeline.php(183): Illuminate/Routing/Middleware/SubstituteBindings->handle(Object(Illuminate/Http/Request), Object(Closure))
#2 C:/Users/Sandy/Psikonutrisense/backend/vendor/laravel/framework/src/Illuminate/Pipeline/Pipeline.php(119): Illuminate/Pipeline/Pipeline->Illuminate/Pipeline/{closure}(Object(Illuminate/Http/Request))
#3 C:/Users/Sandy/Psikonutrisense/backend/vendor/laravel/framework/src/Illuminate/Routing/Router.php(807): Illuminate/Pipeline/Pipeline->then(Object(Closure))
#4 C:/Users/Sandy/Psikonutrisense/backend/vendor/laravel/framework/src/Illuminate/Routing/Router.php(784): Illuminate/Routing/Router->runRouteWithinStack(Object(Illuminate/Routing/Route), Object(Illuminate/Http/Request))
#5 C:/Users/Sandy/Psikonutrisense/backend/vendor/laravel/framework/src/Illuminate/Routing/Router.php(748): Illuminate/Routing/Router->runRoute(Object(Illuminate/Http/Request), Object(Illuminate/Routing/Route))
#6 C:/Users/Sandy/Psikonutrisense/backend/vendor/laravel/framework/src/Illuminate/Routing/Router.php(737): Illuminate/Routing/Router->dispatchToRoute(Object(Illuminate/Http/Request))
#7 C:/Users/Sandy/Psikonutrisense/backend/vendor/laravel/framework/src/Illuminate/Foundation/Http/Kernel.php(200): Illuminate/Routing/Router->dispatch(Object(Illuminate/Http/Request))
#8 C:/Users/Sandy/Psikonutrisense/backend/vendor/laravel/framework/src/Illuminate/Pipeline/Pipeline.php(144): Illuminate/Foundation/Http/Kernel->Illuminate/Foundation/Http/{closure}(Object(Illuminate/Http/Request))
#9 C:/Users/Sandy/Psikonutrisense/backend/vendor/laravel/framework/src/Illuminate/Foundation/Http/Middleware/TransformsRequest.php(21): Illuminate/Pipeline/Pipeline->Illuminate/Pipeline/{closure}(Object(Illuminate/Http/Request))
#10 C:/Users/Sandy/Psikonutrisense/backend/vendor/laravel/framework/src/Illuminate/Foundation/Http/Middleware/ConvertEmptyStringsToNull.php(31): Illuminate/Foundation/Http/Middleware/TransformsRequest->handle(Object(Illuminate/Http/Request), Object(Closure))
#11 C:/Users/Sandy/Psikonutrisense/backend/vendor/laravel/framework/src/Illuminate/Pipeline/Pipeline.php(183): Illuminate/Foundation/Http/Middleware/ConvertEmptyStringsToNull->handle(Object(Illuminate/Http/Request), Object(Closure))
#12 C:/Users/Sandy/Psikonutrisense/backend/vendor/laravel/framework/src/Illuminate/Foundation/Http/Middleware/ValidatePostSize.php(27): Illuminate/Pipeline/Pipeline->Illuminate/Pipeline/{closure}(Object(Illuminate/Http/Request))
#13 C:/Users/Sandy/Psikonutrisense/backend/vendor/laravel/framework/src/Illuminate/Pipeline/Pipeline.php(183): Illuminate/Foundation/Http/Middleware/ValidatePostSize->handle(Object(Illuminate/Http/Request), Object(Closure))
#14 C:/Users/Sandy/Psikonutrisense/backend/vendor/laravel/framework/src/Illuminate/Pipeline/Pipeline.php(119): Illuminate/Pipeline/Pipeline->Illuminate/Pipeline/{closure}(Object(Illuminate/Http/Request))
#15 C:/Users/Sandy/Psikonutrisense/backend/vendor/laravel/framework/src/Illuminate/Foundation/Http/Kernel.php(175): Illuminate/Pipeline/Pipeline->then(Object(Closure))
#16 C:/Users/Sandy/Psikonutrisense/backend/vendor/laravel/framework/src/Illuminate/Foundation/Http/Kernel.php(144): Illuminate/Foundation/Http/Kernel->sendRequestThroughRouter(Object(Illuminate/Http/Request))
#17 C:/Users/Sandy/Psikonutrisense/backend/public/index.php(19): Illuminate/Foundation/Http/Kernel->handle(Object(Illuminate/Http/Request))
#18 C:/Users/Sandy/Psikonutrisense/backend/server.php(11): require_once('C://Users//Sandy//...')
#19 {main}
"} 
[2026-09-20 15:31:17] local.ERROR: Object of type Illuminate\Auth\AuthManager is not callable {"exception":"[object] (Error(code: 0): Object of type Illuminate\\Auth\\AuthManager is not callable at C:/Users/Sandy/Psikonutrisense/backend/vendor/laravel/framework/src/Illuminate/Pipeline/Pipeline.php:184)
[stacktrace]
#0 C:/Users/Sandy/Psikonutrisense/backend/vendor/laravel/framework/src/Illuminate/Routing/Middleware/SubstituteBindings.php(50): Illuminate/Pipeline/Pipeline->Illuminate/Pipeline/{closure}(Object(Illuminate/Http/Request))
#1 C:/Users/Sandy/Psikonutrisense/backend/vendor/laravel/framework/src/Illuminate/Pipeline/Pipeline.php(183): Illuminate/Routing/Middleware/SubstituteBindings->handle(Object(Illuminate/Http/Request), Object(Closure))
#2 C:/Users/Sandy/Psikonutrisense/backend/vendor/laravel/framework/src/Illuminate/Pipeline/Pipeline.php(119): Illuminate/Pipeline/Pipeline->Illuminate/Pipeline/{closure}(Object(Illuminate/Http/Request))
#3 C:/Users/Sandy/Psikonutrisense/backend/vendor/laravel/framework/src/Illuminate/Routing/Router.php(807): Illuminate/Pipeline/Pipeline->then(Object(Closure))
#4 C:/Users/Sandy/Psikonutrisense/backend/vendor/laravel/framework/src/Illuminate/Routing/Router.php(784): Illuminate/Routing/Router->runRouteWithinStack(Object(Illuminate/Routing/Route), Object(Illuminate/Http/Request))
#5 C:/Users/Sandy/Psikonutrisense/backend/vendor/laravel/framework/src/Illuminate/Routing/Router.php(748): Illuminate/Routing/Router->runRoute(Object(Illuminate/Http/Request), Object(Illuminate/Routing/Route))
#6 C:/Users/Sandy/Psikonutrisense/backend/vendor/laravel/framework/src/Illuminate/Routing/Router.php(737): Illuminate/Routing/Router->dispatchToRoute(Object(Illuminate/Http/Request))
#7 C:/Users/Sandy/Psikonutrisense/backend/vendor/laravel/framework/src/Illuminate/Foundation/Http/Kernel.php(200): Illuminate/Routing/Router->dispatch(Object(Illuminate/Http/Request))
#8 C:/Users/Sandy/Psikonutrisense/backend/vendor/laravel/framework/src/Illuminate/Pipeline/Pipeline.php(144): Illuminate/Foundation/Http/Kernel->Illuminate/Foundation/Http/{closure}(Object(Illuminate/Http/Request))
#9 C:/Users/Sandy/Psikonutrisense/backend/vendor/laravel/framework/src/Illuminate/Foundation/Http/Middleware/TransformsRequest.php(21): Illuminate/Pipeline/Pipeline->Illuminate/Pipeline/{closure}(Object(Illuminate/Http/Request))
#10 C:/Users/Sandy/Psikonutrisense/backend/vendor/laravel/framework/src/Illuminate/Foundation/Http/Middleware/ConvertEmptyStringsToNull.php(31): Illuminate/Foundation/Http/Middleware/TransformsRequest->handle(Object(Illuminate/Http/Request), Object(Closure))
#11 C:/Users/Sandy/Psikonutrisense/backend/vendor/laravel/framework/src/Illuminate/Pipeline/Pipeline.php(183): Illuminate/Foundation/Http/Middleware/ConvertEmptyStringsToNull->handle(Object(Illuminate/Http/Request), Object(Closure))
#12 C:/Users/Sandy/Psikonutrisense/backend/vendor/laravel/framework/src/Illuminate/Foundation/Http/Middleware/ValidatePostSize.php(27): Illuminate/Pipeline/Pipeline->Illuminate/Pipeline/{closure}(Object(Illuminate/Http/Request))
#13 C:/Users/Sandy/Psikonutrisense/backend/vendor/laravel/framework/src/Illuminate/Pipeline/Pipeline.php(183): Illuminate/Foundation/Http/Middleware/ValidatePostSize->handle(Object(Illuminate/Http/Request), Object(Closure))
#14 C:/Users/Sandy/Psikonutrisense/backend/vendor/laravel/framework/src/Illuminate/Pipeline/Pipeline.php(119): Illuminate/Pipeline/Pipeline->Illuminate/Pipeline/{closure}(Object(Illuminate/Http/Request))
#15 C:/Users/Sandy/Psikonutrisense/backend/vendor/laravel/framework/src/Illuminate/Foundation/Http/Kernel.php(175): Illuminate/Pipeline/Pipeline->then(Object(Closure))
#16 C:/Users/Sandy/Psikonutrisense/backend/vendor/laravel/framework/src/Illuminate/Foundation/Http/Kernel.php(144): Illuminate/Foundation/Http/Kernel->sendRequestThroughRouter(Object(Illuminate/Http/Request))
#17 C:/Users/Sandy/Psikonutrisense/backend/public/index.php(19): Illuminate/Foundation/Http/Kernel->handle(Object(Illuminate/Http/Request))
#18 C:/Users/Sandy/Psikonutrisense/backend/server.php(11): require_once('C://Users//Sandy//...')
#19 {main}
"} 
[2026-09-20 15:31:19] local.ERROR: Object of type Illuminate\Auth\AuthManager is not callable {"exception":"[object] (Error(code: 0): Object of type Illuminate\\Auth\\AuthManager is not callable at C:/Users/Sandy/Psikonutrisense/backend/vendor/laravel/framework/src/Illuminate/Pipeline/Pipeline.php:184)
[stacktrace]
#0 C:/Users/Sandy/Psikonutrisense/backend/vendor/laravel/framework/src/Illuminate/Routing/Middleware/SubstituteBindings.php(50): Illuminate/Pipeline/Pipeline->Illuminate/Pipeline/{closure}(Object(Illuminate/Http/Request))
#1 C:/Users/Sandy/Psikonutrisense/backend/vendor/laravel/framework/src/Illuminate/Pipeline/Pipeline.php(183): Illuminate/Routing/Middleware/SubstituteBindings->handle(Object(Illuminate/Http/Request), Object(Closure))
#2 C:/Users/Sandy/Psikonutrisense/backend/vendor/laravel/framework/src/Illuminate/Pipeline/Pipeline.php(119): Illuminate/Pipeline/Pipeline->Illuminate/Pipeline/{closure}(Object(Illuminate/Http/Request))
#3 C:/Users/Sandy/Psikonutrisense/backend/vendor/laravel/framework/src/Illuminate/Routing/Router.php(807): Illuminate/Pipeline/Pipeline->then(Object(Closure))
#4 C:/Users/Sandy/Psikonutrisense/backend/vendor/laravel/framework/src/Illuminate/Routing/Router.php(784): Illuminate/Routing/Router->runRouteWithinStack(Object(Illuminate/Routing/Route), Object(Illuminate/Http/Request))
#5 C:/Users/Sandy/Psikonutrisense/backend/vendor/laravel/framework/src/Illuminate/Routing/Router.php(748): Illuminate/Routing/Router->runRoute(Object(Illuminate/Http/Request), Object(Illuminate/Routing/Route))
#6 C:/Users/Sandy/Psikonutrisense/backend/vendor/laravel/framework/src/Illuminate/Routing/Router.php(737): Illuminate/Routing/Router->dispatchToRoute(Object(Illuminate/Http/Request))
#7 C:/Users/Sandy/Psikonutrisense/backend/vendor/laravel/framework/src/Illuminate/Foundation/Http/Kernel.php(200): Illuminate/Routing/Router->dispatch(Object(Illuminate/Http/Request))
#8 C:/Users/Sandy/Psikonutrisense/backend/vendor/laravel/framework/src/Illuminate/Pipeline/Pipeline.php(144): Illuminate/Foundation/Http/Kernel->Illuminate/Foundation/Http/{closure}(Object(Illuminate/Http/Request))
#9 C:/Users/Sandy/Psikonutrisense/backend/vendor/laravel/framework/src/Illuminate/Foundation/Http/Middleware/TransformsRequest.php(21): Illuminate/Pipeline/Pipeline->Illuminate/Pipeline/{closure}(Object(Illuminate/Http/Request))
#10 C:/Users/Sandy/Psikonutrisense/backend/vendor/laravel/framework/src/Illuminate/Foundation/Http/Middleware/ConvertEmptyStringsToNull.php(31): Illuminate/Foundation/Http/Middleware/TransformsRequest->handle(Object(Illuminate/Http/Request), Object(Closure))
#11 C:/Users/Sandy/Psikonutrisense/backend/vendor/laravel/framework/src/Illuminate/Pipeline/Pipeline.php(183): Illuminate/Foundation/Http/Middleware/ConvertEmptyStringsToNull->handle(Object(Illuminate/Http/Request), Object(Closure))
#12 C:/Users/Sandy/Psikonutrisense/backend/vendor/laravel/framework/src/Illuminate/Foundation/Http/Middleware/ValidatePostSize.php(27): Illuminate/Pipeline/Pipeline->Illuminate/Pipeline/{closure}(Object(Illuminate/Http/Request))
#13 C:/Users/Sandy/Psikonutrisense/backend/vendor/laravel/framework/src/Illuminate/Pipeline/Pipeline.php(183): Illuminate/Foundation/Http/Middleware/ValidatePostSize->handle(Object(Illuminate/Http/Request), Object(Closure))
#14 C:/Users/Sandy/Psikonutrisense/backend/vendor/laravel/framework/src/Illuminate/Pipeline/Pipeline.php(119): Illuminate/Pipeline/Pipeline->Illuminate/Pipeline/{closure}(Object(Illuminate/Http/Request))
#15 C:/Users/Sandy/Psikonutrisense/backend/vendor/laravel/framework/src/Illuminate/Foundation/Http/Kernel.php(175): Illuminate/Pipeline/Pipeline->then(Object(Closure))
#16 C:/Users/Sandy/Psikonutrisense/backend/vendor/laravel/framework/src/Illuminate/Foundation/Http/Kernel.php(144): Illuminate/Foundation/Http/Kernel->sendRequestThroughRouter(Object(Illuminate/Http/Request))
#17 C:/Users/Sandy/Psikonutrisense/backend/public/index.php(19): Illuminate/Foundation/Http/Kernel->handle(Object(Illuminate/Http/Request))
#18 C:/Users/Sandy/Psikonutrisense/backend/server.php(11): require_once('C://Users//Sandy//...')
#19 {main}
"} 
[2026-09-20 15:34:40] local.ERROR: Object of type Illuminate\Auth\AuthManager is not callable {"exception":"[object] (Error(code: 0): Object of type Illuminate\\Auth\\AuthManager is not callable at C:/Users/Sandy/Psikonutrisense/backend/vendor/laravel/framework/src/Illuminate/Pipeline/Pipeline.php:184)
[stacktrace]
#0 C:/Users/Sandy/Psikonutrisense/backend/vendor/laravel/framework/src/Illuminate/Routing/Middleware/SubstituteBindings.php(50): Illuminate/Pipeline/Pipeline->Illuminate/Pipeline/{closure}(Object(Illuminate/Http/Request))
#1 C:/Users/Sandy/Psikonutrisense/backend/vendor/laravel/framework/src/Illuminate/Pipeline/Pipeline.php(183): Illuminate/Routing/Middleware/SubstituteBindings->handle(Object(Illuminate/Http/Request), Object(Closure))
#2 C:/Users/Sandy/Psikonutrisense/backend/vendor/laravel/framework/src/Illuminate/Pipeline/Pipeline.php(119): Illuminate/Pipeline/Pipeline->Illuminate/Pipeline/{closure}(Object(Illuminate/Http/Request))
#3 C:/Users/Sandy/Psikonutrisense/backend/vendor/laravel/framework/src/Illuminate/Routing/Router.php(807): Illuminate/Pipeline/Pipeline->then(Object(Closure))
#4 C:/Users/Sandy/Psikonutrisense/backend/vendor/laravel/framework/src/Illuminate/Routing/Router.php(784): Illuminate/Routing/Router->runRouteWithinStack(Object(Illuminate/Routing/Route), Object(Illuminate/Http/Request))
#5 C:/Users/Sandy/Psikonutrisense/backend/vendor/laravel/framework/src/Illuminate/Routing/Router.php(748): Illuminate/Routing/Router->runRoute(Object(Illuminate/Http/Request), Object(Illuminate/Routing/Route))
#6 C:/Users/Sandy/Psikonutrisense/backend/vendor/laravel/framework/src/Illuminate/Routing/Router.php(737): Illuminate/Routing/Router->dispatchToRoute(Object(Illuminate/Http/Request))
#7 C:/Users/Sandy/Psikonutrisense/backend/vendor/laravel/framework/src/Illuminate/Foundation/Http/Kernel.php(200): Illuminate/Routing/Router->dispatch(Object(Illuminate/Http/Request))
#8 C:/Users/Sandy/Psikonutrisense/backend/vendor/laravel/framework/src/Illuminate/Pipeline/Pipeline.php(144): Illuminate/Foundation/Http/Kernel->Illuminate/Foundation/Http/{closure}(Object(Illuminate/Http/Request))
#9 C:/Users/Sandy/Psikonutrisense/backend/vendor/laravel/framework/src/Illuminate/Foundation/Http/Middleware/TransformsRequest.php(21): Illuminate/Pipeline/Pipeline->Illuminate/Pipeline/{closure}(Object(Illuminate/Http/Request))
#10 C:/Users/Sandy/Psikonutrisense/backend/vendor/laravel/framework/src/Illuminate/Foundation/Http/Middleware/ConvertEmptyStringsToNull.php(31): Illuminate/Foundation/Http/Middleware/TransformsRequest->handle(Object(Illuminate/Http/Request), Object(Closure))
#11 C:/Users/Sandy/Psikonutrisense/backend/vendor/laravel/framework/src/Illuminate/Pipeline/Pipeline.php(183): Illuminate/Foundation/Http/Middleware/ConvertEmptyStringsToNull->handle(Object(Illuminate/Http/Request), Object(Closure))
#12 C:/Users/Sandy/Psikonutrisense/backend/vendor/laravel/framework/src/Illuminate/Foundation/Http/Middleware/ValidatePostSize.php(27): Illuminate/Pipeline/Pipeline->Illuminate/Pipeline/{closure}(Object(Illuminate/Http/Request))
#13 C:/Users/Sandy/Psikonutrisense/backend/vendor/laravel/framework/src/Illuminate/Pipeline/Pipeline.php(183): Illuminate/Foundation/Http/Middleware/ValidatePostSize->handle(Object(Illuminate/Http/Request), Object(Closure))
#14 C:/Users/Sandy/Psikonutrisense/backend/vendor/laravel/framework/src/Illuminate/Pipeline/Pipeline.php(119): Illuminate/Pipeline/Pipeline->Illuminate/Pipeline/{closure}(Object(Illuminate/Http/Request))
#15 C:/Users/Sandy/Psikonutrisense/backend/vendor/laravel/framework/src/Illuminate/Foundation/Http/Kernel.php(175): Illuminate/Pipeline/Pipeline->then(Object(Closure))
#16 C:/Users/Sandy/Psikonutrisense/backend/vendor/laravel/framework/src/Illuminate/Foundation/Http/Kernel.php(144): Illuminate/Foundation/Http/Kernel->sendRequestThroughRouter(Object(Illuminate/Http/Request))
#17 C:/Users/Sandy/Psikonutrisense/backend/public/index.php(19): Illuminate/Foundation/Http/Kernel->handle(Object(Illuminate/Http/Request))
#18 C:/Users/Sandy/Psikonutrisense/backend/server.php(11): require_once('C://Users//Sandy//...')
#19 {main}
"} 
[2026-09-20 15:34:43] local.ERROR: Object of type Illuminate\Auth\AuthManager is not callable {"exception":"[object] (Error(code: 0): Object of type Illuminate\\Auth\\AuthManager is not callable at C:/Users/Sandy/Psikonutrisense/backend/vendor/laravel/framework/src/Illuminate/Pipeline/Pipeline.php:184)
[stacktrace]
#0 C:/Users/Sandy/Psikonutrisense/backend/vendor/laravel/framework/src/Illuminate/Routing/Middleware/SubstituteBindings.php(50): Illuminate/Pipeline/Pipeline->Illuminate/Pipeline/{closure}(Object(Illuminate/Http/Request))
#1 C:/Users/Sandy/Psikonutrisense/backend/vendor/laravel/framework/src/Illuminate/Pipeline/Pipeline.php(183): Illuminate/Routing/Middleware/SubstituteBindings->handle(Object(Illuminate/Http/Request), Object(Closure))
#2 C:/Users/Sandy/Psikonutrisense/backend/vendor/laravel/framework/src/Illuminate/Pipeline/Pipeline.php(119): Illuminate/Pipeline/Pipeline->Illuminate/Pipeline/{closure}(Object(Illuminate/Http/Request))
#3 C:/Users/Sandy/Psikonutrisense/backend/vendor/laravel/framework/src/Illuminate/Routing/Router.php(807): Illuminate/Pipeline/Pipeline->then(Object(Closure))
#4 C:/Users/Sandy/Psikonutrisense/backend/vendor/laravel/framework/src/Illuminate/Routing/Router.php(784): Illuminate/Routing/Router->runRouteWithinStack(Object(Illuminate/Routing/Route), Object(Illuminate/Http/Request))
#5 C:/Users/Sandy/Psikonutrisense/backend/vendor/laravel/framework/src/Illuminate/Routing/Router.php(748): Illuminate/Routing/Router->runRoute(Object(Illuminate/Http/Request), Object(Illuminate/Routing/Route))
#6 C:/Users/Sandy/Psikonutrisense/backend/vendor/laravel/framework/src/Illuminate/Routing/Router.php(737): Illuminate/Routing/Router->dispatchToRoute(Object(Illuminate/Http/Request))
#7 C:/Users/Sandy/Psikonutrisense/backend/vendor/laravel/framework/src/Illuminate/Foundation/Http/Kernel.php(200): Illuminate/Routing/Router->dispatch(Object(Illuminate/Http/Request))
#8 C:/Users/Sandy/Psikonutrisense/backend/vendor/laravel/framework/src/Illuminate/Pipeline/Pipeline.php(144): Illuminate/Foundation/Http/Kernel->Illuminate/Foundation/Http/{closure}(Object(Illuminate/Http/Request))
#9 C:/Users/Sandy/Psikonutrisense/backend/vendor/laravel/framework/src/Illuminate/Foundation/Http/Middleware/TransformsRequest.php(21): Illuminate/Pipeline/Pipeline->Illuminate/Pipeline/{closure}(Object(Illuminate/Http/Request))
#10 C:/Users/Sandy/Psikonutrisense/backend/vendor/laravel/framework/src/Illuminate/Foundation/Http/Middleware/ConvertEmptyStringsToNull.php(31): Illuminate/Foundation/Http/Middleware/TransformsRequest->handle(Object(Illuminate/Http/Request), Object(Closure))
#11 C:/Users/Sandy/Psikonutrisense/backend/vendor/laravel/framework/src/Illuminate/Pipeline/Pipeline.php(183): Illuminate/Foundation/Http/Middleware/ConvertEmptyStringsToNull->handle(Object(Illuminate/Http/Request), Object(Closure))
#12 C:/Users/Sandy/Psikonutrisense/backend/vendor/laravel/framework/src/Illuminate/Foundation/Http/Middleware/ValidatePostSize.php(27): Illuminate/Pipeline/Pipeline->Illuminate/Pipeline/{closure}(Object(Illuminate/Http/Request))
#13 C:/Users/Sandy/Psikonutrisense/backend/vendor/laravel/framework/src/Illuminate/Pipeline/Pipeline.php(183): Illuminate/Foundation/Http/Middleware/ValidatePostSize->handle(Object(Illuminate/Http/Request), Object(Closure))
#14 C:/Users/Sandy/Psikonutrisense/backend/vendor/laravel/framework/src/Illuminate/Pipeline/Pipeline.php(119): Illuminate/Pipeline/Pipeline->Illuminate/Pipeline/{closure}(Object(Illuminate/Http/Request))
#15 C:/Users/Sandy/Psikonutrisense/backend/vendor/laravel/framework/src/Illuminate/Foundation/Http/Kernel.php(175): Illuminate/Pipeline/Pipeline->then(Object(Closure))
#16 C:/Users/Sandy/Psikonutrisense/backend/vendor/laravel/framework/src/Illuminate/Foundation/Http/Kernel.php(144): Illuminate/Foundation/Http/Kernel->sendRequestThroughRouter(Object(Illuminate/Http/Request))
#17 C:/Users/Sandy/Psikonutrisense/backend/public/index.php(19): Illuminate/Foundation/Http/Kernel->handle(Object(Illuminate/Http/Request))
#18 C:/Users/Sandy/Psikonutrisense/backend/server.php(11): require_once('C://Users//Sandy//...')
#19 {main}
"} 
[2026-09-20 15:34:59] local.ERROR: Object of type Illuminate\Auth\AuthManager is not callable {"exception":"[object] (Error(code: 0): Object of type Illuminate\\Auth\\AuthManager is not callable at C:/Users/Sandy/Psikonutrisense/backend/vendor/laravel/framework/src/Illuminate/Pipeline/Pipeline.php:184)
[stacktrace]
#0 C:/Users/Sandy/Psikonutrisense/backend/vendor/laravel/framework/src/Illuminate/Routing/Middleware/SubstituteBindings.php(50): Illuminate/Pipeline/Pipeline->Illuminate/Pipeline/{closure}(Object(Illuminate/Http/Request))
#1 C:/Users/Sandy/Psikonutrisense/backend/vendor/laravel/framework/src/Illuminate/Pipeline/Pipeline.php(183): Illuminate/Routing/Middleware/SubstituteBindings->handle(Object(Illuminate/Http/Request), Object(Closure))
#2 C:/Users/Sandy/Psikonutrisense/backend/vendor/laravel/framework/src/Illuminate/Pipeline/Pipeline.php(119): Illuminate/Pipeline/Pipeline->Illuminate/Pipeline/{closure}(Object(Illuminate/Http/Request))
#3 C:/Users/Sandy/Psikonutrisense/backend/vendor/laravel/framework/src/Illuminate/Routing/Router.php(807): Illuminate/Pipeline/Pipeline->then(Object(Closure))
#4 C:/Users/Sandy/Psikonutrisense/backend/vendor/laravel/framework/src/Illuminate/Routing/Router.php(784): Illuminate/Routing/Router->runRouteWithinStack(Object(Illuminate/Routing/Route), Object(Illuminate/Http/Request))
#5 C:/Users/Sandy/Psikonutrisense/backend/vendor/laravel/framework/src/Illuminate/Routing/Router.php(748): Illuminate/Routing/Router->runRoute(Object(Illuminate/Http/Request), Object(Illuminate/Routing/Route))
#6 C:/Users/Sandy/Psikonutrisense/backend/vendor/laravel/framework/src/Illuminate/Routing/Router.php(737): Illuminate/Routing/Router->dispatchToRoute(Object(Illuminate/Http/Request))
#7 C:/Users/Sandy/Psikonutrisense/backend/vendor/laravel/framework/src/Illuminate/Foundation/Http/Kernel.php(200): Illuminate/Routing/Router->dispatch(Object(Illuminate/Http/Request))
#8 C:/Users/Sandy/Psikonutrisense/backend/vendor/laravel/framework/src/Illuminate/Pipeline/Pipeline.php(144): Illuminate/Foundation/Http/Kernel->Illuminate/Foundation/Http/{closure}(Object(Illuminate/Http/Request))
#9 C:/Users/Sandy/Psikonutrisense/backend/vendor/laravel/framework/src/Illuminate/Foundation/Http/Middleware/TransformsRequest.php(21): Illuminate/Pipeline/Pipeline->Illuminate/Pipeline/{closure}(Object(Illuminate/Http/Request))
#10 C:/Users/Sandy/Psikonutrisense/backend/vendor/laravel/framework/src/Illuminate/Foundation/Http/Middleware/ConvertEmptyStringsToNull.php(31): Illuminate/Foundation/Http/Middleware/TransformsRequest->handle(Object(Illuminate/Http/Request), Object(Closure))
#11 C:/Users/Sandy/Psikonutrisense/backend/vendor/laravel/framework/src/Illuminate/Pipeline/Pipeline.php(183): Illuminate/Foundation/Http/Middleware/ConvertEmptyStringsToNull->handle(Object(Illuminate/Http/Request), Object(Closure))
#12 C:/Users/Sandy/Psikonutrisense/backend/vendor/laravel/framework/src/Illuminate/Foundation/Http/Middleware/ValidatePostSize.php(27): Illuminate/Pipeline/Pipeline->Illuminate/Pipeline/{closure}(Object(Illuminate/Http/Request))
#13 C:/Users/Sandy/Psikonutrisense/backend/vendor/laravel/framework/src/Illuminate/Pipeline/Pipeline.php(183): Illuminate/Foundation/Http/Middleware/ValidatePostSize->handle(Object(Illuminate/Http/Request), Object(Closure))
#14 C:/Users/Sandy/Psikonutrisense/backend/vendor/laravel/framework/src/Illuminate/Pipeline/Pipeline.php(119): Illuminate/Pipeline/Pipeline->Illuminate/Pipeline/{closure}(Object(Illuminate/Http/Request))
#15 C:/Users/Sandy/Psikonutrisense/backend/vendor/laravel/framework/src/Illuminate/Foundation/Http/Kernel.php(175): Illuminate/Pipeline/Pipeline->then(Object(Closure))
#16 C:/Users/Sandy/Psikonutrisense/backend/vendor/laravel/framework/src/Illuminate/Foundation/Http/Kernel.php(144): Illuminate/Foundation/Http/Kernel->sendRequestThroughRouter(Object(Illuminate/Http/Request))
#17 C:/Users/Sandy/Psikonutrisense/backend/public/index.php(19): Illuminate/Foundation/Http/Kernel->handle(Object(Illuminate/Http/Request))
#18 C:/Users/Sandy/Psikonutrisense/backend/server.php(11): require_once('C://Users//Sandy//...')
#19 {main}
"} 
[2026-09-20 15:35:07] local.ERROR: Object of type Illuminate\Auth\AuthManager is not callable {"exception":"[object] (Error(code: 0): Object of type Illuminate\\Auth\\AuthManager is not callable at C:/Users/Sandy/Psikonutrisense/backend/vendor/laravel/framework/src/Illuminate/Pipeline/Pipeline.php:184)
[stacktrace]
#0 C:/Users/Sandy/Psikonutrisense/backend/vendor/laravel/framework/src/Illuminate/Routing/Middleware/SubstituteBindings.php(50): Illuminate/Pipeline/Pipeline->Illuminate/Pipeline/{closure}(Object(Illuminate/Http/Request))
#1 C:/Users/Sandy/Psikonutrisense/backend/vendor/laravel/framework/src/Illuminate/Pipeline/Pipeline.php(183): Illuminate/Routing/Middleware/SubstituteBindings->handle(Object(Illuminate/Http/Request), Object(Closure))
#2 C:/Users/Sandy/Psikonutrisense/backend/vendor/laravel/framework/src/Illuminate/Pipeline/Pipeline.php(119): Illuminate/Pipeline/Pipeline->Illuminate/Pipeline/{closure}(Object(Illuminate/Http/Request))
#3 C:/Users/Sandy/Psikonutrisense/backend/vendor/laravel/framework/src/Illuminate/Routing/Router.php(807): Illuminate/Pipeline/Pipeline->then(Object(Closure))
#4 C:/Users/Sandy/Psikonutrisense/backend/vendor/laravel/framework/src/Illuminate/Routing/Router.php(784): Illuminate/Routing/Router->runRouteWithinStack(Object(Illuminate/Routing/Route), Object(Illuminate/Http/Request))
#5 C:/Users/Sandy/Psikonutrisense/backend/vendor/laravel/framework/src/Illuminate/Routing/Router.php(748): Illuminate/Routing/Router->runRoute(Object(Illuminate/Http/Request), Object(Illuminate/Routing/Route))
#6 C:/Users/Sandy/Psikonutrisense/backend/vendor/laravel/framework/src/Illuminate/Routing/Router.php(737): Illuminate/Routing/Router->dispatchToRoute(Object(Illuminate/Http/Request))
#7 C:/Users/Sandy/Psikonutrisense/backend/vendor/laravel/framework/src/Illuminate/Foundation/Http/Kernel.php(200): Illuminate/Routing/Router->dispatch(Object(Illuminate/Http/Request))
#8 C:/Users/Sandy/Psikonutrisense/backend/vendor/laravel/framework/src/Illuminate/Pipeline/Pipeline.php(144): Illuminate/Foundation/Http/Kernel->Illuminate/Foundation/Http/{closure}(Object(Illuminate/Http/Request))
#9 C:/Users/Sandy/Psikonutrisense/backend/vendor/laravel/framework/src/Illuminate/Foundation/Http/Middleware/TransformsRequest.php(21): Illuminate/Pipeline/Pipeline->Illuminate/Pipeline/{closure}(Object(Illuminate/Http/Request))
#10 C:/Users/Sandy/Psikonutrisense/backend/vendor/laravel/framework/src/Illuminate/Foundation/Http/Middleware/ConvertEmptyStringsToNull.php(31): Illuminate/Foundation/Http/Middleware/TransformsRequest->handle(Object(Illuminate/Http/Request), Object(Closure))
#11 C:/Users/Sandy/Psikonutrisense/backend/vendor/laravel/framework/src/Illuminate/Pipeline/Pipeline.php(183): Illuminate/Foundation/Http/Middleware/ConvertEmptyStringsToNull->handle(Object(Illuminate/Http/Request), Object(Closure))
#12 C:/Users/Sandy/Psikonutrisense/backend/vendor/laravel/framework/src/Illuminate/Foundation/Http/Middleware/ValidatePostSize.php(27): Illuminate/Pipeline/Pipeline->Illuminate/Pipeline/{closure}(Object(Illuminate/Http/Request))
#13 C:/Users/Sandy/Psikonutrisense/backend/vendor/laravel/framework/src/Illuminate/Pipeline/Pipeline.php(183): Illuminate/Foundation/Http/Middleware/ValidatePostSize->handle(Object(Illuminate/Http/Request), Object(Closure))
#14 C:/Users/Sandy/Psikonutrisense/backend/vendor/laravel/framework/src/Illuminate/Pipeline/Pipeline.php(119): Illuminate/Pipeline/Pipeline->Illuminate/Pipeline/{closure}(Object(Illuminate/Http/Request))
#15 C:/Users/Sandy/Psikonutrisense/backend/vendor/laravel/framework/src/Illuminate/Foundation/Http/Kernel.php(175): Illuminate/Pipeline/Pipeline->then(Object(Closure))
#16 C:/Users/Sandy/Psikonutrisense/backend/vendor/laravel/framework/src/Illuminate/Foundation/Http/Kernel.php(144): Illuminate/Foundation/Http/Kernel->sendRequestThroughRouter(Object(Illuminate/Http/Request))
#17 C:/Users/Sandy/Psikonutrisense/backend/public/index.php(19): Illuminate/Foundation/Http/Kernel->handle(Object(Illuminate/Http/Request))
#18 C:/Users/Sandy/Psikonutrisense/backend/server.php(11): require_once('C://Users//Sandy//...')
#19 {main}
"} 
[2026-09-20 15:35:12] local.ERROR: Object of type Illuminate\Auth\AuthManager is not callable {"exception":"[object] (Error(code: 0): Object of type Illuminate\\Auth\\AuthManager is not callable at C:/Users/Sandy/Psikonutrisense/backend/vendor/laravel/framework/src/Illuminate/Pipeline/Pipeline.php:184)
[stacktrace]
#0 C:/Users/Sandy/Psikonutrisense/backend/vendor/laravel/framework/src/Illuminate/Routing/Middleware/SubstituteBindings.php(50): Illuminate/Pipeline/Pipeline->Illuminate/Pipeline/{closure}(Object(Illuminate/Http/Request))
#1 C:/Users/Sandy/Psikonutrisense/backend/vendor/laravel/framework/src/Illuminate/Pipeline/Pipeline.php(183): Illuminate/Routing/Middleware/SubstituteBindings->handle(Object(Illuminate/Http/Request), Object(Closure))
#2 C:/Users/Sandy/Psikonutrisense/backend/vendor/laravel/framework/src/Illuminate/Pipeline/Pipeline.php(119): Illuminate/Pipeline/Pipeline->Illuminate/Pipeline/{closure}(Object(Illuminate/Http/Request))
#3 C:/Users/Sandy/Psikonutrisense/backend/vendor/laravel/framework/src/Illuminate/Routing/Router.php(807): Illuminate/Pipeline/Pipeline->then(Object(Closure))
#4 C:/Users/Sandy/Psikonutrisense/backend/vendor/laravel/framework/src/Illuminate/Routing/Router.php(784): Illuminate/Routing/Router->runRouteWithinStack(Object(Illuminate/Routing/Route), Object(Illuminate/Http/Request))
#5 C:/Users/Sandy/Psikonutrisense/backend/vendor/laravel/framework/src/Illuminate/Routing/Router.php(748): Illuminate/Routing/Router->runRoute(Object(Illuminate/Http/Request), Object(Illuminate/Routing/Route))
#6 C:/Users/Sandy/Psikonutrisense/backend/vendor/laravel/framework/src/Illuminate/Routing/Router.php(737): Illuminate/Routing/Router->dispatchToRoute(Object(Illuminate/Http/Request))
#7 C:/Users/Sandy/Psikonutrisense/backend/vendor/laravel/framework/src/Illuminate/Foundation/Http/Kernel.php(200): Illuminate/Routing/Router->dispatch(Object(Illuminate/Http/Request))
#8 C:/Users/Sandy/Psikonutrisense/backend/vendor/laravel/framework/src/Illuminate/Pipeline/Pipeline.php(144): Illuminate/Foundation/Http/Kernel->Illuminate/Foundation/Http/{closure}(Object(Illuminate/Http/Request))
#9 C:/Users/Sandy/Psikonutrisense/backend/vendor/laravel/framework/src/Illuminate/Foundation/Http/Middleware/TransformsRequest.php(21): Illuminate/Pipeline/Pipeline->Illuminate/Pipeline/{closure}(Object(Illuminate/Http/Request))
#10 C:/Users/Sandy/Psikonutrisense/backend/vendor/laravel/framework/src/Illuminate/Foundation/Http/Middleware/ConvertEmptyStringsToNull.php(31): Illuminate/Foundation/Http/Middleware/TransformsRequest->handle(Object(Illuminate/Http/Request), Object(Closure))
#11 C:/Users/Sandy/Psikonutrisense/backend/vendor/laravel/framework/src/Illuminate/Pipeline/Pipeline.php(183): Illuminate/Foundation/Http/Middleware/ConvertEmptyStringsToNull->handle(Object(Illuminate/Http/Request), Object(Closure))
#12 C:/Users/Sandy/Psikonutrisense/backend/vendor/laravel/framework/src/Illuminate/Foundation/Http/Middleware/ValidatePostSize.php(27): Illuminate/Pipeline/Pipeline->Illuminate/Pipeline/{closure}(Object(Illuminate/Http/Request))
#13 C:/Users/Sandy/Psikonutrisense/backend/vendor/laravel/framework/src/Illuminate/Pipeline/Pipeline.php(183): Illuminate/Foundation/Http/Middleware/ValidatePostSize->handle(Object(Illuminate/Http/Request), Object(Closure))
#14 C:/Users/Sandy/Psikonutrisense/backend/vendor/laravel/framework/src/Illuminate/Pipeline/Pipeline.php(119): Illuminate/Pipeline/Pipeline->Illuminate/Pipeline/{closure}(Object(Illuminate/Http/Request))
#15 C:/Users/Sandy/Psikonutrisense/backend/vendor/laravel/framework/src/Illuminate/Foundation/Http/Kernel.php(175): Illuminate/Pipeline/Pipeline->then(Object(Closure))
#16 C:/Users/Sandy/Psikonutrisense/backend/vendor/laravel/framework/src/Illuminate/Foundation/Http/Kernel.php(144): Illuminate/Foundation/Http/Kernel->sendRequestThroughRouter(Object(Illuminate/Http/Request))
#17 C:/Users/Sandy/Psikonutrisense/backend/public/index.php(19): Illuminate/Foundation/Http/Kernel->handle(Object(Illuminate/Http/Request))
#18 C:/Users/Sandy/Psikonutrisense/backend/server.php(11): require_once('C://Users//Sandy//...')
#19 {main}
"} 
[2026-09-21 00:27:16] local.ERROR: Object of type Illuminate\Auth\AuthManager is not callable {"exception":"[object] (Error(code: 0): Object of type Illuminate\\Auth\\AuthManager is not callable at C:/Users/Sandy/Psikonutrisense/backend/vendor/laravel/framework/src/Illuminate/Pipeline/Pipeline.php:184)
[stacktrace]
#0 C:/Users/Sandy/Psikonutrisense/backend/vendor/laravel/framework/src/Illuminate/Routing/Middleware/SubstituteBindings.php(50): Illuminate/Pipeline/Pipeline->Illuminate/Pipeline/{closure}(Object(Illuminate/Http/Request))
#1 C:/Users/Sandy/Psikonutrisense/backend/vendor/laravel/framework/src/Illuminate/Pipeline/Pipeline.php(183): Illuminate/Routing/Middleware/SubstituteBindings->handle(Object(Illuminate/Http/Request), Object(Closure))
#2 C:/Users/Sandy/Psikonutrisense/backend/vendor/laravel/framework/src/Illuminate/Pipeline/Pipeline.php(119): Illuminate/Pipeline/Pipeline->Illuminate/Pipeline/{closure}(Object(Illuminate/Http/Request))
#3 C:/Users/Sandy/Psikonutrisense/backend/vendor/laravel/framework/src/Illuminate/Routing/Router.php(807): Illuminate/Pipeline/Pipeline->then(Object(Closure))
#4 C:/Users/Sandy/Psikonutrisense/backend/vendor/laravel/framework/src/Illuminate/Routing/Router.php(784): Illuminate/Routing/Router->runRouteWithinStack(Object(Illuminate/Routing/Route), Object(Illuminate/Http/Request))
#5 C:/Users/Sandy/Psikonutrisense/backend/vendor/laravel/framework/src/Illuminate/Routing/Router.php(748): Illuminate/Routing/Router->runRoute(Object(Illuminate/Http/Request), Object(Illuminate/Routing/Route))
#6 C:/Users/Sandy/Psikonutrisense/backend/vendor/laravel/framework/src/Illuminate/Routing/Router.php(737): Illuminate/Routing/Router->dispatchToRoute(Object(Illuminate/Http/Request))
#7 C:/Users/Sandy/Psikonutrisense/backend/vendor/laravel/framework/src/Illuminate/Foundation/Http/Kernel.php(200): Illuminate/Routing/Router->dispatch(Object(Illuminate/Http/Request))
#8 C:/Users/Sandy/Psikonutrisense/backend/vendor/laravel/framework/src/Illuminate/Pipeline/Pipeline.php(144): Illuminate/Foundation/Http/Kernel->Illuminate/Foundation/Http/{closure}(Object(Illuminate/Http/Request))
#9 C:/Users/Sandy/Psikonutrisense/backend/vendor/laravel/framework/src/Illuminate/Foundation/Http/Middleware/TransformsRequest.php(21): Illuminate/Pipeline/Pipeline->Illuminate/Pipeline/{closure}(Object(Illuminate/Http/Request))
#10 C:/Users/Sandy/Psikonutrisense/backend/vendor/laravel/framework/src/Illuminate/Foundation/Http/Middleware/ConvertEmptyStringsToNull.php(31): Illuminate/Foundation/Http/Middleware/TransformsRequest->handle(Object(Illuminate/Http/Request), Object(Closure))
#11 C:/Users/Sandy/Psikonutrisense/backend/vendor/laravel/framework/src/Illuminate/Pipeline/Pipeline.php(183): Illuminate/Foundation/Http/Middleware/ConvertEmptyStringsToNull->handle(Object(Illuminate/Http/Request), Object(Closure))
#12 C:/Users/Sandy/Psikonutrisense/backend/vendor/laravel/framework/src/Illuminate/Foundation/Http/Middleware/ValidatePostSize.php(27): Illuminate/Pipeline/Pipeline->Illuminate/Pipeline/{closure}(Object(Illuminate/Http/Request))
#13 C:/Users/Sandy/Psikonutrisense/backend/vendor/laravel/framework/src/Illuminate/Pipeline/Pipeline.php(183): Illuminate/Foundation/Http/Middleware/ValidatePostSize->handle(Object(Illuminate/Http/Request), Object(Closure))
#14 C:/Users/Sandy/Psikonutrisense/backend/vendor/laravel/framework/src/Illuminate/Pipeline/Pipeline.php(119): Illuminate/Pipeline/Pipeline->Illuminate/Pipeline/{closure}(Object(Illuminate/Http/Request))
#15 C:/Users/Sandy/Psikonutrisense/backend/vendor/laravel/framework/src/Illuminate/Foundation/Http/Kernel.php(175): Illuminate/Pipeline/Pipeline->then(Object(Closure))
#16 C:/Users/Sandy/Psikonutrisense/backend/vendor/laravel/framework/src/Illuminate/Foundation/Http/Kernel.php(144): Illuminate/Foundation/Http/Kernel->sendRequestThroughRouter(Object(Illuminate/Http/Request))
#17 C:/Users/Sandy/Psikonutrisense/backend/public/index.php(19): Illuminate/Foundation/Http/Kernel->handle(Object(Illuminate/Http/Request))
#18 C:/Users/Sandy/Psikonutrisense/backend/server.php(11): require_once('C://Users//Sandy//...')
#19 {main}
"} 
[2026-09-21 00:27:21] local.ERROR: Object of type Illuminate\Auth\AuthManager is not callable {"exception":"[object] (Error(code: 0): Object of type Illuminate\\Auth\\AuthManager is not callable at C:/Users/Sandy/Psikonutrisense/backend/vendor/laravel/framework/src/Illuminate/Pipeline/Pipeline.php:184)
[stacktrace]
#0 C:/Users/Sandy/Psikonutrisense/backend/vendor/laravel/framework/src/Illuminate/Routing/Middleware/SubstituteBindings.php(50): Illuminate/Pipeline/Pipeline->Illuminate/Pipeline/{closure}(Object(Illuminate/Http/Request))
#1 C:/Users/Sandy/Psikonutrisense/backend/vendor/laravel/framework/src/Illuminate/Pipeline/Pipeline.php(183): Illuminate/Routing/Middleware/SubstituteBindings->handle(Object(Illuminate/Http/Request), Object(Closure))
#2 C:/Users/Sandy/Psikonutrisense/backend/vendor/laravel/framework/src/Illuminate/Pipeline/Pipeline.php(119): Illuminate/Pipeline/Pipeline->Illuminate/Pipeline/{closure}(Object(Illuminate/Http/Request))
#3 C:/Users/Sandy/Psikonutrisense/backend/vendor/laravel/framework/src/Illuminate/Routing/Router.php(807): Illuminate/Pipeline/Pipeline->then(Object(Closure))
#4 C:/Users/Sandy/Psikonutrisense/backend/vendor/laravel/framework/src/Illuminate/Routing/Router.php(784): Illuminate/Routing/Router->runRouteWithinStack(Object(Illuminate/Routing/Route), Object(Illuminate/Http/Request))
#5 C:/Users/Sandy/Psikonutrisense/backend/vendor/laravel/framework/src/Illuminate/Routing/Router.php(748): Illuminate/Routing/Router->runRoute(Object(Illuminate/Http/Request), Object(Illuminate/Routing/Route))
#6 C:/Users/Sandy/Psikonutrisense/backend/vendor/laravel/framework/src/Illuminate/Routing/Router.php(737): Illuminate/Routing/Router->dispatchToRoute(Object(Illuminate/Http/Request))
#7 C:/Users/Sandy/Psikonutrisense/backend/vendor/laravel/framework/src/Illuminate/Foundation/Http/Kernel.php(200): Illuminate/Routing/Router->dispatch(Object(Illuminate/Http/Request))
#8 C:/Users/Sandy/Psikonutrisense/backend/vendor/laravel/framework/src/Illuminate/Pipeline/Pipeline.php(144): Illuminate/Foundation/Http/Kernel->Illuminate/Foundation/Http/{closure}(Object(Illuminate/Http/Request))
#9 C:/Users/Sandy/Psikonutrisense/backend/vendor/laravel/framework/src/Illuminate/Foundation/Http/Middleware/TransformsRequest.php(21): Illuminate/Pipeline/Pipeline->Illuminate/Pipeline/{closure}(Object(Illuminate/Http/Request))
#10 C:/Users/Sandy/Psikonutrisense/backend/vendor/laravel/framework/src/Illuminate/Foundation/Http/Middleware/ConvertEmptyStringsToNull.php(31): Illuminate/Foundation/Http/Middleware/TransformsRequest->handle(Object(Illuminate/Http/Request), Object(Closure))
#11 C:/Users/Sandy/Psikonutrisense/backend/vendor/laravel/framework/src/Illuminate/Pipeline/Pipeline.php(183): Illuminate/Foundation/Http/Middleware/ConvertEmptyStringsToNull->handle(Object(Illuminate/Http/Request), Object(Closure))
#12 C:/Users/Sandy/Psikonutrisense/backend/vendor/laravel/framework/src/Illuminate/Foundation/Http/Middleware/ValidatePostSize.php(27): Illuminate/Pipeline/Pipeline->Illuminate/Pipeline/{closure}(Object(Illuminate/Http/Request))
#13 C:/Users/Sandy/Psikonutrisense/backend/vendor/laravel/framework/src/Illuminate/Pipeline/Pipeline.php(183): Illuminate/Foundation/Http/Middleware/ValidatePostSize->handle(Object(Illuminate/Http/Request), Object(Closure))
#14 C:/Users/Sandy/Psikonutrisense/backend/vendor/laravel/framework/src/Illuminate/Pipeline/Pipeline.php(119): Illuminate/Pipeline/Pipeline->Illuminate/Pipeline/{closure}(Object(Illuminate/Http/Request))
#15 C:/Users/Sandy/Psikonutrisense/backend/vendor/laravel/framework/src/Illuminate/Foundation/Http/Kernel.php(175): Illuminate/Pipeline/Pipeline->then(Object(Closure))
#16 C:/Users/Sandy/Psikonutrisense/backend/vendor/laravel/framework/src/Illuminate/Foundation/Http/Kernel.php(144): Illuminate/Foundation/Http/Kernel->sendRequestThroughRouter(Object(Illuminate/Http/Request))
#17 C:/Users/Sandy/Psikonutrisense/backend/public/index.php(19): Illuminate/Foundation/Http/Kernel->handle(Object(Illuminate/Http/Request))
#18 C:/Users/Sandy/Psikonutrisense/backend/server.php(11): require_once('C://Users//Sandy//...')
#19 {main}
"} 
[2026-09-21 00:30:07] local.ERROR: Object of type Illuminate\Auth\AuthManager is not callable {"exception":"[object] (Error(code: 0): Object of type Illuminate\\Auth\\AuthManager is not callable at C:/Users/Sandy/Psikonutrisense/backend/vendor/laravel/framework/src/Illuminate/Pipeline/Pipeline.php:184)
[stacktrace]
#0 C:/Users/Sandy/Psikonutrisense/backend/vendor/laravel/framework/src/Illuminate/Routing/Middleware/SubstituteBindings.php(50): Illuminate/Pipeline/Pipeline->Illuminate/Pipeline/{closure}(Object(Illuminate/Http/Request))
#1 C:/Users/Sandy/Psikonutrisense/backend/vendor/laravel/framework/src/Illuminate/Pipeline/Pipeline.php(183): Illuminate/Routing/Middleware/SubstituteBindings->handle(Object(Illuminate/Http/Request), Object(Closure))
#2 C:/Users/Sandy/Psikonutrisense/backend/vendor/laravel/framework/src/Illuminate/Pipeline/Pipeline.php(119): Illuminate/Pipeline/Pipeline->Illuminate/Pipeline/{closure}(Object(Illuminate/Http/Request))
#3 C:/Users/Sandy/Psikonutrisense/backend/vendor/laravel/framework/src/Illuminate/Routing/Router.php(807): Illuminate/Pipeline/Pipeline->then(Object(Closure))
#4 C:/Users/Sandy/Psikonutrisense/backend/vendor/laravel/framework/src/Illuminate/Routing/Router.php(784): Illuminate/Routing/Router->runRouteWithinStack(Object(Illuminate/Routing/Route), Object(Illuminate/Http/Request))
#5 C:/Users/Sandy/Psikonutrisense/backend/vendor/laravel/framework/src/Illuminate/Routing/Router.php(748): Illuminate/Routing/Router->runRoute(Object(Illuminate/Http/Request), Object(Illuminate/Routing/Route))
#6 C:/Users/Sandy/Psikonutrisense/backend/vendor/laravel/framework/src/Illuminate/Routing/Router.php(737): Illuminate/Routing/Router->dispatchToRoute(Object(Illuminate/Http/Request))
#7 C:/Users/Sandy/Psikonutrisense/backend/vendor/laravel/framework/src/Illuminate/Foundation/Http/Kernel.php(200): Illuminate/Routing/Router->dispatch(Object(Illuminate/Http/Request))
#8 C:/Users/Sandy/Psikonutrisense/backend/vendor/laravel/framework/src/Illuminate/Pipeline/Pipeline.php(144): Illuminate/Foundation/Http/Kernel->Illuminate/Foundation/Http/{closure}(Object(Illuminate/Http/Request))
#9 C:/Users/Sandy/Psikonutrisense/backend/vendor/laravel/framework/src/Illuminate/Foundation/Http/Middleware/TransformsRequest.php(21): Illuminate/Pipeline/Pipeline->Illuminate/Pipeline/{closure}(Object(Illuminate/Http/Request))
#10 C:/Users/Sandy/Psikonutrisense/backend/vendor/laravel/framework/src/Illuminate/Foundation/Http/Middleware/ConvertEmptyStringsToNull.php(31): Illuminate/Foundation/Http/Middleware/TransformsRequest->handle(Object(Illuminate/Http/Request), Object(Closure))
#11 C:/Users/Sandy/Psikonutrisense/backend/vendor/laravel/framework/src/Illuminate/Pipeline/Pipeline.php(183): Illuminate/Foundation/Http/Middleware/ConvertEmptyStringsToNull->handle(Object(Illuminate/Http/Request), Object(Closure))
#12 C:/Users/Sandy/Psikonutrisense/backend/vendor/laravel/framework/src/Illuminate/Foundation/Http/Middleware/ValidatePostSize.php(27): Illuminate/Pipeline/Pipeline->Illuminate/Pipeline/{closure}(Object(Illuminate/Http/Request))
#13 C:/Users/Sandy/Psikonutrisense/backend/vendor/laravel/framework/src/Illuminate/Pipeline/Pipeline.php(183): Illuminate/Foundation/Http/Middleware/ValidatePostSize->handle(Object(Illuminate/Http/Request), Object(Closure))
#14 C:/Users/Sandy/Psikonutrisense/backend/vendor/laravel/framework/src/Illuminate/Pipeline/Pipeline.php(119): Illuminate/Pipeline/Pipeline->Illuminate/Pipeline/{closure}(Object(Illuminate/Http/Request))
#15 C:/Users/Sandy/Psikonutrisense/backend/vendor/laravel/framework/src/Illuminate/Foundation/Http/Kernel.php(175): Illuminate/Pipeline/Pipeline->then(Object(Closure))
#16 C:/Users/Sandy/Psikonutrisense/backend/vendor/laravel/framework/src/Illuminate/Foundation/Http/Kernel.php(144): Illuminate/Foundation/Http/Kernel->sendRequestThroughRouter(Object(Illuminate/Http/Request))
#17 C:/Users/Sandy/Psikonutrisense/backend/public/index.php(19): Illuminate/Foundation/Http/Kernel->handle(Object(Illuminate/Http/Request))
#18 C:/Users/Sandy/Psikonutrisense/backend/server.php(11): require_once('C://Users//Sandy//...')
#19 {main}
"} 
[2026-09-21 00:31:14] local.ERROR: Object of type Illuminate\Auth\AuthManager is not callable {"exception":"[object] (Error(code: 0): Object of type Illuminate\\Auth\\AuthManager is not callable at C:/Users/Sandy/Psikonutrisense/backend/vendor/laravel/framework/src/Illuminate/Pipeline/Pipeline.php:184)
[stacktrace]
#0 C:/Users/Sandy/Psikonutrisense/backend/vendor/laravel/framework/src/Illuminate/Routing/Middleware/SubstituteBindings.php(50): Illuminate/Pipeline/Pipeline->Illuminate/Pipeline/{closure}(Object(Illuminate/Http/Request))
#1 C:/Users/Sandy/Psikonutrisense/backend/vendor/laravel/framework/src/Illuminate/Pipeline/Pipeline.php(183): Illuminate/Routing/Middleware/SubstituteBindings->handle(Object(Illuminate/Http/Request), Object(Closure))
#2 C:/Users/Sandy/Psikonutrisense/backend/vendor/laravel/framework/src/Illuminate/Pipeline/Pipeline.php(119): Illuminate/Pipeline/Pipeline->Illuminate/Pipeline/{closure}(Object(Illuminate/Http/Request))
#3 C:/Users/Sandy/Psikonutrisense/backend/vendor/laravel/framework/src/Illuminate/Routing/Router.php(807): Illuminate/Pipeline/Pipeline->then(Object(Closure))
#4 C:/Users/Sandy/Psikonutrisense/backend/vendor/laravel/framework/src/Illuminate/Routing/Router.php(784): Illuminate/Routing/Router->runRouteWithinStack(Object(Illuminate/Routing/Route), Object(Illuminate/Http/Request))
#5 C:/Users/Sandy/Psikonutrisense/backend/vendor/laravel/framework/src/Illuminate/Routing/Router.php(748): Illuminate/Routing/Router->runRoute(Object(Illuminate/Http/Request), Object(Illuminate/Routing/Route))
#6 C:/Users/Sandy/Psikonutrisense/backend/vendor/laravel/framework/src/Illuminate/Routing/Router.php(737): Illuminate/Routing/Router->dispatchToRoute(Object(Illuminate/Http/Request))
#7 C:/Users/Sandy/Psikonutrisense/backend/vendor/laravel/framework/src/Illuminate/Foundation/Http/Kernel.php(200): Illuminate/Routing/Router->dispatch(Object(Illuminate/Http/Request))
#8 C:/Users/Sandy/Psikonutrisense/backend/vendor/laravel/framework/src/Illuminate/Pipeline/Pipeline.php(144): Illuminate/Foundation/Http/Kernel->Illuminate/Foundation/Http/{closure}(Object(Illuminate/Http/Request))
#9 C:/Users/Sandy/Psikonutrisense/backend/vendor/laravel/framework/src/Illuminate/Foundation/Http/Middleware/TransformsRequest.php(21): Illuminate/Pipeline/Pipeline->Illuminate/Pipeline/{closure}(Object(Illuminate/Http/Request))
#10 C:/Users/Sandy/Psikonutrisense/backend/vendor/laravel/framework/src/Illuminate/Foundation/Http/Middleware/ConvertEmptyStringsToNull.php(31): Illuminate/Foundation/Http/Middleware/TransformsRequest->handle(Object(Illuminate/Http/Request), Object(Closure))
#11 C:/Users/Sandy/Psikonutrisense/backend/vendor/laravel/framework/src/Illuminate/Pipeline/Pipeline.php(183): Illuminate/Foundation/Http/Middleware/ConvertEmptyStringsToNull->handle(Object(Illuminate/Http/Request), Object(Closure))
#12 C:/Users/Sandy/Psikonutrisense/backend/vendor/laravel/framework/src/Illuminate/Foundation/Http/Middleware/ValidatePostSize.php(27): Illuminate/Pipeline/Pipeline->Illuminate/Pipeline/{closure}(Object(Illuminate/Http/Request))
#13 C:/Users/Sandy/Psikonutrisense/backend/vendor/laravel/framework/src/Illuminate/Pipeline/Pipeline.php(183): Illuminate/Foundation/Http/Middleware/ValidatePostSize->handle(Object(Illuminate/Http/Request), Object(Closure))
#14 C:/Users/Sandy/Psikonutrisense/backend/vendor/laravel/framework/src/Illuminate/Pipeline/Pipeline.php(119): Illuminate/Pipeline/Pipeline->Illuminate/Pipeline/{closure}(Object(Illuminate/Http/Request))
#15 C:/Users/Sandy/Psikonutrisense/backend/vendor/laravel/framework/src/Illuminate/Foundation/Http/Kernel.php(175): Illuminate/Pipeline/Pipeline->then(Object(Closure))
#16 C:/Users/Sandy/Psikonutrisense/backend/vendor/laravel/framework/src/Illuminate/Foundation/Http/Kernel.php(144): Illuminate/Foundation/Http/Kernel->sendRequestThroughRouter(Object(Illuminate/Http/Request))
#17 C:/Users/Sandy/Psikonutrisense/backend/public/index.php(19): Illuminate/Foundation/Http/Kernel->handle(Object(Illuminate/Http/Request))
#18 C:/Users/Sandy/Psikonutrisense/backend/server.php(11): require_once('C://Users//Sandy//...')
#19 {main}
"} 
[2026-09-21 00:39:12] local.ERROR: Object of type Illuminate\Auth\AuthManager is not callable {"exception":"[object] (Error(code: 0): Object of type Illuminate\\Auth\\AuthManager is not callable at C:/Users/Sandy/Psikonutrisense/backend/vendor/laravel/framework/src/Illuminate/Pipeline/Pipeline.php:184)
[stacktrace]
#0 C:/Users/Sandy/Psikonutrisense/backend/vendor/laravel/framework/src/Illuminate/Routing/Middleware/SubstituteBindings.php(50): Illuminate/Pipeline/Pipeline->Illuminate/Pipeline/{closure}(Object(Illuminate/Http/Request))
#1 C:/Users/Sandy/Psikonutrisense/backend/vendor/laravel/framework/src/Illuminate/Pipeline/Pipeline.php(183): Illuminate/Routing/Middleware/SubstituteBindings->handle(Object(Illuminate/Http/Request), Object(Closure))
#2 C:/Users/Sandy/Psikonutrisense/backend/vendor/laravel/framework/src/Illuminate/Pipeline/Pipeline.php(119): Illuminate/Pipeline/Pipeline->Illuminate/Pipeline/{closure}(Object(Illuminate/Http/Request))
#3 C:/Users/Sandy/Psikonutrisense/backend/vendor/laravel/framework/src/Illuminate/Routing/Router.php(807): Illuminate/Pipeline/Pipeline->then(Object(Closure))
#4 C:/Users/Sandy/Psikonutrisense/backend/vendor/laravel/framework/src/Illuminate/Routing/Router.php(784): Illuminate/Routing/Router->runRouteWithinStack(Object(Illuminate/Routing/Route), Object(Illuminate/Http/Request))
#5 C:/Users/Sandy/Psikonutrisense/backend/vendor/laravel/framework/src/Illuminate/Routing/Router.php(748): Illuminate/Routing/Router->runRoute(Object(Illuminate/Http/Request), Object(Illuminate/Routing/Route))
#6 C:/Users/Sandy/Psikonutrisense/backend/vendor/laravel/framework/src/Illuminate/Routing/Router.php(737): Illuminate/Routing/Router->dispatchToRoute(Object(Illuminate/Http/Request))
#7 C:/Users/Sandy/Psikonutrisense/backend/vendor/laravel/framework/src/Illuminate/Foundation/Http/Kernel.php(200): Illuminate/Routing/Router->dispatch(Object(Illuminate/Http/Request))
#8 C:/Users/Sandy/Psikonutrisense/backend/vendor/laravel/framework/src/Illuminate/Pipeline/Pipeline.php(144): Illuminate/Foundation/Http/Kernel->Illuminate/Foundation/Http/{closure}(Object(Illuminate/Http/Request))
#9 C:/Users/Sandy/Psikonutrisense/backend/vendor/laravel/framework/src/Illuminate/Foundation/Http/Middleware/TransformsRequest.php(21): Illuminate/Pipeline/Pipeline->Illuminate/Pipeline/{closure}(Object(Illuminate/Http/Request))
#10 C:/Users/Sandy/Psikonutrisense/backend/vendor/laravel/framework/src/Illuminate/Foundation/Http/Middleware/ConvertEmptyStringsToNull.php(31): Illuminate/Foundation/Http/Middleware/TransformsRequest->handle(Object(Illuminate/Http/Request), Object(Closure))
#11 C:/Users/Sandy/Psikonutrisense/backend/vendor/laravel/framework/src/Illuminate/Pipeline/Pipeline.php(183): Illuminate/Foundation/Http/Middleware/ConvertEmptyStringsToNull->handle(Object(Illuminate/Http/Request), Object(Closure))
#12 C:/Users/Sandy/Psikonutrisense/backend/vendor/laravel/framework/src/Illuminate/Foundation/Http/Middleware/ValidatePostSize.php(27): Illuminate/Pipeline/Pipeline->Illuminate/Pipeline/{closure}(Object(Illuminate/Http/Request))
#13 C:/Users/Sandy/Psikonutrisense/backend/vendor/laravel/framework/src/Illuminate/Pipeline/Pipeline.php(183): Illuminate/Foundation/Http/Middleware/ValidatePostSize->handle(Object(Illuminate/Http/Request), Object(Closure))
#14 C:/Users/Sandy/Psikonutrisense/backend/vendor/laravel/framework/src/Illuminate/Pipeline/Pipeline.php(119): Illuminate/Pipeline/Pipeline->Illuminate/Pipeline/{closure}(Object(Illuminate/Http/Request))
#15 C:/Users/Sandy/Psikonutrisense/backend/vendor/laravel/framework/src/Illuminate/Foundation/Http/Kernel.php(175): Illuminate/Pipeline/Pipeline->then(Object(Closure))
#16 C:/Users/Sandy/Psikonutrisense/backend/vendor/laravel/framework/src/Illuminate/Foundation/Http/Kernel.php(144): Illuminate/Foundation/Http/Kernel->sendRequestThroughRouter(Object(Illuminate/Http/Request))
#17 C:/Users/Sandy/Psikonutrisense/backend/public/index.php(19): Illuminate/Foundation/Http/Kernel->handle(Object(Illuminate/Http/Request))
#18 C:/Users/Sandy/Psikonutrisense/backend/server.php(11): require_once('C://Users//Sandy//...')
#19 {main}
"} 
[2026-09-21 00:39:18] local.ERROR: Object of type Illuminate\Auth\AuthManager is not callable {"exception":"[object] (Error(code: 0): Object of type Illuminate\\Auth\\AuthManager is not callable at C:/Users/Sandy/Psikonutrisense/backend/vendor/laravel/framework/src/Illuminate/Pipeline/Pipeline.php:184)
[stacktrace]
#0 C:/Users/Sandy/Psikonutrisense/backend/vendor/laravel/framework/src/Illuminate/Routing/Middleware/SubstituteBindings.php(50): Illuminate/Pipeline/Pipeline->Illuminate/Pipeline/{closure}(Object(Illuminate/Http/Request))
#1 C:/Users/Sandy/Psikonutrisense/backend/vendor/laravel/framework/src/Illuminate/Pipeline/Pipeline.php(183): Illuminate/Routing/Middleware/SubstituteBindings->handle(Object(Illuminate/Http/Request), Object(Closure))
#2 C:/Users/Sandy/Psikonutrisense/backend/vendor/laravel/framework/src/Illuminate/Pipeline/Pipeline.php(119): Illuminate/Pipeline/Pipeline->Illuminate/Pipeline/{closure}(Object(Illuminate/Http/Request))
#3 C:/Users/Sandy/Psikonutrisense/backend/vendor/laravel/framework/src/Illuminate/Routing/Router.php(807): Illuminate/Pipeline/Pipeline->then(Object(Closure))
#4 C:/Users/Sandy/Psikonutrisense/backend/vendor/laravel/framework/src/Illuminate/Routing/Router.php(784): Illuminate/Routing/Router->runRouteWithinStack(Object(Illuminate/Routing/Route), Object(Illuminate/Http/Request))
#5 C:/Users/Sandy/Psikonutrisense/backend/vendor/laravel/framework/src/Illuminate/Routing/Router.php(748): Illuminate/Routing/Router->runRoute(Object(Illuminate/Http/Request), Object(Illuminate/Routing/Route))
#6 C:/Users/Sandy/Psikonutrisense/backend/vendor/laravel/framework/src/Illuminate/Routing/Router.php(737): Illuminate/Routing/Router->dispatchToRoute(Object(Illuminate/Http/Request))
#7 C:/Users/Sandy/Psikonutrisense/backend/vendor/laravel/framework/src/Illuminate/Foundation/Http/Kernel.php(200): Illuminate/Routing/Router->dispatch(Object(Illuminate/Http/Request))
#8 C:/Users/Sandy/Psikonutrisense/backend/vendor/laravel/framework/src/Illuminate/Pipeline/Pipeline.php(144): Illuminate/Foundation/Http/Kernel->Illuminate/Foundation/Http/{closure}(Object(Illuminate/Http/Request))
#9 C:/Users/Sandy/Psikonutrisense/backend/vendor/laravel/framework/src/Illuminate/Foundation/Http/Middleware/TransformsRequest.php(21): Illuminate/Pipeline/Pipeline->Illuminate/Pipeline/{closure}(Object(Illuminate/Http/Request))
#10 C:/Users/Sandy/Psikonutrisense/backend/vendor/laravel/framework/src/Illuminate/Foundation/Http/Middleware/ConvertEmptyStringsToNull.php(31): Illuminate/Foundation/Http/Middleware/TransformsRequest->handle(Object(Illuminate/Http/Request), Object(Closure))
#11 C:/Users/Sandy/Psikonutrisense/backend/vendor/laravel/framework/src/Illuminate/Pipeline/Pipeline.php(183): Illuminate/Foundation/Http/Middleware/ConvertEmptyStringsToNull->handle(Object(Illuminate/Http/Request), Object(Closure))
#12 C:/Users/Sandy/Psikonutrisense/backend/vendor/laravel/framework/src/Illuminate/Foundation/Http/Middleware/ValidatePostSize.php(27): Illuminate/Pipeline/Pipeline->Illuminate/Pipeline/{closure}(Object(Illuminate/Http/Request))
#13 C:/Users/Sandy/Psikonutrisense/backend/vendor/laravel/framework/src/Illuminate/Pipeline/Pipeline.php(183): Illuminate/Foundation/Http/Middleware/ValidatePostSize->handle(Object(Illuminate/Http/Request), Object(Closure))
#14 C:/Users/Sandy/Psikonutrisense/backend/vendor/laravel/framework/src/Illuminate/Pipeline/Pipeline.php(119): Illuminate/Pipeline/Pipeline->Illuminate/Pipeline/{closure}(Object(Illuminate/Http/Request))
#15 C:/Users/Sandy/Psikonutrisense/backend/vendor/laravel/framework/src/Illuminate/Foundation/Http/Kernel.php(175): Illuminate/Pipeline/Pipeline->then(Object(Closure))
#16 C:/Users/Sandy/Psikonutrisense/backend/vendor/laravel/framework/src/Illuminate/Foundation/Http/Kernel.php(144): Illuminate/Foundation/Http/Kernel->sendRequestThroughRouter(Object(Illuminate/Http/Request))
#17 C:/Users/Sandy/Psikonutrisense/backend/public/index.php(19): Illuminate/Foundation/Http/Kernel->handle(Object(Illuminate/Http/Request))
#18 C:/Users/Sandy/Psikonutrisense/backend/server.php(11): require_once('C://Users//Sandy//...')
#19 {main}
"} 
[2026-09-21 00:39:39] local.ERROR: Object of type Illuminate\Auth\AuthManager is not callable {"exception":"[object] (Error(code: 0): Object of type Illuminate\\Auth\\AuthManager is not callable at C:/Users/Sandy/Psikonutrisense/backend/vendor/laravel/framework/src/Illuminate/Pipeline/Pipeline.php:184)
[stacktrace]
#0 C:/Users/Sandy/Psikonutrisense/backend/vendor/laravel/framework/src/Illuminate/Routing/Middleware/SubstituteBindings.php(50): Illuminate/Pipeline/Pipeline->Illuminate/Pipeline/{closure}(Object(Illuminate/Http/Request))
#1 C:/Users/Sandy/Psikonutrisense/backend/vendor/laravel/framework/src/Illuminate/Pipeline/Pipeline.php(183): Illuminate/Routing/Middleware/SubstituteBindings->handle(Object(Illuminate/Http/Request), Object(Closure))
#2 C:/Users/Sandy/Psikonutrisense/backend/vendor/laravel/framework/src/Illuminate/Pipeline/Pipeline.php(119): Illuminate/Pipeline/Pipeline->Illuminate/Pipeline/{closure}(Object(Illuminate/Http/Request))
#3 C:/Users/Sandy/Psikonutrisense/backend/vendor/laravel/framework/src/Illuminate/Routing/Router.php(807): Illuminate/Pipeline/Pipeline->then(Object(Closure))
#4 C:/Users/Sandy/Psikonutrisense/backend/vendor/laravel/framework/src/Illuminate/Routing/Router.php(784): Illuminate/Routing/Router->runRouteWithinStack(Object(Illuminate/Routing/Route), Object(Illuminate/Http/Request))
#5 C:/Users/Sandy/Psikonutrisense/backend/vendor/laravel/framework/src/Illuminate/Routing/Router.php(748): Illuminate/Routing/Router->runRoute(Object(Illuminate/Http/Request), Object(Illuminate/Routing/Route))
#6 C:/Users/Sandy/Psikonutrisense/backend/vendor/laravel/framework/src/Illuminate/Routing/Router.php(737): Illuminate/Routing/Router->dispatchToRoute(Object(Illuminate/Http/Request))
#7 C:/Users/Sandy/Psikonutrisense/backend/vendor/laravel/framework/src/Illuminate/Foundation/Http/Kernel.php(200): Illuminate/Routing/Router->dispatch(Object(Illuminate/Http/Request))
#8 C:/Users/Sandy/Psikonutrisense/backend/vendor/laravel/framework/src/Illuminate/Pipeline/Pipeline.php(144): Illuminate/Foundation/Http/Kernel->Illuminate/Foundation/Http/{closure}(Object(Illuminate/Http/Request))
#9 C:/Users/Sandy/Psikonutrisense/backend/vendor/laravel/framework/src/Illuminate/Foundation/Http/Middleware/TransformsRequest.php(21): Illuminate/Pipeline/Pipeline->Illuminate/Pipeline/{closure}(Object(Illuminate/Http/Request))
#10 C:/Users/Sandy/Psikonutrisense/backend/vendor/laravel/framework/src/Illuminate/Foundation/Http/Middleware/ConvertEmptyStringsToNull.php(31): Illuminate/Foundation/Http/Middleware/TransformsRequest->handle(Object(Illuminate/Http/Request), Object(Closure))
#11 C:/Users/Sandy/Psikonutrisense/backend/vendor/laravel/framework/src/Illuminate/Pipeline/Pipeline.php(183): Illuminate/Foundation/Http/Middleware/ConvertEmptyStringsToNull->handle(Object(Illuminate/Http/Request), Object(Closure))
#12 C:/Users/Sandy/Psikonutrisense/backend/vendor/laravel/framework/src/Illuminate/Foundation/Http/Middleware/ValidatePostSize.php(27): Illuminate/Pipeline/Pipeline->Illuminate/Pipeline/{closure}(Object(Illuminate/Http/Request))
#13 C:/Users/Sandy/Psikonutrisense/backend/vendor/laravel/framework/src/Illuminate/Pipeline/Pipeline.php(183): Illuminate/Foundation/Http/Middleware/ValidatePostSize->handle(Object(Illuminate/Http/Request), Object(Closure))
#14 C:/Users/Sandy/Psikonutrisense/backend/vendor/laravel/framework/src/Illuminate/Pipeline/Pipeline.php(119): Illuminate/Pipeline/Pipeline->Illuminate/Pipeline/{closure}(Object(Illuminate/Http/Request))
#15 C:/Users/Sandy/Psikonutrisense/backend/vendor/laravel/framework/src/Illuminate/Foundation/Http/Kernel.php(175): Illuminate/Pipeline/Pipeline->then(Object(Closure))
#16 C:/Users/Sandy/Psikonutrisense/backend/vendor/laravel/framework/src/Illuminate/Foundation/Http/Kernel.php(144): Illuminate/Foundation/Http/Kernel->sendRequestThroughRouter(Object(Illuminate/Http/Request))
#17 C:/Users/Sandy/Psikonutrisense/backend/public/index.php(19): Illuminate/Foundation/Http/Kernel->handle(Object(Illuminate/Http/Request))
#18 C:/Users/Sandy/Psikonutrisense/backend/server.php(11): require_once('C://Users//Sandy//...')
#19 {main}
"} 
[2026-09-21 00:39:43] local.ERROR: Object of type Illuminate\Auth\AuthManager is not callable {"exception":"[object] (Error(code: 0): Object of type Illuminate\\Auth\\AuthManager is not callable at C:/Users/Sandy/Psikonutrisense/backend/vendor/laravel/framework/src/Illuminate/Pipeline/Pipeline.php:184)
[stacktrace]
#0 C:/Users/Sandy/Psikonutrisense/backend/vendor/laravel/framework/src/Illuminate/Routing/Middleware/SubstituteBindings.php(50): Illuminate/Pipeline/Pipeline->Illuminate/Pipeline/{closure}(Object(Illuminate/Http/Request))
#1 C:/Users/Sandy/Psikonutrisense/backend/vendor/laravel/framework/src/Illuminate/Pipeline/Pipeline.php(183): Illuminate/Routing/Middleware/SubstituteBindings->handle(Object(Illuminate/Http/Request), Object(Closure))
#2 C:/Users/Sandy/Psikonutrisense/backend/vendor/laravel/framework/src/Illuminate/Pipeline/Pipeline.php(119): Illuminate/Pipeline/Pipeline->Illuminate/Pipeline/{closure}(Object(Illuminate/Http/Request))
#3 C:/Users/Sandy/Psikonutrisense/backend/vendor/laravel/framework/src/Illuminate/Routing/Router.php(807): Illuminate/Pipeline/Pipeline->then(Object(Closure))
#4 C:/Users/Sandy/Psikonutrisense/backend/vendor/laravel/framework/src/Illuminate/Routing/Router.php(784): Illuminate/Routing/Router->runRouteWithinStack(Object(Illuminate/Routing/Route), Object(Illuminate/Http/Request))
#5 C:/Users/Sandy/Psikonutrisense/backend/vendor/laravel/framework/src/Illuminate/Routing/Router.php(748): Illuminate/Routing/Router->runRoute(Object(Illuminate/Http/Request), Object(Illuminate/Routing/Route))
#6 C:/Users/Sandy/Psikonutrisense/backend/vendor/laravel/framework/src/Illuminate/Routing/Router.php(737): Illuminate/Routing/Router->dispatchToRoute(Object(Illuminate/Http/Request))
#7 C:/Users/Sandy/Psikonutrisense/backend/vendor/laravel/framework/src/Illuminate/Foundation/Http/Kernel.php(200): Illuminate/Routing/Router->dispatch(Object(Illuminate/Http/Request))
#8 C:/Users/Sandy/Psikonutrisense/backend/vendor/laravel/framework/src/Illuminate/Pipeline/Pipeline.php(144): Illuminate/Foundation/Http/Kernel->Illuminate/Foundation/Http/{closure}(Object(Illuminate/Http/Request))
#9 C:/Users/Sandy/Psikonutrisense/backend/vendor/laravel/framework/src/Illuminate/Foundation/Http/Middleware/TransformsRequest.php(21): Illuminate/Pipeline/Pipeline->Illuminate/Pipeline/{closure}(Object(Illuminate/Http/Request))
#10 C:/Users/Sandy/Psikonutrisense/backend/vendor/laravel/framework/src/Illuminate/Foundation/Http/Middleware/ConvertEmptyStringsToNull.php(31): Illuminate/Foundation/Http/Middleware/TransformsRequest->handle(Object(Illuminate/Http/Request), Object(Closure))
#11 C:/Users/Sandy/Psikonutrisense/backend/vendor/laravel/framework/src/Illuminate/Pipeline/Pipeline.php(183): Illuminate/Foundation/Http/Middleware/ConvertEmptyStringsToNull->handle(Object(Illuminate/Http/Request), Object(Closure))
#12 C:/Users/Sandy/Psikonutrisense/backend/vendor/laravel/framework/src/Illuminate/Foundation/Http/Middleware/ValidatePostSize.php(27): Illuminate/Pipeline/Pipeline->Illuminate/Pipeline/{closure}(Object(Illuminate/Http/Request))
#13 C:/Users/Sandy/Psikonutrisense/backend/vendor/laravel/framework/src/Illuminate/Pipeline/Pipeline.php(183): Illuminate/Foundation/Http/Middleware/ValidatePostSize->handle(Object(Illuminate/Http/Request), Object(Closure))
#14 C:/Users/Sandy/Psikonutrisense/backend/vendor/laravel/framework/src/Illuminate/Pipeline/Pipeline.php(119): Illuminate/Pipeline/Pipeline->Illuminate/Pipeline/{closure}(Object(Illuminate/Http/Request))
#15 C:/Users/Sandy/Psikonutrisense/backend/vendor/laravel/framework/src/Illuminate/Foundation/Http/Kernel.php(175): Illuminate/Pipeline/Pipeline->then(Object(Closure))
#16 C:/Users/Sandy/Psikonutrisense/backend/vendor/laravel/framework/src/Illuminate/Foundation/Http/Kernel.php(144): Illuminate/Foundation/Http/Kernel->sendRequestThroughRouter(Object(Illuminate/Http/Request))
#17 C:/Users/Sandy/Psikonutrisense/backend/public/index.php(19): Illuminate/Foundation/Http/Kernel->handle(Object(Illuminate/Http/Request))
#18 C:/Users/Sandy/Psikonutrisense/backend/server.php(11): require_once('C://Users//Sandy//...')
#19 {main}
"} 
[2026-09-21 00:39:44] local.ERROR: Object of type Illuminate\Auth\AuthManager is not callable {"exception":"[object] (Error(code: 0): Object of type Illuminate\\Auth\\AuthManager is not callable at C:/Users/Sandy/Psikonutrisense/backend/vendor/laravel/framework/src/Illuminate/Pipeline/Pipeline.php:184)
[stacktrace]
#0 C:/Users/Sandy/Psikonutrisense/backend/vendor/laravel/framework/src/Illuminate/Routing/Middleware/SubstituteBindings.php(50): Illuminate/Pipeline/Pipeline->Illuminate/Pipeline/{closure}(Object(Illuminate/Http/Request))
#1 C:/Users/Sandy/Psikonutrisense/backend/vendor/laravel/framework/src/Illuminate/Pipeline/Pipeline.php(183): Illuminate/Routing/Middleware/SubstituteBindings->handle(Object(Illuminate/Http/Request), Object(Closure))
#2 C:/Users/Sandy/Psikonutrisense/backend/vendor/laravel/framework/src/Illuminate/Pipeline/Pipeline.php(119): Illuminate/Pipeline/Pipeline->Illuminate/Pipeline/{closure}(Object(Illuminate/Http/Request))
#3 C:/Users/Sandy/Psikonutrisense/backend/vendor/laravel/framework/src/Illuminate/Routing/Router.php(807): Illuminate/Pipeline/Pipeline->then(Object(Closure))
#4 C:/Users/Sandy/Psikonutrisense/backend/vendor/laravel/framework/src/Illuminate/Routing/Router.php(784): Illuminate/Routing/Router->runRouteWithinStack(Object(Illuminate/Routing/Route), Object(Illuminate/Http/Request))
#5 C:/Users/Sandy/Psikonutrisense/backend/vendor/laravel/framework/src/Illuminate/Routing/Router.php(748): Illuminate/Routing/Router->runRoute(Object(Illuminate/Http/Request), Object(Illuminate/Routing/Route))
#6 C:/Users/Sandy/Psikonutrisense/backend/vendor/laravel/framework/src/Illuminate/Routing/Router.php(737): Illuminate/Routing/Router->dispatchToRoute(Object(Illuminate/Http/Request))
#7 C:/Users/Sandy/Psikonutrisense/backend/vendor/laravel/framework/src/Illuminate/Foundation/Http/Kernel.php(200): Illuminate/Routing/Router->dispatch(Object(Illuminate/Http/Request))
#8 C:/Users/Sandy/Psikonutrisense/backend/vendor/laravel/framework/src/Illuminate/Pipeline/Pipeline.php(144): Illuminate/Foundation/Http/Kernel->Illuminate/Foundation/Http/{closure}(Object(Illuminate/Http/Request))
#9 C:/Users/Sandy/Psikonutrisense/backend/vendor/laravel/framework/src/Illuminate/Foundation/Http/Middleware/TransformsRequest.php(21): Illuminate/Pipeline/Pipeline->Illuminate/Pipeline/{closure}(Object(Illuminate/Http/Request))
#10 C:/Users/Sandy/Psikonutrisense/backend/vendor/laravel/framework/src/Illuminate/Foundation/Http/Middleware/ConvertEmptyStringsToNull.php(31): Illuminate/Foundation/Http/Middleware/TransformsRequest->handle(Object(Illuminate/Http/Request), Object(Closure))
#11 C:/Users/Sandy/Psikonutrisense/backend/vendor/laravel/framework/src/Illuminate/Pipeline/Pipeline.php(183): Illuminate/Foundation/Http/Middleware/ConvertEmptyStringsToNull->handle(Object(Illuminate/Http/Request), Object(Closure))
#12 C:/Users/Sandy/Psikonutrisense/backend/vendor/laravel/framework/src/Illuminate/Foundation/Http/Middleware/ValidatePostSize.php(27): Illuminate/Pipeline/Pipeline->Illuminate/Pipeline/{closure}(Object(Illuminate/Http/Request))
#13 C:/Users/Sandy/Psikonutrisense/backend/vendor/laravel/framework/src/Illuminate/Pipeline/Pipeline.php(183): Illuminate/Foundation/Http/Middleware/ValidatePostSize->handle(Object(Illuminate/Http/Request), Object(Closure))
#14 C:/Users/Sandy/Psikonutrisense/backend/vendor/laravel/framework/src/Illuminate/Pipeline/Pipeline.php(119): Illuminate/Pipeline/Pipeline->Illuminate/Pipeline/{closure}(Object(Illuminate/Http/Request))
#15 C:/Users/Sandy/Psikonutrisense/backend/vendor/laravel/framework/src/Illuminate/Foundation/Http/Kernel.php(175): Illuminate/Pipeline/Pipeline->then(Object(Closure))
#16 C:/Users/Sandy/Psikonutrisense/backend/vendor/laravel/framework/src/Illuminate/Foundation/Http/Kernel.php(144): Illuminate/Foundation/Http/Kernel->sendRequestThroughRouter(Object(Illuminate/Http/Request))
#17 C:/Users/Sandy/Psikonutrisense/backend/public/index.php(19): Illuminate/Foundation/Http/Kernel->handle(Object(Illuminate/Http/Request))
#18 C:/Users/Sandy/Psikonutrisense/backend/server.php(11): require_once('C://Users//Sandy//...')
#19 {main}
"} 
[2026-09-21 00:40:02] local.ERROR: Object of type Illuminate\Auth\AuthManager is not callable {"exception":"[object] (Error(code: 0): Object of type Illuminate\\Auth\\AuthManager is not callable at C:/Users/Sandy/Psikonutrisense/backend/vendor/laravel/framework/src/Illuminate/Pipeline/Pipeline.php:184)
[stacktrace]
#0 C:/Users/Sandy/Psikonutrisense/backend/vendor/laravel/framework/src/Illuminate/Routing/Middleware/SubstituteBindings.php(50): Illuminate/Pipeline/Pipeline->Illuminate/Pipeline/{closure}(Object(Illuminate/Http/Request))
#1 C:/Users/Sandy/Psikonutrisense/backend/vendor/laravel/framework/src/Illuminate/Pipeline/Pipeline.php(183): Illuminate/Routing/Middleware/SubstituteBindings->handle(Object(Illuminate/Http/Request), Object(Closure))
#2 C:/Users/Sandy/Psikonutrisense/backend/vendor/laravel/framework/src/Illuminate/Pipeline/Pipeline.php(119): Illuminate/Pipeline/Pipeline->Illuminate/Pipeline/{closure}(Object(Illuminate/Http/Request))
#3 C:/Users/Sandy/Psikonutrisense/backend/vendor/laravel/framework/src/Illuminate/Routing/Router.php(807): Illuminate/Pipeline/Pipeline->then(Object(Closure))
#4 C:/Users/Sandy/Psikonutrisense/backend/vendor/laravel/framework/src/Illuminate/Routing/Router.php(784): Illuminate/Routing/Router->runRouteWithinStack(Object(Illuminate/Routing/Route), Object(Illuminate/Http/Request))
#5 C:/Users/Sandy/Psikonutrisense/backend/vendor/laravel/framework/src/Illuminate/Routing/Router.php(748): Illuminate/Routing/Router->runRoute(Object(Illuminate/Http/Request), Object(Illuminate/Routing/Route))
#6 C:/Users/Sandy/Psikonutrisense/backend/vendor/laravel/framework/src/Illuminate/Routing/Router.php(737): Illuminate/Routing/Router->dispatchToRoute(Object(Illuminate/Http/Request))
#7 C:/Users/Sandy/Psikonutrisense/backend/vendor/laravel/framework/src/Illuminate/Foundation/Http/Kernel.php(200): Illuminate/Routing/Router->dispatch(Object(Illuminate/Http/Request))
#8 C:/Users/Sandy/Psikonutrisense/backend/vendor/laravel/framework/src/Illuminate/Pipeline/Pipeline.php(144): Illuminate/Foundation/Http/Kernel->Illuminate/Foundation/Http/{closure}(Object(Illuminate/Http/Request))
#9 C:/Users/Sandy/Psikonutrisense/backend/vendor/laravel/framework/src/Illuminate/Foundation/Http/Middleware/TransformsRequest.php(21): Illuminate/Pipeline/Pipeline->Illuminate/Pipeline/{closure}(Object(Illuminate/Http/Request))
#10 C:/Users/Sandy/Psikonutrisense/backend/vendor/laravel/framework/src/Illuminate/Foundation/Http/Middleware/ConvertEmptyStringsToNull.php(31): Illuminate/Foundation/Http/Middleware/TransformsRequest->handle(Object(Illuminate/Http/Request), Object(Closure))
#11 C:/Users/Sandy/Psikonutrisense/backend/vendor/laravel/framework/src/Illuminate/Pipeline/Pipeline.php(183): Illuminate/Foundation/Http/Middleware/ConvertEmptyStringsToNull->handle(Object(Illuminate/Http/Request), Object(Closure))
#12 C:/Users/Sandy/Psikonutrisense/backend/vendor/laravel/framework/src/Illuminate/Foundation/Http/Middleware/ValidatePostSize.php(27): Illuminate/Pipeline/Pipeline->Illuminate/Pipeline/{closure}(Object(Illuminate/Http/Request))
#13 C:/Users/Sandy/Psikonutrisense/backend/vendor/laravel/framework/src/Illuminate/Pipeline/Pipeline.php(183): Illuminate/Foundation/Http/Middleware/ValidatePostSize->handle(Object(Illuminate/Http/Request), Object(Closure))
#14 C:/Users/Sandy/Psikonutrisense/backend/vendor/laravel/framework/src/Illuminate/Pipeline/Pipeline.php(119): Illuminate/Pipeline/Pipeline->Illuminate/Pipeline/{closure}(Object(Illuminate/Http/Request))
#15 C:/Users/Sandy/Psikonutrisense/backend/vendor/laravel/framework/src/Illuminate/Foundation/Http/Kernel.php(175): Illuminate/Pipeline/Pipeline->then(Object(Closure))
#16 C:/Users/Sandy/Psikonutrisense/backend/vendor/laravel/framework/src/Illuminate/Foundation/Http/Kernel.php(144): Illuminate/Foundation/Http/Kernel->sendRequestThroughRouter(Object(Illuminate/Http/Request))
#17 C:/Users/Sandy/Psikonutrisense/backend/public/index.php(19): Illuminate/Foundation/Http/Kernel->handle(Object(Illuminate/Http/Request))
#18 C:/Users/Sandy/Psikonutrisense/backend/server.php(11): require_once('C://Users//Sandy//...')
#19 {main}
"} 
[2026-09-21 00:40:32] local.ERROR: Object of type Illuminate\Auth\AuthManager is not callable {"exception":"[object] (Error(code: 0): Object of type Illuminate\\Auth\\AuthManager is not callable at C:/Users/Sandy/Psikonutrisense/backend/vendor/laravel/framework/src/Illuminate/Pipeline/Pipeline.php:184)
[stacktrace]
#0 C:/Users/Sandy/Psikonutrisense/backend/vendor/laravel/framework/src/Illuminate/Routing/Middleware/SubstituteBindings.php(50): Illuminate/Pipeline/Pipeline->Illuminate/Pipeline/{closure}(Object(Illuminate/Http/Request))
#1 C:/Users/Sandy/Psikonutrisense/backend/vendor/laravel/framework/src/Illuminate/Pipeline/Pipeline.php(183): Illuminate/Routing/Middleware/SubstituteBindings->handle(Object(Illuminate/Http/Request), Object(Closure))
#2 C:/Users/Sandy/Psikonutrisense/backend/vendor/laravel/framework/src/Illuminate/Pipeline/Pipeline.php(119): Illuminate/Pipeline/Pipeline->Illuminate/Pipeline/{closure}(Object(Illuminate/Http/Request))
#3 C:/Users/Sandy/Psikonutrisense/backend/vendor/laravel/framework/src/Illuminate/Routing/Router.php(807): Illuminate/Pipeline/Pipeline->then(Object(Closure))
#4 C:/Users/Sandy/Psikonutrisense/backend/vendor/laravel/framework/src/Illuminate/Routing/Router.php(784): Illuminate/Routing/Router->runRouteWithinStack(Object(Illuminate/Routing/Route), Object(Illuminate/Http/Request))
#5 C:/Users/Sandy/Psikonutrisense/backend/vendor/laravel/framework/src/Illuminate/Routing/Router.php(748): Illuminate/Routing/Router->runRoute(Object(Illuminate/Http/Request), Object(Illuminate/Routing/Route))
#6 C:/Users/Sandy/Psikonutrisense/backend/vendor/laravel/framework/src/Illuminate/Routing/Router.php(737): Illuminate/Routing/Router->dispatchToRoute(Object(Illuminate/Http/Request))
#7 C:/Users/Sandy/Psikonutrisense/backend/vendor/laravel/framework/src/Illuminate/Foundation/Http/Kernel.php(200): Illuminate/Routing/Router->dispatch(Object(Illuminate/Http/Request))
#8 C:/Users/Sandy/Psikonutrisense/backend/vendor/laravel/framework/src/Illuminate/Pipeline/Pipeline.php(144): Illuminate/Foundation/Http/Kernel->Illuminate/Foundation/Http/{closure}(Object(Illuminate/Http/Request))
#9 C:/Users/Sandy/Psikonutrisense/backend/vendor/laravel/framework/src/Illuminate/Foundation/Http/Middleware/TransformsRequest.php(21): Illuminate/Pipeline/Pipeline->Illuminate/Pipeline/{closure}(Object(Illuminate/Http/Request))
#10 C:/Users/Sandy/Psikonutrisense/backend/vendor/laravel/framework/src/Illuminate/Foundation/Http/Middleware/ConvertEmptyStringsToNull.php(31): Illuminate/Foundation/Http/Middleware/TransformsRequest->handle(Object(Illuminate/Http/Request), Object(Closure))
#11 C:/Users/Sandy/Psikonutrisense/backend/vendor/laravel/framework/src/Illuminate/Pipeline/Pipeline.php(183): Illuminate/Foundation/Http/Middleware/ConvertEmptyStringsToNull->handle(Object(Illuminate/Http/Request), Object(Closure))
#12 C:/Users/Sandy/Psikonutrisense/backend/vendor/laravel/framework/src/Illuminate/Foundation/Http/Middleware/ValidatePostSize.php(27): Illuminate/Pipeline/Pipeline->Illuminate/Pipeline/{closure}(Object(Illuminate/Http/Request))
#13 C:/Users/Sandy/Psikonutrisense/backend/vendor/laravel/framework/src/Illuminate/Pipeline/Pipeline.php(183): Illuminate/Foundation/Http/Middleware/ValidatePostSize->handle(Object(Illuminate/Http/Request), Object(Closure))
#14 C:/Users/Sandy/Psikonutrisense/backend/vendor/laravel/framework/src/Illuminate/Pipeline/Pipeline.php(119): Illuminate/Pipeline/Pipeline->Illuminate/Pipeline/{closure}(Object(Illuminate/Http/Request))
#15 C:/Users/Sandy/Psikonutrisense/backend/vendor/laravel/framework/src/Illuminate/Foundation/Http/Kernel.php(175): Illuminate/Pipeline/Pipeline->then(Object(Closure))
#16 C:/Users/Sandy/Psikonutrisense/backend/vendor/laravel/framework/src/Illuminate/Foundation/Http/Kernel.php(144): Illuminate/Foundation/Http/Kernel->sendRequestThroughRouter(Object(Illuminate/Http/Request))
#17 C:/Users/Sandy/Psikonutrisense/backend/public/index.php(19): Illuminate/Foundation/Http/Kernel->handle(Object(Illuminate/Http/Request))
#18 C:/Users/Sandy/Psikonutrisense/backend/server.php(11): require_once('C://Users//Sandy//...')
#19 {main}
"} 
[2026-09-21 00:40:37] local.ERROR: Object of type Illuminate\Auth\AuthManager is not callable {"exception":"[object] (Error(code: 0): Object of type Illuminate\\Auth\\AuthManager is not callable at C:/Users/Sandy/Psikonutrisense/backend/vendor/laravel/framework/src/Illuminate/Pipeline/Pipeline.php:184)
[stacktrace]
#0 C:/Users/Sandy/Psikonutrisense/backend/vendor/laravel/framework/src/Illuminate/Routing/Middleware/SubstituteBindings.php(50): Illuminate/Pipeline/Pipeline->Illuminate/Pipeline/{closure}(Object(Illuminate/Http/Request))
#1 C:/Users/Sandy/Psikonutrisense/backend/vendor/laravel/framework/src/Illuminate/Pipeline/Pipeline.php(183): Illuminate/Routing/Middleware/SubstituteBindings->handle(Object(Illuminate/Http/Request), Object(Closure))
#2 C:/Users/Sandy/Psikonutrisense/backend/vendor/laravel/framework/src/Illuminate/Pipeline/Pipeline.php(119): Illuminate/Pipeline/Pipeline->Illuminate/Pipeline/{closure}(Object(Illuminate/Http/Request))
#3 C:/Users/Sandy/Psikonutrisense/backend/vendor/laravel/framework/src/Illuminate/Routing/Router.php(807): Illuminate/Pipeline/Pipeline->then(Object(Closure))
#4 C:/Users/Sandy/Psikonutrisense/backend/vendor/laravel/framework/src/Illuminate/Routing/Router.php(784): Illuminate/Routing/Router->runRouteWithinStack(Object(Illuminate/Routing/Route), Object(Illuminate/Http/Request))
#5 C:/Users/Sandy/Psikonutrisense/backend/vendor/laravel/framework/src/Illuminate/Routing/Router.php(748): Illuminate/Routing/Router->runRoute(Object(Illuminate/Http/Request), Object(Illuminate/Routing/Route))
#6 C:/Users/Sandy/Psikonutrisense/backend/vendor/laravel/framework/src/Illuminate/Routing/Router.php(737): Illuminate/Routing/Router->dispatchToRoute(Object(Illuminate/Http/Request))
#7 C:/Users/Sandy/Psikonutrisense/backend/vendor/laravel/framework/src/Illuminate/Foundation/Http/Kernel.php(200): Illuminate/Routing/Router->dispatch(Object(Illuminate/Http/Request))
#8 C:/Users/Sandy/Psikonutrisense/backend/vendor/laravel/framework/src/Illuminate/Pipeline/Pipeline.php(144): Illuminate/Foundation/Http/Kernel->Illuminate/Foundation/Http/{closure}(Object(Illuminate/Http/Request))
#9 C:/Users/Sandy/Psikonutrisense/backend/vendor/laravel/framework/src/Illuminate/Foundation/Http/Middleware/TransformsRequest.php(21): Illuminate/Pipeline/Pipeline->Illuminate/Pipeline/{closure}(Object(Illuminate/Http/Request))
#10 C:/Users/Sandy/Psikonutrisense/backend/vendor/laravel/framework/src/Illuminate/Foundation/Http/Middleware/ConvertEmptyStringsToNull.php(31): Illuminate/Foundation/Http/Middleware/TransformsRequest->handle(Object(Illuminate/Http/Request), Object(Closure))
#11 C:/Users/Sandy/Psikonutrisense/backend/vendor/laravel/framework/src/Illuminate/Pipeline/Pipeline.php(183): Illuminate/Foundation/Http/Middleware/ConvertEmptyStringsToNull->handle(Object(Illuminate/Http/Request), Object(Closure))
#12 C:/Users/Sandy/Psikonutrisense/backend/vendor/laravel/framework/src/Illuminate/Foundation/Http/Middleware/ValidatePostSize.php(27): Illuminate/Pipeline/Pipeline->Illuminate/Pipeline/{closure}(Object(Illuminate/Http/Request))
#13 C:/Users/Sandy/Psikonutrisense/backend/vendor/laravel/framework/src/Illuminate/Pipeline/Pipeline.php(183): Illuminate/Foundation/Http/Middleware/ValidatePostSize->handle(Object(Illuminate/Http/Request), Object(Closure))
#14 C:/Users/Sandy/Psikonutrisense/backend/vendor/laravel/framework/src/Illuminate/Pipeline/Pipeline.php(119): Illuminate/Pipeline/Pipeline->Illuminate/Pipeline/{closure}(Object(Illuminate/Http/Request))
#15 C:/Users/Sandy/Psikonutrisense/backend/vendor/laravel/framework/src/Illuminate/Foundation/Http/Kernel.php(175): Illuminate/Pipeline/Pipeline->then(Object(Closure))
#16 C:/Users/Sandy/Psikonutrisense/backend/vendor/laravel/framework/src/Illuminate/Foundation/Http/Kernel.php(144): Illuminate/Foundation/Http/Kernel->sendRequestThroughRouter(Object(Illuminate/Http/Request))
#17 C:/Users/Sandy/Psikonutrisense/backend/public/index.php(19): Illuminate/Foundation/Http/Kernel->handle(Object(Illuminate/Http/Request))
#18 C:/Users/Sandy/Psikonutrisense/backend/server.php(11): require_once('C://Users//Sandy//...')
#19 {main}
"} 
[2026-09-21 00:40:39] local.ERROR: Object of type Illuminate\Auth\AuthManager is not callable {"exception":"[object] (Error(code: 0): Object of type Illuminate\\Auth\\AuthManager is not callable at C:/Users/Sandy/Psikonutrisense/backend/vendor/laravel/framework/src/Illuminate/Pipeline/Pipeline.php:184)
[stacktrace]
#0 C:/Users/Sandy/Psikonutrisense/backend/vendor/laravel/framework/src/Illuminate/Routing/Middleware/SubstituteBindings.php(50): Illuminate/Pipeline/Pipeline->Illuminate/Pipeline/{closure}(Object(Illuminate/Http/Request))
#1 C:/Users/Sandy/Psikonutrisense/backend/vendor/laravel/framework/src/Illuminate/Pipeline/Pipeline.php(183): Illuminate/Routing/Middleware/SubstituteBindings->handle(Object(Illuminate/Http/Request), Object(Closure))
#2 C:/Users/Sandy/Psikonutrisense/backend/vendor/laravel/framework/src/Illuminate/Pipeline/Pipeline.php(119): Illuminate/Pipeline/Pipeline->Illuminate/Pipeline/{closure}(Object(Illuminate/Http/Request))
#3 C:/Users/Sandy/Psikonutrisense/backend/vendor/laravel/framework/src/Illuminate/Routing/Router.php(807): Illuminate/Pipeline/Pipeline->then(Object(Closure))
#4 C:/Users/Sandy/Psikonutrisense/backend/vendor/laravel/framework/src/Illuminate/Routing/Router.php(784): Illuminate/Routing/Router->runRouteWithinStack(Object(Illuminate/Routing/Route), Object(Illuminate/Http/Request))
#5 C:/Users/Sandy/Psikonutrisense/backend/vendor/laravel/framework/src/Illuminate/Routing/Router.php(748): Illuminate/Routing/Router->runRoute(Object(Illuminate/Http/Request), Object(Illuminate/Routing/Route))
#6 C:/Users/Sandy/Psikonutrisense/backend/vendor/laravel/framework/src/Illuminate/Routing/Router.php(737): Illuminate/Routing/Router->dispatchToRoute(Object(Illuminate/Http/Request))
#7 C:/Users/Sandy/Psikonutrisense/backend/vendor/laravel/framework/src/Illuminate/Foundation/Http/Kernel.php(200): Illuminate/Routing/Router->dispatch(Object(Illuminate/Http/Request))
#8 C:/Users/Sandy/Psikonutrisense/backend/vendor/laravel/framework/src/Illuminate/Pipeline/Pipeline.php(144): Illuminate/Foundation/Http/Kernel->Illuminate/Foundation/Http/{closure}(Object(Illuminate/Http/Request))
#9 C:/Users/Sandy/Psikonutrisense/backend/vendor/laravel/framework/src/Illuminate/Foundation/Http/Middleware/TransformsRequest.php(21): Illuminate/Pipeline/Pipeline->Illuminate/Pipeline/{closure}(Object(Illuminate/Http/Request))
#10 C:/Users/Sandy/Psikonutrisense/backend/vendor/laravel/framework/src/Illuminate/Foundation/Http/Middleware/ConvertEmptyStringsToNull.php(31): Illuminate/Foundation/Http/Middleware/TransformsRequest->handle(Object(Illuminate/Http/Request), Object(Closure))
#11 C:/Users/Sandy/Psikonutrisense/backend/vendor/laravel/framework/src/Illuminate/Pipeline/Pipeline.php(183): Illuminate/Foundation/Http/Middleware/ConvertEmptyStringsToNull->handle(Object(Illuminate/Http/Request), Object(Closure))
#12 C:/Users/Sandy/Psikonutrisense/backend/vendor/laravel/framework/src/Illuminate/Foundation/Http/Middleware/ValidatePostSize.php(27): Illuminate/Pipeline/Pipeline->Illuminate/Pipeline/{closure}(Object(Illuminate/Http/Request))
#13 C:/Users/Sandy/Psikonutrisense/backend/vendor/laravel/framework/src/Illuminate/Pipeline/Pipeline.php(183): Illuminate/Foundation/Http/Middleware/ValidatePostSize->handle(Object(Illuminate/Http/Request), Object(Closure))
#14 C:/Users/Sandy/Psikonutrisense/backend/vendor/laravel/framework/src/Illuminate/Pipeline/Pipeline.php(119): Illuminate/Pipeline/Pipeline->Illuminate/Pipeline/{closure}(Object(Illuminate/Http/Request))
#15 C:/Users/Sandy/Psikonutrisense/backend/vendor/laravel/framework/src/Illuminate/Foundation/Http/Kernel.php(175): Illuminate/Pipeline/Pipeline->then(Object(Closure))
#16 C:/Users/Sandy/Psikonutrisense/backend/vendor/laravel/framework/src/Illuminate/Foundation/Http/Kernel.php(144): Illuminate/Foundation/Http/Kernel->sendRequestThroughRouter(Object(Illuminate/Http/Request))
#17 C:/Users/Sandy/Psikonutrisense/backend/public/index.php(19): Illuminate/Foundation/Http/Kernel->handle(Object(Illuminate/Http/Request))
#18 C:/Users/Sandy/Psikonutrisense/backend/server.php(11): require_once('C://Users//Sandy//...')
#19 {main}
"} 
[2026-09-21 00:40:41] local.ERROR: Object of type Illuminate\Auth\AuthManager is not callable {"exception":"[object] (Error(code: 0): Object of type Illuminate\\Auth\\AuthManager is not callable at C:/Users/Sandy/Psikonutrisense/backend/vendor/laravel/framework/src/Illuminate/Pipeline/Pipeline.php:184)
[stacktrace]
#0 C:/Users/Sandy/Psikonutrisense/backend/vendor/laravel/framework/src/Illuminate/Routing/Middleware/SubstituteBindings.php(50): Illuminate/Pipeline/Pipeline->Illuminate/Pipeline/{closure}(Object(Illuminate/Http/Request))
#1 C:/Users/Sandy/Psikonutrisense/backend/vendor/laravel/framework/src/Illuminate/Pipeline/Pipeline.php(183): Illuminate/Routing/Middleware/SubstituteBindings->handle(Object(Illuminate/Http/Request), Object(Closure))
#2 C:/Users/Sandy/Psikonutrisense/backend/vendor/laravel/framework/src/Illuminate/Pipeline/Pipeline.php(119): Illuminate/Pipeline/Pipeline->Illuminate/Pipeline/{closure}(Object(Illuminate/Http/Request))
#3 C:/Users/Sandy/Psikonutrisense/backend/vendor/laravel/framework/src/Illuminate/Routing/Router.php(807): Illuminate/Pipeline/Pipeline->then(Object(Closure))
#4 C:/Users/Sandy/Psikonutrisense/backend/vendor/laravel/framework/src/Illuminate/Routing/Router.php(784): Illuminate/Routing/Router->runRouteWithinStack(Object(Illuminate/Routing/Route), Object(Illuminate/Http/Request))
#5 C:/Users/Sandy/Psikonutrisense/backend/vendor/laravel/framework/src/Illuminate/Routing/Router.php(748): Illuminate/Routing/Router->runRoute(Object(Illuminate/Http/Request), Object(Illuminate/Routing/Route))
#6 C:/Users/Sandy/Psikonutrisense/backend/vendor/laravel/framework/src/Illuminate/Routing/Router.php(737): Illuminate/Routing/Router->dispatchToRoute(Object(Illuminate/Http/Request))
#7 C:/Users/Sandy/Psikonutrisense/backend/vendor/laravel/framework/src/Illuminate/Foundation/Http/Kernel.php(200): Illuminate/Routing/Router->dispatch(Object(Illuminate/Http/Request))
#8 C:/Users/Sandy/Psikonutrisense/backend/vendor/laravel/framework/src/Illuminate/Pipeline/Pipeline.php(144): Illuminate/Foundation/Http/Kernel->Illuminate/Foundation/Http/{closure}(Object(Illuminate/Http/Request))
#9 C:/Users/Sandy/Psikonutrisense/backend/vendor/laravel/framework/src/Illuminate/Foundation/Http/Middleware/TransformsRequest.php(21): Illuminate/Pipeline/Pipeline->Illuminate/Pipeline/{closure}(Object(Illuminate/Http/Request))
#10 C:/Users/Sandy/Psikonutrisense/backend/vendor/laravel/framework/src/Illuminate/Foundation/Http/Middleware/ConvertEmptyStringsToNull.php(31): Illuminate/Foundation/Http/Middleware/TransformsRequest->handle(Object(Illuminate/Http/Request), Object(Closure))
#11 C:/Users/Sandy/Psikonutrisense/backend/vendor/laravel/framework/src/Illuminate/Pipeline/Pipeline.php(183): Illuminate/Foundation/Http/Middleware/ConvertEmptyStringsToNull->handle(Object(Illuminate/Http/Request), Object(Closure))
#12 C:/Users/Sandy/Psikonutrisense/backend/vendor/laravel/framework/src/Illuminate/Foundation/Http/Middleware/ValidatePostSize.php(27): Illuminate/Pipeline/Pipeline->Illuminate/Pipeline/{closure}(Object(Illuminate/Http/Request))
#13 C:/Users/Sandy/Psikonutrisense/backend/vendor/laravel/framework/src/Illuminate/Pipeline/Pipeline.php(183): Illuminate/Foundation/Http/Middleware/ValidatePostSize->handle(Object(Illuminate/Http/Request), Object(Closure))
#14 C:/Users/Sandy/Psikonutrisense/backend/vendor/laravel/framework/src/Illuminate/Pipeline/Pipeline.php(119): Illuminate/Pipeline/Pipeline->Illuminate/Pipeline/{closure}(Object(Illuminate/Http/Request))
#15 C:/Users/Sandy/Psikonutrisense/backend/vendor/laravel/framework/src/Illuminate/Foundation/Http/Kernel.php(175): Illuminate/Pipeline/Pipeline->then(Object(Closure))
#16 C:/Users/Sandy/Psikonutrisense/backend/vendor/laravel/framework/src/Illuminate/Foundation/Http/Kernel.php(144): Illuminate/Foundation/Http/Kernel->sendRequestThroughRouter(Object(Illuminate/Http/Request))
#17 C:/Users/Sandy/Psikonutrisense/backend/public/index.php(19): Illuminate/Foundation/Http/Kernel->handle(Object(Illuminate/Http/Request))
#18 C:/Users/Sandy/Psikonutrisense/backend/server.php(11): require_once('C://Users//Sandy//...')
#19 {main}
"} 
[2026-09-21 00:40:46] local.ERROR: Object of type Illuminate\Auth\AuthManager is not callable {"exception":"[object] (Error(code: 0): Object of type Illuminate\\Auth\\AuthManager is not callable at C:/Users/Sandy/Psikonutrisense/backend/vendor/laravel/framework/src/Illuminate/Pipeline/Pipeline.php:184)
[stacktrace]
#0 C:/Users/Sandy/Psikonutrisense/backend/vendor/laravel/framework/src/Illuminate/Routing/Middleware/SubstituteBindings.php(50): Illuminate/Pipeline/Pipeline->Illuminate/Pipeline/{closure}(Object(Illuminate/Http/Request))
#1 C:/Users/Sandy/Psikonutrisense/backend/vendor/laravel/framework/src/Illuminate/Pipeline/Pipeline.php(183): Illuminate/Routing/Middleware/SubstituteBindings->handle(Object(Illuminate/Http/Request), Object(Closure))
#2 C:/Users/Sandy/Psikonutrisense/backend/vendor/laravel/framework/src/Illuminate/Pipeline/Pipeline.php(119): Illuminate/Pipeline/Pipeline->Illuminate/Pipeline/{closure}(Object(Illuminate/Http/Request))
#3 C:/Users/Sandy/Psikonutrisense/backend/vendor/laravel/framework/src/Illuminate/Routing/Router.php(807): Illuminate/Pipeline/Pipeline->then(Object(Closure))
#4 C:/Users/Sandy/Psikonutrisense/backend/vendor/laravel/framework/src/Illuminate/Routing/Router.php(784): Illuminate/Routing/Router->runRouteWithinStack(Object(Illuminate/Routing/Route), Object(Illuminate/Http/Request))
#5 C:/Users/Sandy/Psikonutrisense/backend/vendor/laravel/framework/src/Illuminate/Routing/Router.php(748): Illuminate/Routing/Router->runRoute(Object(Illuminate/Http/Request), Object(Illuminate/Routing/Route))
#6 C:/Users/Sandy/Psikonutrisense/backend/vendor/laravel/framework/src/Illuminate/Routing/Router.php(737): Illuminate/Routing/Router->dispatchToRoute(Object(Illuminate/Http/Request))
#7 C:/Users/Sandy/Psikonutrisense/backend/vendor/laravel/framework/src/Illuminate/Foundation/Http/Kernel.php(200): Illuminate/Routing/Router->dispatch(Object(Illuminate/Http/Request))
#8 C:/Users/Sandy/Psikonutrisense/backend/vendor/laravel/framework/src/Illuminate/Pipeline/Pipeline.php(144): Illuminate/Foundation/Http/Kernel->Illuminate/Foundation/Http/{closure}(Object(Illuminate/Http/Request))
#9 C:/Users/Sandy/Psikonutrisense/backend/vendor/laravel/framework/src/Illuminate/Foundation/Http/Middleware/TransformsRequest.php(21): Illuminate/Pipeline/Pipeline->Illuminate/Pipeline/{closure}(Object(Illuminate/Http/Request))
#10 C:/Users/Sandy/Psikonutrisense/backend/vendor/laravel/framework/src/Illuminate/Foundation/Http/Middleware/ConvertEmptyStringsToNull.php(31): Illuminate/Foundation/Http/Middleware/TransformsRequest->handle(Object(Illuminate/Http/Request), Object(Closure))
#11 C:/Users/Sandy/Psikonutrisense/backend/vendor/laravel/framework/src/Illuminate/Pipeline/Pipeline.php(183): Illuminate/Foundation/Http/Middleware/ConvertEmptyStringsToNull->handle(Object(Illuminate/Http/Request), Object(Closure))
#12 C:/Users/Sandy/Psikonutrisense/backend/vendor/laravel/framework/src/Illuminate/Foundation/Http/Middleware/ValidatePostSize.php(27): Illuminate/Pipeline/Pipeline->Illuminate/Pipeline/{closure}(Object(Illuminate/Http/Request))
#13 C:/Users/Sandy/Psikonutrisense/backend/vendor/laravel/framework/src/Illuminate/Pipeline/Pipeline.php(183): Illuminate/Foundation/Http/Middleware/ValidatePostSize->handle(Object(Illuminate/Http/Request), Object(Closure))
#14 C:/Users/Sandy/Psikonutrisense/backend/vendor/laravel/framework/src/Illuminate/Pipeline/Pipeline.php(119): Illuminate/Pipeline/Pipeline->Illuminate/Pipeline/{closure}(Object(Illuminate/Http/Request))
#15 C:/Users/Sandy/Psikonutrisense/backend/vendor/laravel/framework/src/Illuminate/Foundation/Http/Kernel.php(175): Illuminate/Pipeline/Pipeline->then(Object(Closure))
#16 C:/Users/Sandy/Psikonutrisense/backend/vendor/laravel/framework/src/Illuminate/Foundation/Http/Kernel.php(144): Illuminate/Foundation/Http/Kernel->sendRequestThroughRouter(Object(Illuminate/Http/Request))
#17 C:/Users/Sandy/Psikonutrisense/backend/public/index.php(19): Illuminate/Foundation/Http/Kernel->handle(Object(Illuminate/Http/Request))
#18 C:/Users/Sandy/Psikonutrisense/backend/server.php(11): require_once('C://Users//Sandy//...')
#19 {main}
"} 
[2026-09-21 00:41:24] local.ERROR: Object of type Illuminate\Auth\AuthManager is not callable {"exception":"[object] (Error(code: 0): Object of type Illuminate\\Auth\\AuthManager is not callable at C:/Users/Sandy/Psikonutrisense/backend/vendor/laravel/framework/src/Illuminate/Pipeline/Pipeline.php:184)
[stacktrace]
#0 C:/Users/Sandy/Psikonutrisense/backend/vendor/laravel/framework/src/Illuminate/Routing/Middleware/SubstituteBindings.php(50): Illuminate/Pipeline/Pipeline->Illuminate/Pipeline/{closure}(Object(Illuminate/Http/Request))
#1 C:/Users/Sandy/Psikonutrisense/backend/vendor/laravel/framework/src/Illuminate/Pipeline/Pipeline.php(183): Illuminate/Routing/Middleware/SubstituteBindings->handle(Object(Illuminate/Http/Request), Object(Closure))
#2 C:/Users/Sandy/Psikonutrisense/backend/vendor/laravel/framework/src/Illuminate/Pipeline/Pipeline.php(119): Illuminate/Pipeline/Pipeline->Illuminate/Pipeline/{closure}(Object(Illuminate/Http/Request))
#3 C:/Users/Sandy/Psikonutrisense/backend/vendor/laravel/framework/src/Illuminate/Routing/Router.php(807): Illuminate/Pipeline/Pipeline->then(Object(Closure))
#4 C:/Users/Sandy/Psikonutrisense/backend/vendor/laravel/framework/src/Illuminate/Routing/Router.php(784): Illuminate/Routing/Router->runRouteWithinStack(Object(Illuminate/Routing/Route), Object(Illuminate/Http/Request))
#5 C:/Users/Sandy/Psikonutrisense/backend/vendor/laravel/framework/src/Illuminate/Routing/Router.php(748): Illuminate/Routing/Router->runRoute(Object(Illuminate/Http/Request), Object(Illuminate/Routing/Route))
#6 C:/Users/Sandy/Psikonutrisense/backend/vendor/laravel/framework/src/Illuminate/Routing/Router.php(737): Illuminate/Routing/Router->dispatchToRoute(Object(Illuminate/Http/Request))
#7 C:/Users/Sandy/Psikonutrisense/backend/vendor/laravel/framework/src/Illuminate/Foundation/Http/Kernel.php(200): Illuminate/Routing/Router->dispatch(Object(Illuminate/Http/Request))
#8 C:/Users/Sandy/Psikonutrisense/backend/vendor/laravel/framework/src/Illuminate/Pipeline/Pipeline.php(144): Illuminate/Foundation/Http/Kernel->Illuminate/Foundation/Http/{closure}(Object(Illuminate/Http/Request))
#9 C:/Users/Sandy/Psikonutrisense/backend/vendor/laravel/framework/src/Illuminate/Foundation/Http/Middleware/TransformsRequest.php(21): Illuminate/Pipeline/Pipeline->Illuminate/Pipeline/{closure}(Object(Illuminate/Http/Request))
#10 C:/Users/Sandy/Psikonutrisense/backend/vendor/laravel/framework/src/Illuminate/Foundation/Http/Middleware/ConvertEmptyStringsToNull.php(31): Illuminate/Foundation/Http/Middleware/TransformsRequest->handle(Object(Illuminate/Http/Request), Object(Closure))
#11 C:/Users/Sandy/Psikonutrisense/backend/vendor/laravel/framework/src/Illuminate/Pipeline/Pipeline.php(183): Illuminate/Foundation/Http/Middleware/ConvertEmptyStringsToNull->handle(Object(Illuminate/Http/Request), Object(Closure))
#12 C:/Users/Sandy/Psikonutrisense/backend/vendor/laravel/framework/src/Illuminate/Foundation/Http/Middleware/ValidatePostSize.php(27): Illuminate/Pipeline/Pipeline->Illuminate/Pipeline/{closure}(Object(Illuminate/Http/Request))
#13 C:/Users/Sandy/Psikonutrisense/backend/vendor/laravel/framework/src/Illuminate/Pipeline/Pipeline.php(183): Illuminate/Foundation/Http/Middleware/ValidatePostSize->handle(Object(Illuminate/Http/Request), Object(Closure))
#14 C:/Users/Sandy/Psikonutrisense/backend/vendor/laravel/framework/src/Illuminate/Pipeline/Pipeline.php(119): Illuminate/Pipeline/Pipeline->Illuminate/Pipeline/{closure}(Object(Illuminate/Http/Request))
#15 C:/Users/Sandy/Psikonutrisense/backend/vendor/laravel/framework/src/Illuminate/Foundation/Http/Kernel.php(175): Illuminate/Pipeline/Pipeline->then(Object(Closure))
#16 C:/Users/Sandy/Psikonutrisense/backend/vendor/laravel/framework/src/Illuminate/Foundation/Http/Kernel.php(144): Illuminate/Foundation/Http/Kernel->sendRequestThroughRouter(Object(Illuminate/Http/Request))
#17 C:/Users/Sandy/Psikonutrisense/backend/public/index.php(19): Illuminate/Foundation/Http/Kernel->handle(Object(Illuminate/Http/Request))
#18 C:/Users/Sandy/Psikonutrisense/backend/server.php(11): require_once('C://Users//Sandy//...')
#19 {main}
"} 
[2026-09-21 00:41:26] local.ERROR: Object of type Illuminate\Auth\AuthManager is not callable {"exception":"[object] (Error(code: 0): Object of type Illuminate\\Auth\\AuthManager is not callable at C:/Users/Sandy/Psikonutrisense/backend/vendor/laravel/framework/src/Illuminate/Pipeline/Pipeline.php:184)
[stacktrace]
#0 C:/Users/Sandy/Psikonutrisense/backend/vendor/laravel/framework/src/Illuminate/Routing/Middleware/SubstituteBindings.php(50): Illuminate/Pipeline/Pipeline->Illuminate/Pipeline/{closure}(Object(Illuminate/Http/Request))
#1 C:/Users/Sandy/Psikonutrisense/backend/vendor/laravel/framework/src/Illuminate/Pipeline/Pipeline.php(183): Illuminate/Routing/Middleware/SubstituteBindings->handle(Object(Illuminate/Http/Request), Object(Closure))
#2 C:/Users/Sandy/Psikonutrisense/backend/vendor/laravel/framework/src/Illuminate/Pipeline/Pipeline.php(119): Illuminate/Pipeline/Pipeline->Illuminate/Pipeline/{closure}(Object(Illuminate/Http/Request))
#3 C:/Users/Sandy/Psikonutrisense/backend/vendor/laravel/framework/src/Illuminate/Routing/Router.php(807): Illuminate/Pipeline/Pipeline->then(Object(Closure))
#4 C:/Users/Sandy/Psikonutrisense/backend/vendor/laravel/framework/src/Illuminate/Routing/Router.php(784): Illuminate/Routing/Router->runRouteWithinStack(Object(Illuminate/Routing/Route), Object(Illuminate/Http/Request))
#5 C:/Users/Sandy/Psikonutrisense/backend/vendor/laravel/framework/src/Illuminate/Routing/Router.php(748): Illuminate/Routing/Router->runRoute(Object(Illuminate/Http/Request), Object(Illuminate/Routing/Route))
#6 C:/Users/Sandy/Psikonutrisense/backend/vendor/laravel/framework/src/Illuminate/Routing/Router.php(737): Illuminate/Routing/Router->dispatchToRoute(Object(Illuminate/Http/Request))
#7 C:/Users/Sandy/Psikonutrisense/backend/vendor/laravel/framework/src/Illuminate/Foundation/Http/Kernel.php(200): Illuminate/Routing/Router->dispatch(Object(Illuminate/Http/Request))
#8 C:/Users/Sandy/Psikonutrisense/backend/vendor/laravel/framework/src/Illuminate/Pipeline/Pipeline.php(144): Illuminate/Foundation/Http/Kernel->Illuminate/Foundation/Http/{closure}(Object(Illuminate/Http/Request))
#9 C:/Users/Sandy/Psikonutrisense/backend/vendor/laravel/framework/src/Illuminate/Foundation/Http/Middleware/TransformsRequest.php(21): Illuminate/Pipeline/Pipeline->Illuminate/Pipeline/{closure}(Object(Illuminate/Http/Request))
#10 C:/Users/Sandy/Psikonutrisense/backend/vendor/laravel/framework/src/Illuminate/Foundation/Http/Middleware/ConvertEmptyStringsToNull.php(31): Illuminate/Foundation/Http/Middleware/TransformsRequest->handle(Object(Illuminate/Http/Request), Object(Closure))
#11 C:/Users/Sandy/Psikonutrisense/backend/vendor/laravel/framework/src/Illuminate/Pipeline/Pipeline.php(183): Illuminate/Foundation/Http/Middleware/ConvertEmptyStringsToNull->handle(Object(Illuminate/Http/Request), Object(Closure))
#12 C:/Users/Sandy/Psikonutrisense/backend/vendor/laravel/framework/src/Illuminate/Foundation/Http/Middleware/ValidatePostSize.php(27): Illuminate/Pipeline/Pipeline->Illuminate/Pipeline/{closure}(Object(Illuminate/Http/Request))
#13 C:/Users/Sandy/Psikonutrisense/backend/vendor/laravel/framework/src/Illuminate/Pipeline/Pipeline.php(183): Illuminate/Foundation/Http/Middleware/ValidatePostSize->handle(Object(Illuminate/Http/Request), Object(Closure))
#14 C:/Users/Sandy/Psikonutrisense/backend/vendor/laravel/framework/src/Illuminate/Pipeline/Pipeline.php(119): Illuminate/Pipeline/Pipeline->Illuminate/Pipeline/{closure}(Object(Illuminate/Http/Request))
#15 C:/Users/Sandy/Psikonutrisense/backend/vendor/laravel/framework/src/Illuminate/Foundation/Http/Kernel.php(175): Illuminate/Pipeline/Pipeline->then(Object(Closure))
#16 C:/Users/Sandy/Psikonutrisense/backend/vendor/laravel/framework/src/Illuminate/Foundation/Http/Kernel.php(144): Illuminate/Foundation/Http/Kernel->sendRequestThroughRouter(Object(Illuminate/Http/Request))
#17 C:/Users/Sandy/Psikonutrisense/backend/public/index.php(19): Illuminate/Foundation/Http/Kernel->handle(Object(Illuminate/Http/Request))
#18 C:/Users/Sandy/Psikonutrisense/backend/server.php(11): require_once('C://Users//Sandy//...')
#19 {main}
"} 
[2026-09-21 00:46:23] local.ERROR: Object of type Illuminate\Auth\AuthManager is not callable {"exception":"[object] (Error(code: 0): Object of type Illuminate\\Auth\\AuthManager is not callable at C:/Users/Sandy/Psikonutrisense/backend/vendor/laravel/framework/src/Illuminate/Pipeline/Pipeline.php:184)
[stacktrace]
#0 C:/Users/Sandy/Psikonutrisense/backend/vendor/laravel/framework/src/Illuminate/Routing/Middleware/SubstituteBindings.php(50): Illuminate/Pipeline/Pipeline->Illuminate/Pipeline/{closure}(Object(Illuminate/Http/Request))
#1 C:/Users/Sandy/Psikonutrisense/backend/vendor/laravel/framework/src/Illuminate/Pipeline/Pipeline.php(183): Illuminate/Routing/Middleware/SubstituteBindings->handle(Object(Illuminate/Http/Request), Object(Closure))
#2 C:/Users/Sandy/Psikonutrisense/backend/vendor/laravel/framework/src/Illuminate/Pipeline/Pipeline.php(119): Illuminate/Pipeline/Pipeline->Illuminate/Pipeline/{closure}(Object(Illuminate/Http/Request))
#3 C:/Users/Sandy/Psikonutrisense/backend/vendor/laravel/framework/src/Illuminate/Routing/Router.php(807): Illuminate/Pipeline/Pipeline->then(Object(Closure))
#4 C:/Users/Sandy/Psikonutrisense/backend/vendor/laravel/framework/src/Illuminate/Routing/Router.php(784): Illuminate/Routing/Router->runRouteWithinStack(Object(Illuminate/Routing/Route), Object(Illuminate/Http/Request))
#5 C:/Users/Sandy/Psikonutrisense/backend/vendor/laravel/framework/src/Illuminate/Routing/Router.php(748): Illuminate/Routing/Router->runRoute(Object(Illuminate/Http/Request), Object(Illuminate/Routing/Route))
#6 C:/Users/Sandy/Psikonutrisense/backend/vendor/laravel/framework/src/Illuminate/Routing/Router.php(737): Illuminate/Routing/Router->dispatchToRoute(Object(Illuminate/Http/Request))
#7 C:/Users/Sandy/Psikonutrisense/backend/vendor/laravel/framework/src/Illuminate/Foundation/Http/Kernel.php(200): Illuminate/Routing/Router->dispatch(Object(Illuminate/Http/Request))
#8 C:/Users/Sandy/Psikonutrisense/backend/vendor/laravel/framework/src/Illuminate/Pipeline/Pipeline.php(144): Illuminate/Foundation/Http/Kernel->Illuminate/Foundation/Http/{closure}(Object(Illuminate/Http/Request))
#9 C:/Users/Sandy/Psikonutrisense/backend/vendor/laravel/framework/src/Illuminate/Foundation/Http/Middleware/TransformsRequest.php(21): Illuminate/Pipeline/Pipeline->Illuminate/Pipeline/{closure}(Object(Illuminate/Http/Request))
#10 C:/Users/Sandy/Psikonutrisense/backend/vendor/laravel/framework/src/Illuminate/Foundation/Http/Middleware/ConvertEmptyStringsToNull.php(31): Illuminate/Foundation/Http/Middleware/TransformsRequest->handle(Object(Illuminate/Http/Request), Object(Closure))
#11 C:/Users/Sandy/Psikonutrisense/backend/vendor/laravel/framework/src/Illuminate/Pipeline/Pipeline.php(183): Illuminate/Foundation/Http/Middleware/ConvertEmptyStringsToNull->handle(Object(Illuminate/Http/Request), Object(Closure))
#12 C:/Users/Sandy/Psikonutrisense/backend/vendor/laravel/framework/src/Illuminate/Foundation/Http/Middleware/ValidatePostSize.php(27): Illuminate/Pipeline/Pipeline->Illuminate/Pipeline/{closure}(Object(Illuminate/Http/Request))
#13 C:/Users/Sandy/Psikonutrisense/backend/vendor/laravel/framework/src/Illuminate/Pipeline/Pipeline.php(183): Illuminate/Foundation/Http/Middleware/ValidatePostSize->handle(Object(Illuminate/Http/Request), Object(Closure))
#14 C:/Users/Sandy/Psikonutrisense/backend/vendor/laravel/framework/src/Illuminate/Pipeline/Pipeline.php(119): Illuminate/Pipeline/Pipeline->Illuminate/Pipeline/{closure}(Object(Illuminate/Http/Request))
#15 C:/Users/Sandy/Psikonutrisense/backend/vendor/laravel/framework/src/Illuminate/Foundation/Http/Kernel.php(175): Illuminate/Pipeline/Pipeline->then(Object(Closure))
#16 C:/Users/Sandy/Psikonutrisense/backend/vendor/laravel/framework/src/Illuminate/Foundation/Http/Kernel.php(144): Illuminate/Foundation/Http/Kernel->sendRequestThroughRouter(Object(Illuminate/Http/Request))
#17 C:/Users/Sandy/Psikonutrisense/backend/public/index.php(19): Illuminate/Foundation/Http/Kernel->handle(Object(Illuminate/Http/Request))
#18 C:/Users/Sandy/Psikonutrisense/backend/server.php(11): require_once('C://Users//Sandy//...')
#19 {main}
"} 
[2026-09-21 00:46:25] local.ERROR: Object of type Illuminate\Auth\AuthManager is not callable {"exception":"[object] (Error(code: 0): Object of type Illuminate\\Auth\\AuthManager is not callable at C:/Users/Sandy/Psikonutrisense/backend/vendor/laravel/framework/src/Illuminate/Pipeline/Pipeline.php:184)
[stacktrace]
#0 C:/Users/Sandy/Psikonutrisense/backend/vendor/laravel/framework/src/Illuminate/Routing/Middleware/SubstituteBindings.php(50): Illuminate/Pipeline/Pipeline->Illuminate/Pipeline/{closure}(Object(Illuminate/Http/Request))
#1 C:/Users/Sandy/Psikonutrisense/backend/vendor/laravel/framework/src/Illuminate/Pipeline/Pipeline.php(183): Illuminate/Routing/Middleware/SubstituteBindings->handle(Object(Illuminate/Http/Request), Object(Closure))
#2 C:/Users/Sandy/Psikonutrisense/backend/vendor/laravel/framework/src/Illuminate/Pipeline/Pipeline.php(119): Illuminate/Pipeline/Pipeline->Illuminate/Pipeline/{closure}(Object(Illuminate/Http/Request))
#3 C:/Users/Sandy/Psikonutrisense/backend/vendor/laravel/framework/src/Illuminate/Routing/Router.php(807): Illuminate/Pipeline/Pipeline->then(Object(Closure))
#4 C:/Users/Sandy/Psikonutrisense/backend/vendor/laravel/framework/src/Illuminate/Routing/Router.php(784): Illuminate/Routing/Router->runRouteWithinStack(Object(Illuminate/Routing/Route), Object(Illuminate/Http/Request))
#5 C:/Users/Sandy/Psikonutrisense/backend/vendor/laravel/framework/src/Illuminate/Routing/Router.php(748): Illuminate/Routing/Router->runRoute(Object(Illuminate/Http/Request), Object(Illuminate/Routing/Route))
#6 C:/Users/Sandy/Psikonutrisense/backend/vendor/laravel/framework/src/Illuminate/Routing/Router.php(737): Illuminate/Routing/Router->dispatchToRoute(Object(Illuminate/Http/Request))
#7 C:/Users/Sandy/Psikonutrisense/backend/vendor/laravel/framework/src/Illuminate/Foundation/Http/Kernel.php(200): Illuminate/Routing/Router->dispatch(Object(Illuminate/Http/Request))
#8 C:/Users/Sandy/Psikonutrisense/backend/vendor/laravel/framework/src/Illuminate/Pipeline/Pipeline.php(144): Illuminate/Foundation/Http/Kernel->Illuminate/Foundation/Http/{closure}(Object(Illuminate/Http/Request))
#9 C:/Users/Sandy/Psikonutrisense/backend/vendor/laravel/framework/src/Illuminate/Foundation/Http/Middleware/TransformsRequest.php(21): Illuminate/Pipeline/Pipeline->Illuminate/Pipeline/{closure}(Object(Illuminate/Http/Request))
#10 C:/Users/Sandy/Psikonutrisense/backend/vendor/laravel/framework/src/Illuminate/Foundation/Http/Middleware/ConvertEmptyStringsToNull.php(31): Illuminate/Foundation/Http/Middleware/TransformsRequest->handle(Object(Illuminate/Http/Request), Object(Closure))
#11 C:/Users/Sandy/Psikonutrisense/backend/vendor/laravel/framework/src/Illuminate/Pipeline/Pipeline.php(183): Illuminate/Foundation/Http/Middleware/ConvertEmptyStringsToNull->handle(Object(Illuminate/Http/Request), Object(Closure))
#12 C:/Users/Sandy/Psikonutrisense/backend/vendor/laravel/framework/src/Illuminate/Foundation/Http/Middleware/ValidatePostSize.php(27): Illuminate/Pipeline/Pipeline->Illuminate/Pipeline/{closure}(Object(Illuminate/Http/Request))
#13 C:/Users/Sandy/Psikonutrisense/backend/vendor/laravel/framework/src/Illuminate/Pipeline/Pipeline.php(183): Illuminate/Foundation/Http/Middleware/ValidatePostSize->handle(Object(Illuminate/Http/Request), Object(Closure))
#14 C:/Users/Sandy/Psikonutrisense/backend/vendor/laravel/framework/src/Illuminate/Pipeline/Pipeline.php(119): Illuminate/Pipeline/Pipeline->Illuminate/Pipeline/{closure}(Object(Illuminate/Http/Request))
#15 C:/Users/Sandy/Psikonutrisense/backend/vendor/laravel/framework/src/Illuminate/Foundation/Http/Kernel.php(175): Illuminate/Pipeline/Pipeline->then(Object(Closure))
#16 C:/Users/Sandy/Psikonutrisense/backend/vendor/laravel/framework/src/Illuminate/Foundation/Http/Kernel.php(144): Illuminate/Foundation/Http/Kernel->sendRequestThroughRouter(Object(Illuminate/Http/Request))
#17 C:/Users/Sandy/Psikonutrisense/backend/public/index.php(19): Illuminate/Foundation/Http/Kernel->handle(Object(Illuminate/Http/Request))
#18 C:/Users/Sandy/Psikonutrisense/backend/server.php(11): require_once('C://Users//Sandy//...')
#19 {main}
"} 
[2026-09-21 00:46:26] local.ERROR: Object of type Illuminate\Auth\AuthManager is not callable {"exception":"[object] (Error(code: 0): Object of type Illuminate\\Auth\\AuthManager is not callable at C:/Users/Sandy/Psikonutrisense/backend/vendor/laravel/framework/src/Illuminate/Pipeline/Pipeline.php:184)
[stacktrace]
#0 C:/Users/Sandy/Psikonutrisense/backend/vendor/laravel/framework/src/Illuminate/Routing/Middleware/SubstituteBindings.php(50): Illuminate/Pipeline/Pipeline->Illuminate/Pipeline/{closure}(Object(Illuminate/Http/Request))
#1 C:/Users/Sandy/Psikonutrisense/backend/vendor/laravel/framework/src/Illuminate/Pipeline/Pipeline.php(183): Illuminate/Routing/Middleware/SubstituteBindings->handle(Object(Illuminate/Http/Request), Object(Closure))
#2 C:/Users/Sandy/Psikonutrisense/backend/vendor/laravel/framework/src/Illuminate/Pipeline/Pipeline.php(119): Illuminate/Pipeline/Pipeline->Illuminate/Pipeline/{closure}(Object(Illuminate/Http/Request))
#3 C:/Users/Sandy/Psikonutrisense/backend/vendor/laravel/framework/src/Illuminate/Routing/Router.php(807): Illuminate/Pipeline/Pipeline->then(Object(Closure))
#4 C:/Users/Sandy/Psikonutrisense/backend/vendor/laravel/framework/src/Illuminate/Routing/Router.php(784): Illuminate/Routing/Router->runRouteWithinStack(Object(Illuminate/Routing/Route), Object(Illuminate/Http/Request))
#5 C:/Users/Sandy/Psikonutrisense/backend/vendor/laravel/framework/src/Illuminate/Routing/Router.php(748): Illuminate/Routing/Router->runRoute(Object(Illuminate/Http/Request), Object(Illuminate/Routing/Route))
#6 C:/Users/Sandy/Psikonutrisense/backend/vendor/laravel/framework/src/Illuminate/Routing/Router.php(737): Illuminate/Routing/Router->dispatchToRoute(Object(Illuminate/Http/Request))
#7 C:/Users/Sandy/Psikonutrisense/backend/vendor/laravel/framework/src/Illuminate/Foundation/Http/Kernel.php(200): Illuminate/Routing/Router->dispatch(Object(Illuminate/Http/Request))
#8 C:/Users/Sandy/Psikonutrisense/backend/vendor/laravel/framework/src/Illuminate/Pipeline/Pipeline.php(144): Illuminate/Foundation/Http/Kernel->Illuminate/Foundation/Http/{closure}(Object(Illuminate/Http/Request))
#9 C:/Users/Sandy/Psikonutrisense/backend/vendor/laravel/framework/src/Illuminate/Foundation/Http/Middleware/TransformsRequest.php(21): Illuminate/Pipeline/Pipeline->Illuminate/Pipeline/{closure}(Object(Illuminate/Http/Request))
#10 C:/Users/Sandy/Psikonutrisense/backend/vendor/laravel/framework/src/Illuminate/Foundation/Http/Middleware/ConvertEmptyStringsToNull.php(31): Illuminate/Foundation/Http/Middleware/TransformsRequest->handle(Object(Illuminate/Http/Request), Object(Closure))
#11 C:/Users/Sandy/Psikonutrisense/backend/vendor/laravel/framework/src/Illuminate/Pipeline/Pipeline.php(183): Illuminate/Foundation/Http/Middleware/ConvertEmptyStringsToNull->handle(Object(Illuminate/Http/Request), Object(Closure))
#12 C:/Users/Sandy/Psikonutrisense/backend/vendor/laravel/framework/src/Illuminate/Foundation/Http/Middleware/ValidatePostSize.php(27): Illuminate/Pipeline/Pipeline->Illuminate/Pipeline/{closure}(Object(Illuminate/Http/Request))
#13 C:/Users/Sandy/Psikonutrisense/backend/vendor/laravel/framework/src/Illuminate/Pipeline/Pipeline.php(183): Illuminate/Foundation/Http/Middleware/ValidatePostSize->handle(Object(Illuminate/Http/Request), Object(Closure))
#14 C:/Users/Sandy/Psikonutrisense/backend/vendor/laravel/framework/src/Illuminate/Pipeline/Pipeline.php(119): Illuminate/Pipeline/Pipeline->Illuminate/Pipeline/{closure}(Object(Illuminate/Http/Request))
#15 C:/Users/Sandy/Psikonutrisense/backend/vendor/laravel/framework/src/Illuminate/Foundation/Http/Kernel.php(175): Illuminate/Pipeline/Pipeline->then(Object(Closure))
#16 C:/Users/Sandy/Psikonutrisense/backend/vendor/laravel/framework/src/Illuminate/Foundation/Http/Kernel.php(144): Illuminate/Foundation/Http/Kernel->sendRequestThroughRouter(Object(Illuminate/Http/Request))
#17 C:/Users/Sandy/Psikonutrisense/backend/public/index.php(19): Illuminate/Foundation/Http/Kernel->handle(Object(Illuminate/Http/Request))
#18 C:/Users/Sandy/Psikonutrisense/backend/server.php(11): require_once('C://Users//Sandy//...')
#19 {main}
"} 
[2026-09-21 00:46:28] local.ERROR: Object of type Illuminate\Auth\AuthManager is not callable {"exception":"[object] (Error(code: 0): Object of type Illuminate\\Auth\\AuthManager is not callable at C:/Users/Sandy/Psikonutrisense/backend/vendor/laravel/framework/src/Illuminate/Pipeline/Pipeline.php:184)
[stacktrace]
#0 C:/Users/Sandy/Psikonutrisense/backend/vendor/laravel/framework/src/Illuminate/Routing/Middleware/SubstituteBindings.php(50): Illuminate/Pipeline/Pipeline->Illuminate/Pipeline/{closure}(Object(Illuminate/Http/Request))
#1 C:/Users/Sandy/Psikonutrisense/backend/vendor/laravel/framework/src/Illuminate/Pipeline/Pipeline.php(183): Illuminate/Routing/Middleware/SubstituteBindings->handle(Object(Illuminate/Http/Request), Object(Closure))
#2 C:/Users/Sandy/Psikonutrisense/backend/vendor/laravel/framework/src/Illuminate/Pipeline/Pipeline.php(119): Illuminate/Pipeline/Pipeline->Illuminate/Pipeline/{closure}(Object(Illuminate/Http/Request))
#3 C:/Users/Sandy/Psikonutrisense/backend/vendor/laravel/framework/src/Illuminate/Routing/Router.php(807): Illuminate/Pipeline/Pipeline->then(Object(Closure))
#4 C:/Users/Sandy/Psikonutrisense/backend/vendor/laravel/framework/src/Illuminate/Routing/Router.php(784): Illuminate/Routing/Router->runRouteWithinStack(Object(Illuminate/Routing/Route), Object(Illuminate/Http/Request))
#5 C:/Users/Sandy/Psikonutrisense/backend/vendor/laravel/framework/src/Illuminate/Routing/Router.php(748): Illuminate/Routing/Router->runRoute(Object(Illuminate/Http/Request), Object(Illuminate/Routing/Route))
#6 C:/Users/Sandy/Psikonutrisense/backend/vendor/laravel/framework/src/Illuminate/Routing/Router.php(737): Illuminate/Routing/Router->dispatchToRoute(Object(Illuminate/Http/Request))
#7 C:/Users/Sandy/Psikonutrisense/backend/vendor/laravel/framework/src/Illuminate/Foundation/Http/Kernel.php(200): Illuminate/Routing/Router->dispatch(Object(Illuminate/Http/Request))
#8 C:/Users/Sandy/Psikonutrisense/backend/vendor/laravel/framework/src/Illuminate/Pipeline/Pipeline.php(144): Illuminate/Foundation/Http/Kernel->Illuminate/Foundation/Http/{closure}(Object(Illuminate/Http/Request))
#9 C:/Users/Sandy/Psikonutrisense/backend/vendor/laravel/framework/src/Illuminate/Foundation/Http/Middleware/TransformsRequest.php(21): Illuminate/Pipeline/Pipeline->Illuminate/Pipeline/{closure}(Object(Illuminate/Http/Request))
#10 C:/Users/Sandy/Psikonutrisense/backend/vendor/laravel/framework/src/Illuminate/Foundation/Http/Middleware/ConvertEmptyStringsToNull.php(31): Illuminate/Foundation/Http/Middleware/TransformsRequest->handle(Object(Illuminate/Http/Request), Object(Closure))
#11 C:/Users/Sandy/Psikonutrisense/backend/vendor/laravel/framework/src/Illuminate/Pipeline/Pipeline.php(183): Illuminate/Foundation/Http/Middleware/ConvertEmptyStringsToNull->handle(Object(Illuminate/Http/Request), Object(Closure))
#12 C:/Users/Sandy/Psikonutrisense/backend/vendor/laravel/framework/src/Illuminate/Foundation/Http/Middleware/ValidatePostSize.php(27): Illuminate/Pipeline/Pipeline->Illuminate/Pipeline/{closure}(Object(Illuminate/Http/Request))
#13 C:/Users/Sandy/Psikonutrisense/backend/vendor/laravel/framework/src/Illuminate/Pipeline/Pipeline.php(183): Illuminate/Foundation/Http/Middleware/ValidatePostSize->handle(Object(Illuminate/Http/Request), Object(Closure))
#14 C:/Users/Sandy/Psikonutrisense/backend/vendor/laravel/framework/src/Illuminate/Pipeline/Pipeline.php(119): Illuminate/Pipeline/Pipeline->Illuminate/Pipeline/{closure}(Object(Illuminate/Http/Request))
#15 C:/Users/Sandy/Psikonutrisense/backend/vendor/laravel/framework/src/Illuminate/Foundation/Http/Kernel.php(175): Illuminate/Pipeline/Pipeline->then(Object(Closure))
#16 C:/Users/Sandy/Psikonutrisense/backend/vendor/laravel/framework/src/Illuminate/Foundation/Http/Kernel.php(144): Illuminate/Foundation/Http/Kernel->sendRequestThroughRouter(Object(Illuminate/Http/Request))
#17 C:/Users/Sandy/Psikonutrisense/backend/public/index.php(19): Illuminate/Foundation/Http/Kernel->handle(Object(Illuminate/Http/Request))
#18 C:/Users/Sandy/Psikonutrisense/backend/server.php(11): require_once('C://Users//Sandy//...')
#19 {main}
"} 
[2026-09-21 00:46:32] local.ERROR: Object of type Illuminate\Auth\AuthManager is not callable {"exception":"[object] (Error(code: 0): Object of type Illuminate\\Auth\\AuthManager is not callable at C:/Users/Sandy/Psikonutrisense/backend/vendor/laravel/framework/src/Illuminate/Pipeline/Pipeline.php:184)
[stacktrace]
#0 C:/Users/Sandy/Psikonutrisense/backend/vendor/laravel/framework/src/Illuminate/Routing/Middleware/SubstituteBindings.php(50): Illuminate/Pipeline/Pipeline->Illuminate/Pipeline/{closure}(Object(Illuminate/Http/Request))
#1 C:/Users/Sandy/Psikonutrisense/backend/vendor/laravel/framework/src/Illuminate/Pipeline/Pipeline.php(183): Illuminate/Routing/Middleware/SubstituteBindings->handle(Object(Illuminate/Http/Request), Object(Closure))
#2 C:/Users/Sandy/Psikonutrisense/backend/vendor/laravel/framework/src/Illuminate/Pipeline/Pipeline.php(119): Illuminate/Pipeline/Pipeline->Illuminate/Pipeline/{closure}(Object(Illuminate/Http/Request))
#3 C:/Users/Sandy/Psikonutrisense/backend/vendor/laravel/framework/src/Illuminate/Routing/Router.php(807): Illuminate/Pipeline/Pipeline->then(Object(Closure))
#4 C:/Users/Sandy/Psikonutrisense/backend/vendor/laravel/framework/src/Illuminate/Routing/Router.php(784): Illuminate/Routing/Router->runRouteWithinStack(Object(Illuminate/Routing/Route), Object(Illuminate/Http/Request))
#5 C:/Users/Sandy/Psikonutrisense/backend/vendor/laravel/framework/src/Illuminate/Routing/Router.php(748): Illuminate/Routing/Router->runRoute(Object(Illuminate/Http/Request), Object(Illuminate/Routing/Route))
#6 C:/Users/Sandy/Psikonutrisense/backend/vendor/laravel/framework/src/Illuminate/Routing/Router.php(737): Illuminate/Routing/Router->dispatchToRoute(Object(Illuminate/Http/Request))
#7 C:/Users/Sandy/Psikonutrisense/backend/vendor/laravel/framework/src/Illuminate/Foundation/Http/Kernel.php(200): Illuminate/Routing/Router->dispatch(Object(Illuminate/Http/Request))
#8 C:/Users/Sandy/Psikonutrisense/backend/vendor/laravel/framework/src/Illuminate/Pipeline/Pipeline.php(144): Illuminate/Foundation/Http/Kernel->Illuminate/Foundation/Http/{closure}(Object(Illuminate/Http/Request))
#9 C:/Users/Sandy/Psikonutrisense/backend/vendor/laravel/framework/src/Illuminate/Foundation/Http/Middleware/TransformsRequest.php(21): Illuminate/Pipeline/Pipeline->Illuminate/Pipeline/{closure}(Object(Illuminate/Http/Request))
#10 C:/Users/Sandy/Psikonutrisense/backend/vendor/laravel/framework/src/Illuminate/Foundation/Http/Middleware/ConvertEmptyStringsToNull.php(31): Illuminate/Foundation/Http/Middleware/TransformsRequest->handle(Object(Illuminate/Http/Request), Object(Closure))
#11 C:/Users/Sandy/Psikonutrisense/backend/vendor/laravel/framework/src/Illuminate/Pipeline/Pipeline.php(183): Illuminate/Foundation/Http/Middleware/ConvertEmptyStringsToNull->handle(Object(Illuminate/Http/Request), Object(Closure))
#12 C:/Users/Sandy/Psikonutrisense/backend/vendor/laravel/framework/src/Illuminate/Foundation/Http/Middleware/ValidatePostSize.php(27): Illuminate/Pipeline/Pipeline->Illuminate/Pipeline/{closure}(Object(Illuminate/Http/Request))
#13 C:/Users/Sandy/Psikonutrisense/backend/vendor/laravel/framework/src/Illuminate/Pipeline/Pipeline.php(183): Illuminate/Foundation/Http/Middleware/ValidatePostSize->handle(Object(Illuminate/Http/Request), Object(Closure))
#14 C:/Users/Sandy/Psikonutrisense/backend/vendor/laravel/framework/src/Illuminate/Pipeline/Pipeline.php(119): Illuminate/Pipeline/Pipeline->Illuminate/Pipeline/{closure}(Object(Illuminate/Http/Request))
#15 C:/Users/Sandy/Psikonutrisense/backend/vendor/laravel/framework/src/Illuminate/Foundation/Http/Kernel.php(175): Illuminate/Pipeline/Pipeline->then(Object(Closure))
#16 C:/Users/Sandy/Psikonutrisense/backend/vendor/laravel/framework/src/Illuminate/Foundation/Http/Kernel.php(144): Illuminate/Foundation/Http/Kernel->sendRequestThroughRouter(Object(Illuminate/Http/Request))
#17 C:/Users/Sandy/Psikonutrisense/backend/public/index.php(19): Illuminate/Foundation/Http/Kernel->handle(Object(Illuminate/Http/Request))
#18 C:/Users/Sandy/Psikonutrisense/backend/server.php(11): require_once('C://Users//Sandy//...')
#19 {main}
"} 
[2026-09-21 00:46:32] local.ERROR: Object of type Illuminate\Auth\AuthManager is not callable {"exception":"[object] (Error(code: 0): Object of type Illuminate\\Auth\\AuthManager is not callable at C:/Users/Sandy/Psikonutrisense/backend/vendor/laravel/framework/src/Illuminate/Pipeline/Pipeline.php:184)
[stacktrace]
#0 C:/Users/Sandy/Psikonutrisense/backend/vendor/laravel/framework/src/Illuminate/Routing/Middleware/SubstituteBindings.php(50): Illuminate/Pipeline/Pipeline->Illuminate/Pipeline/{closure}(Object(Illuminate/Http/Request))
#1 C:/Users/Sandy/Psikonutrisense/backend/vendor/laravel/framework/src/Illuminate/Pipeline/Pipeline.php(183): Illuminate/Routing/Middleware/SubstituteBindings->handle(Object(Illuminate/Http/Request), Object(Closure))
#2 C:/Users/Sandy/Psikonutrisense/backend/vendor/laravel/framework/src/Illuminate/Pipeline/Pipeline.php(119): Illuminate/Pipeline/Pipeline->Illuminate/Pipeline/{closure}(Object(Illuminate/Http/Request))
#3 C:/Users/Sandy/Psikonutrisense/backend/vendor/laravel/framework/src/Illuminate/Routing/Router.php(807): Illuminate/Pipeline/Pipeline->then(Object(Closure))
#4 C:/Users/Sandy/Psikonutrisense/backend/vendor/laravel/framework/src/Illuminate/Routing/Router.php(784): Illuminate/Routing/Router->runRouteWithinStack(Object(Illuminate/Routing/Route), Object(Illuminate/Http/Request))
#5 C:/Users/Sandy/Psikonutrisense/backend/vendor/laravel/framework/src/Illuminate/Routing/Router.php(748): Illuminate/Routing/Router->runRoute(Object(Illuminate/Http/Request), Object(Illuminate/Routing/Route))
#6 C:/Users/Sandy/Psikonutrisense/backend/vendor/laravel/framework/src/Illuminate/Routing/Router.php(737): Illuminate/Routing/Router->dispatchToRoute(Object(Illuminate/Http/Request))
#7 C:/Users/Sandy/Psikonutrisense/backend/vendor/laravel/framework/src/Illuminate/Foundation/Http/Kernel.php(200): Illuminate/Routing/Router->dispatch(Object(Illuminate/Http/Request))
#8 C:/Users/Sandy/Psikonutrisense/backend/vendor/laravel/framework/src/Illuminate/Pipeline/Pipeline.php(144): Illuminate/Foundation/Http/Kernel->Illuminate/Foundation/Http/{closure}(Object(Illuminate/Http/Request))
#9 C:/Users/Sandy/Psikonutrisense/backend/vendor/laravel/framework/src/Illuminate/Foundation/Http/Middleware/TransformsRequest.php(21): Illuminate/Pipeline/Pipeline->Illuminate/Pipeline/{closure}(Object(Illuminate/Http/Request))
#10 C:/Users/Sandy/Psikonutrisense/backend/vendor/laravel/framework/src/Illuminate/Foundation/Http/Middleware/ConvertEmptyStringsToNull.php(31): Illuminate/Foundation/Http/Middleware/TransformsRequest->handle(Object(Illuminate/Http/Request), Object(Closure))
#11 C:/Users/Sandy/Psikonutrisense/backend/vendor/laravel/framework/src/Illuminate/Pipeline/Pipeline.php(183): Illuminate/Foundation/Http/Middleware/ConvertEmptyStringsToNull->handle(Object(Illuminate/Http/Request), Object(Closure))
#12 C:/Users/Sandy/Psikonutrisense/backend/vendor/laravel/framework/src/Illuminate/Foundation/Http/Middleware/ValidatePostSize.php(27): Illuminate/Pipeline/Pipeline->Illuminate/Pipeline/{closure}(Object(Illuminate/Http/Request))
#13 C:/Users/Sandy/Psikonutrisense/backend/vendor/laravel/framework/src/Illuminate/Pipeline/Pipeline.php(183): Illuminate/Foundation/Http/Middleware/ValidatePostSize->handle(Object(Illuminate/Http/Request), Object(Closure))
#14 C:/Users/Sandy/Psikonutrisense/backend/vendor/laravel/framework/src/Illuminate/Pipeline/Pipeline.php(119): Illuminate/Pipeline/Pipeline->Illuminate/Pipeline/{closure}(Object(Illuminate/Http/Request))
#15 C:/Users/Sandy/Psikonutrisense/backend/vendor/laravel/framework/src/Illuminate/Foundation/Http/Kernel.php(175): Illuminate/Pipeline/Pipeline->then(Object(Closure))
#16 C:/Users/Sandy/Psikonutrisense/backend/vendor/laravel/framework/src/Illuminate/Foundation/Http/Kernel.php(144): Illuminate/Foundation/Http/Kernel->sendRequestThroughRouter(Object(Illuminate/Http/Request))
#17 C:/Users/Sandy/Psikonutrisense/backend/public/index.php(19): Illuminate/Foundation/Http/Kernel->handle(Object(Illuminate/Http/Request))
#18 C:/Users/Sandy/Psikonutrisense/backend/server.php(11): require_once('C://Users//Sandy//...')
#19 {main}
"} 
[2026-09-21 00:46:32] local.ERROR: Object of type Illuminate\Auth\AuthManager is not callable {"exception":"[object] (Error(code: 0): Object of type Illuminate\\Auth\\AuthManager is not callable at C:/Users/Sandy/Psikonutrisense/backend/vendor/laravel/framework/src/Illuminate/Pipeline/Pipeline.php:184)
[stacktrace]
#0 C:/Users/Sandy/Psikonutrisense/backend/vendor/laravel/framework/src/Illuminate/Routing/Middleware/SubstituteBindings.php(50): Illuminate/Pipeline/Pipeline->Illuminate/Pipeline/{closure}(Object(Illuminate/Http/Request))
#1 C:/Users/Sandy/Psikonutrisense/backend/vendor/laravel/framework/src/Illuminate/Pipeline/Pipeline.php(183): Illuminate/Routing/Middleware/SubstituteBindings->handle(Object(Illuminate/Http/Request), Object(Closure))
#2 C:/Users/Sandy/Psikonutrisense/backend/vendor/laravel/framework/src/Illuminate/Pipeline/Pipeline.php(119): Illuminate/Pipeline/Pipeline->Illuminate/Pipeline/{closure}(Object(Illuminate/Http/Request))
#3 C:/Users/Sandy/Psikonutrisense/backend/vendor/laravel/framework/src/Illuminate/Routing/Router.php(807): Illuminate/Pipeline/Pipeline->then(Object(Closure))
#4 C:/Users/Sandy/Psikonutrisense/backend/vendor/laravel/framework/src/Illuminate/Routing/Router.php(784): Illuminate/Routing/Router->runRouteWithinStack(Object(Illuminate/Routing/Route), Object(Illuminate/Http/Request))
#5 C:/Users/Sandy/Psikonutrisense/backend/vendor/laravel/framework/src/Illuminate/Routing/Router.php(748): Illuminate/Routing/Router->runRoute(Object(Illuminate/Http/Request), Object(Illuminate/Routing/Route))
#6 C:/Users/Sandy/Psikonutrisense/backend/vendor/laravel/framework/src/Illuminate/Routing/Router.php(737): Illuminate/Routing/Router->dispatchToRoute(Object(Illuminate/Http/Request))
#7 C:/Users/Sandy/Psikonutrisense/backend/vendor/laravel/framework/src/Illuminate/Foundation/Http/Kernel.php(200): Illuminate/Routing/Router->dispatch(Object(Illuminate/Http/Request))
#8 C:/Users/Sandy/Psikonutrisense/backend/vendor/laravel/framework/src/Illuminate/Pipeline/Pipeline.php(144): Illuminate/Foundation/Http/Kernel->Illuminate/Foundation/Http/{closure}(Object(Illuminate/Http/Request))
#9 C:/Users/Sandy/Psikonutrisense/backend/vendor/laravel/framework/src/Illuminate/Foundation/Http/Middleware/TransformsRequest.php(21): Illuminate/Pipeline/Pipeline->Illuminate/Pipeline/{closure}(Object(Illuminate/Http/Request))
#10 C:/Users/Sandy/Psikonutrisense/backend/vendor/laravel/framework/src/Illuminate/Foundation/Http/Middleware/ConvertEmptyStringsToNull.php(31): Illuminate/Foundation/Http/Middleware/TransformsRequest->handle(Object(Illuminate/Http/Request), Object(Closure))
#11 C:/Users/Sandy/Psikonutrisense/backend/vendor/laravel/framework/src/Illuminate/Pipeline/Pipeline.php(183): Illuminate/Foundation/Http/Middleware/ConvertEmptyStringsToNull->handle(Object(Illuminate/Http/Request), Object(Closure))
#12 C:/Users/Sandy/Psikonutrisense/backend/vendor/laravel/framework/src/Illuminate/Foundation/Http/Middleware/ValidatePostSize.php(27): Illuminate/Pipeline/Pipeline->Illuminate/Pipeline/{closure}(Object(Illuminate/Http/Request))
#13 C:/Users/Sandy/Psikonutrisense/backend/vendor/laravel/framework/src/Illuminate/Pipeline/Pipeline.php(183): Illuminate/Foundation/Http/Middleware/ValidatePostSize->handle(Object(Illuminate/Http/Request), Object(Closure))
#14 C:/Users/Sandy/Psikonutrisense/backend/vendor/laravel/framework/src/Illuminate/Pipeline/Pipeline.php(119): Illuminate/Pipeline/Pipeline->Illuminate/Pipeline/{closure}(Object(Illuminate/Http/Request))
#15 C:/Users/Sandy/Psikonutrisense/backend/vendor/laravel/framework/src/Illuminate/Foundation/Http/Kernel.php(175): Illuminate/Pipeline/Pipeline->then(Object(Closure))
#16 C:/Users/Sandy/Psikonutrisense/backend/vendor/laravel/framework/src/Illuminate/Foundation/Http/Kernel.php(144): Illuminate/Foundation/Http/Kernel->sendRequestThroughRouter(Object(Illuminate/Http/Request))
#17 C:/Users/Sandy/Psikonutrisense/backend/public/index.php(19): Illuminate/Foundation/Http/Kernel->handle(Object(Illuminate/Http/Request))
#18 C:/Users/Sandy/Psikonutrisense/backend/server.php(11): require_once('C://Users//Sandy//...')
#19 {main}
"} 
[2026-09-21 00:46:33] local.ERROR: Object of type Illuminate\Auth\AuthManager is not callable {"exception":"[object] (Error(code: 0): Object of type Illuminate\\Auth\\AuthManager is not callable at C:/Users/Sandy/Psikonutrisense/backend/vendor/laravel/framework/src/Illuminate/Pipeline/Pipeline.php:184)
[stacktrace]
#0 C:/Users/Sandy/Psikonutrisense/backend/vendor/laravel/framework/src/Illuminate/Routing/Middleware/SubstituteBindings.php(50): Illuminate/Pipeline/Pipeline->Illuminate/Pipeline/{closure}(Object(Illuminate/Http/Request))
#1 C:/Users/Sandy/Psikonutrisense/backend/vendor/laravel/framework/src/Illuminate/Pipeline/Pipeline.php(183): Illuminate/Routing/Middleware/SubstituteBindings->handle(Object(Illuminate/Http/Request), Object(Closure))
#2 C:/Users/Sandy/Psikonutrisense/backend/vendor/laravel/framework/src/Illuminate/Pipeline/Pipeline.php(119): Illuminate/Pipeline/Pipeline->Illuminate/Pipeline/{closure}(Object(Illuminate/Http/Request))
#3 C:/Users/Sandy/Psikonutrisense/backend/vendor/laravel/framework/src/Illuminate/Routing/Router.php(807): Illuminate/Pipeline/Pipeline->then(Object(Closure))
#4 C:/Users/Sandy/Psikonutrisense/backend/vendor/laravel/framework/src/Illuminate/Routing/Router.php(784): Illuminate/Routing/Router->runRouteWithinStack(Object(Illuminate/Routing/Route), Object(Illuminate/Http/Request))
#5 C:/Users/Sandy/Psikonutrisense/backend/vendor/laravel/framework/src/Illuminate/Routing/Router.php(748): Illuminate/Routing/Router->runRoute(Object(Illuminate/Http/Request), Object(Illuminate/Routing/Route))
#6 C:/Users/Sandy/Psikonutrisense/backend/vendor/laravel/framework/src/Illuminate/Routing/Router.php(737): Illuminate/Routing/Router->dispatchToRoute(Object(Illuminate/Http/Request))
#7 C:/Users/Sandy/Psikonutrisense/backend/vendor/laravel/framework/src/Illuminate/Foundation/Http/Kernel.php(200): Illuminate/Routing/Router->dispatch(Object(Illuminate/Http/Request))
#8 C:/Users/Sandy/Psikonutrisense/backend/vendor/laravel/framework/src/Illuminate/Pipeline/Pipeline.php(144): Illuminate/Foundation/Http/Kernel->Illuminate/Foundation/Http/{closure}(Object(Illuminate/Http/Request))
#9 C:/Users/Sandy/Psikonutrisense/backend/vendor/laravel/framework/src/Illuminate/Foundation/Http/Middleware/TransformsRequest.php(21): Illuminate/Pipeline/Pipeline->Illuminate/Pipeline/{closure}(Object(Illuminate/Http/Request))
#10 C:/Users/Sandy/Psikonutrisense/backend/vendor/laravel/framework/src/Illuminate/Foundation/Http/Middleware/ConvertEmptyStringsToNull.php(31): Illuminate/Foundation/Http/Middleware/TransformsRequest->handle(Object(Illuminate/Http/Request), Object(Closure))
#11 C:/Users/Sandy/Psikonutrisense/backend/vendor/laravel/framework/src/Illuminate/Pipeline/Pipeline.php(183): Illuminate/Foundation/Http/Middleware/ConvertEmptyStringsToNull->handle(Object(Illuminate/Http/Request), Object(Closure))
#12 C:/Users/Sandy/Psikonutrisense/backend/vendor/laravel/framework/src/Illuminate/Foundation/Http/Middleware/ValidatePostSize.php(27): Illuminate/Pipeline/Pipeline->Illuminate/Pipeline/{closure}(Object(Illuminate/Http/Request))
#13 C:/Users/Sandy/Psikonutrisense/backend/vendor/laravel/framework/src/Illuminate/Pipeline/Pipeline.php(183): Illuminate/Foundation/Http/Middleware/ValidatePostSize->handle(Object(Illuminate/Http/Request), Object(Closure))
#14 C:/Users/Sandy/Psikonutrisense/backend/vendor/laravel/framework/src/Illuminate/Pipeline/Pipeline.php(119): Illuminate/Pipeline/Pipeline->Illuminate/Pipeline/{closure}(Object(Illuminate/Http/Request))
#15 C:/Users/Sandy/Psikonutrisense/backend/vendor/laravel/framework/src/Illuminate/Foundation/Http/Kernel.php(175): Illuminate/Pipeline/Pipeline->then(Object(Closure))
#16 C:/Users/Sandy/Psikonutrisense/backend/vendor/laravel/framework/src/Illuminate/Foundation/Http/Kernel.php(144): Illuminate/Foundation/Http/Kernel->sendRequestThroughRouter(Object(Illuminate/Http/Request))
#17 C:/Users/Sandy/Psikonutrisense/backend/public/index.php(19): Illuminate/Foundation/Http/Kernel->handle(Object(Illuminate/Http/Request))
#18 C:/Users/Sandy/Psikonutrisense/backend/server.php(11): require_once('C://Users//Sandy//...')
#19 {main}
"} 
[2026-09-21 00:46:33] local.ERROR: Object of type Illuminate\Auth\AuthManager is not callable {"exception":"[object] (Error(code: 0): Object of type Illuminate\\Auth\\AuthManager is not callable at C:/Users/Sandy/Psikonutrisense/backend/vendor/laravel/framework/src/Illuminate/Pipeline/Pipeline.php:184)
[stacktrace]
#0 C:/Users/Sandy/Psikonutrisense/backend/vendor/laravel/framework/src/Illuminate/Routing/Middleware/SubstituteBindings.php(50): Illuminate/Pipeline/Pipeline->Illuminate/Pipeline/{closure}(Object(Illuminate/Http/Request))
#1 C:/Users/Sandy/Psikonutrisense/backend/vendor/laravel/framework/src/Illuminate/Pipeline/Pipeline.php(183): Illuminate/Routing/Middleware/SubstituteBindings->handle(Object(Illuminate/Http/Request), Object(Closure))
#2 C:/Users/Sandy/Psikonutrisense/backend/vendor/laravel/framework/src/Illuminate/Pipeline/Pipeline.php(119): Illuminate/Pipeline/Pipeline->Illuminate/Pipeline/{closure}(Object(Illuminate/Http/Request))
#3 C:/Users/Sandy/Psikonutrisense/backend/vendor/laravel/framework/src/Illuminate/Routing/Router.php(807): Illuminate/Pipeline/Pipeline->then(Object(Closure))
#4 C:/Users/Sandy/Psikonutrisense/backend/vendor/laravel/framework/src/Illuminate/Routing/Router.php(784): Illuminate/Routing/Router->runRouteWithinStack(Object(Illuminate/Routing/Route), Object(Illuminate/Http/Request))
#5 C:/Users/Sandy/Psikonutrisense/backend/vendor/laravel/framework/src/Illuminate/Routing/Router.php(748): Illuminate/Routing/Router->runRoute(Object(Illuminate/Http/Request), Object(Illuminate/Routing/Route))
#6 C:/Users/Sandy/Psikonutrisense/backend/vendor/laravel/framework/src/Illuminate/Routing/Router.php(737): Illuminate/Routing/Router->dispatchToRoute(Object(Illuminate/Http/Request))
#7 C:/Users/Sandy/Psikonutrisense/backend/vendor/laravel/framework/src/Illuminate/Foundation/Http/Kernel.php(200): Illuminate/Routing/Router->dispatch(Object(Illuminate/Http/Request))
#8 C:/Users/Sandy/Psikonutrisense/backend/vendor/laravel/framework/src/Illuminate/Pipeline/Pipeline.php(144): Illuminate/Foundation/Http/Kernel->Illuminate/Foundation/Http/{closure}(Object(Illuminate/Http/Request))
#9 C:/Users/Sandy/Psikonutrisense/backend/vendor/laravel/framework/src/Illuminate/Foundation/Http/Middleware/TransformsRequest.php(21): Illuminate/Pipeline/Pipeline->Illuminate/Pipeline/{closure}(Object(Illuminate/Http/Request))
#10 C:/Users/Sandy/Psikonutrisense/backend/vendor/laravel/framework/src/Illuminate/Foundation/Http/Middleware/ConvertEmptyStringsToNull.php(31): Illuminate/Foundation/Http/Middleware/TransformsRequest->handle(Object(Illuminate/Http/Request), Object(Closure))
#11 C:/Users/Sandy/Psikonutrisense/backend/vendor/laravel/framework/src/Illuminate/Pipeline/Pipeline.php(183): Illuminate/Foundation/Http/Middleware/ConvertEmptyStringsToNull->handle(Object(Illuminate/Http/Request), Object(Closure))
#12 C:/Users/Sandy/Psikonutrisense/backend/vendor/laravel/framework/src/Illuminate/Foundation/Http/Middleware/ValidatePostSize.php(27): Illuminate/Pipeline/Pipeline->Illuminate/Pipeline/{closure}(Object(Illuminate/Http/Request))
#13 C:/Users/Sandy/Psikonutrisense/backend/vendor/laravel/framework/src/Illuminate/Pipeline/Pipeline.php(183): Illuminate/Foundation/Http/Middleware/ValidatePostSize->handle(Object(Illuminate/Http/Request), Object(Closure))
#14 C:/Users/Sandy/Psikonutrisense/backend/vendor/laravel/framework/src/Illuminate/Pipeline/Pipeline.php(119): Illuminate/Pipeline/Pipeline->Illuminate/Pipeline/{closure}(Object(Illuminate/Http/Request))
#15 C:/Users/Sandy/Psikonutrisense/backend/vendor/laravel/framework/src/Illuminate/Foundation/Http/Kernel.php(175): Illuminate/Pipeline/Pipeline->then(Object(Closure))
#16 C:/Users/Sandy/Psikonutrisense/backend/vendor/laravel/framework/src/Illuminate/Foundation/Http/Kernel.php(144): Illuminate/Foundation/Http/Kernel->sendRequestThroughRouter(Object(Illuminate/Http/Request))
#17 C:/Users/Sandy/Psikonutrisense/backend/public/index.php(19): Illuminate/Foundation/Http/Kernel->handle(Object(Illuminate/Http/Request))
#18 C:/Users/Sandy/Psikonutrisense/backend/server.php(11): require_once('C://Users//Sandy//...')
#19 {main}
"} 
[2026-09-21 00:46:33] local.ERROR: Object of type Illuminate\Auth\AuthManager is not callable {"exception":"[object] (Error(code: 0): Object of type Illuminate\\Auth\\AuthManager is not callable at C:/Users/Sandy/Psikonutrisense/backend/vendor/laravel/framework/src/Illuminate/Pipeline/Pipeline.php:184)
[stacktrace]
#0 C:/Users/Sandy/Psikonutrisense/backend/vendor/laravel/framework/src/Illuminate/Routing/Middleware/SubstituteBindings.php(50): Illuminate/Pipeline/Pipeline->Illuminate/Pipeline/{closure}(Object(Illuminate/Http/Request))
#1 C:/Users/Sandy/Psikonutrisense/backend/vendor/laravel/framework/src/Illuminate/Pipeline/Pipeline.php(183): Illuminate/Routing/Middleware/SubstituteBindings->handle(Object(Illuminate/Http/Request), Object(Closure))
#2 C:/Users/Sandy/Psikonutrisense/backend/vendor/laravel/framework/src/Illuminate/Pipeline/Pipeline.php(119): Illuminate/Pipeline/Pipeline->Illuminate/Pipeline/{closure}(Object(Illuminate/Http/Request))
#3 C:/Users/Sandy/Psikonutrisense/backend/vendor/laravel/framework/src/Illuminate/Routing/Router.php(807): Illuminate/Pipeline/Pipeline->then(Object(Closure))
#4 C:/Users/Sandy/Psikonutrisense/backend/vendor/laravel/framework/src/Illuminate/Routing/Router.php(784): Illuminate/Routing/Router->runRouteWithinStack(Object(Illuminate/Routing/Route), Object(Illuminate/Http/Request))
#5 C:/Users/Sandy/Psikonutrisense/backend/vendor/laravel/framework/src/Illuminate/Routing/Router.php(748): Illuminate/Routing/Router->runRoute(Object(Illuminate/Http/Request), Object(Illuminate/Routing/Route))
#6 C:/Users/Sandy/Psikonutrisense/backend/vendor/laravel/framework/src/Illuminate/Routing/Router.php(737): Illuminate/Routing/Router->dispatchToRoute(Object(Illuminate/Http/Request))
#7 C:/Users/Sandy/Psikonutrisense/backend/vendor/laravel/framework/src/Illuminate/Foundation/Http/Kernel.php(200): Illuminate/Routing/Router->dispatch(Object(Illuminate/Http/Request))
#8 C:/Users/Sandy/Psikonutrisense/backend/vendor/laravel/framework/src/Illuminate/Pipeline/Pipeline.php(144): Illuminate/Foundation/Http/Kernel->Illuminate/Foundation/Http/{closure}(Object(Illuminate/Http/Request))
#9 C:/Users/Sandy/Psikonutrisense/backend/vendor/laravel/framework/src/Illuminate/Foundation/Http/Middleware/TransformsRequest.php(21): Illuminate/Pipeline/Pipeline->Illuminate/Pipeline/{closure}(Object(Illuminate/Http/Request))
#10 C:/Users/Sandy/Psikonutrisense/backend/vendor/laravel/framework/src/Illuminate/Foundation/Http/Middleware/ConvertEmptyStringsToNull.php(31): Illuminate/Foundation/Http/Middleware/TransformsRequest->handle(Object(Illuminate/Http/Request), Object(Closure))
#11 C:/Users/Sandy/Psikonutrisense/backend/vendor/laravel/framework/src/Illuminate/Pipeline/Pipeline.php(183): Illuminate/Foundation/Http/Middleware/ConvertEmptyStringsToNull->handle(Object(Illuminate/Http/Request), Object(Closure))
#12 C:/Users/Sandy/Psikonutrisense/backend/vendor/laravel/framework/src/Illuminate/Foundation/Http/Middleware/ValidatePostSize.php(27): Illuminate/Pipeline/Pipeline->Illuminate/Pipeline/{closure}(Object(Illuminate/Http/Request))
#13 C:/Users/Sandy/Psikonutrisense/backend/vendor/laravel/framework/src/Illuminate/Pipeline/Pipeline.php(183): Illuminate/Foundation/Http/Middleware/ValidatePostSize->handle(Object(Illuminate/Http/Request), Object(Closure))
#14 C:/Users/Sandy/Psikonutrisense/backend/vendor/laravel/framework/src/Illuminate/Pipeline/Pipeline.php(119): Illuminate/Pipeline/Pipeline->Illuminate/Pipeline/{closure}(Object(Illuminate/Http/Request))
#15 C:/Users/Sandy/Psikonutrisense/backend/vendor/laravel/framework/src/Illuminate/Foundation/Http/Kernel.php(175): Illuminate/Pipeline/Pipeline->then(Object(Closure))
#16 C:/Users/Sandy/Psikonutrisense/backend/vendor/laravel/framework/src/Illuminate/Foundation/Http/Kernel.php(144): Illuminate/Foundation/Http/Kernel->sendRequestThroughRouter(Object(Illuminate/Http/Request))
#17 C:/Users/Sandy/Psikonutrisense/backend/public/index.php(19): Illuminate/Foundation/Http/Kernel->handle(Object(Illuminate/Http/Request))
#18 C:/Users/Sandy/Psikonutrisense/backend/server.php(11): require_once('C://Users//Sandy//...')
#19 {main}
"} 
[2026-09-21 00:47:05] local.ERROR: Object of type Illuminate\Auth\AuthManager is not callable {"exception":"[object] (Error(code: 0): Object of type Illuminate\\Auth\\AuthManager is not callable at C:/Users/Sandy/Psikonutrisense/backend/vendor/laravel/framework/src/Illuminate/Pipeline/Pipeline.php:184)
[stacktrace]
#0 C:/Users/Sandy/Psikonutrisense/backend/vendor/laravel/framework/src/Illuminate/Routing/Middleware/SubstituteBindings.php(50): Illuminate/Pipeline/Pipeline->Illuminate/Pipeline/{closure}(Object(Illuminate/Http/Request))
#1 C:/Users/Sandy/Psikonutrisense/backend/vendor/laravel/framework/src/Illuminate/Pipeline/Pipeline.php(183): Illuminate/Routing/Middleware/SubstituteBindings->handle(Object(Illuminate/Http/Request), Object(Closure))
#2 C:/Users/Sandy/Psikonutrisense/backend/vendor/laravel/framework/src/Illuminate/Pipeline/Pipeline.php(119): Illuminate/Pipeline/Pipeline->Illuminate/Pipeline/{closure}(Object(Illuminate/Http/Request))
#3 C:/Users/Sandy/Psikonutrisense/backend/vendor/laravel/framework/src/Illuminate/Routing/Router.php(807): Illuminate/Pipeline/Pipeline->then(Object(Closure))
#4 C:/Users/Sandy/Psikonutrisense/backend/vendor/laravel/framework/src/Illuminate/Routing/Router.php(784): Illuminate/Routing/Router->runRouteWithinStack(Object(Illuminate/Routing/Route), Object(Illuminate/Http/Request))
#5 C:/Users/Sandy/Psikonutrisense/backend/vendor/laravel/framework/src/Illuminate/Routing/Router.php(748): Illuminate/Routing/Router->runRoute(Object(Illuminate/Http/Request), Object(Illuminate/Routing/Route))
#6 C:/Users/Sandy/Psikonutrisense/backend/vendor/laravel/framework/src/Illuminate/Routing/Router.php(737): Illuminate/Routing/Router->dispatchToRoute(Object(Illuminate/Http/Request))
#7 C:/Users/Sandy/Psikonutrisense/backend/vendor/laravel/framework/src/Illuminate/Foundation/Http/Kernel.php(200): Illuminate/Routing/Router->dispatch(Object(Illuminate/Http/Request))
#8 C:/Users/Sandy/Psikonutrisense/backend/vendor/laravel/framework/src/Illuminate/Pipeline/Pipeline.php(144): Illuminate/Foundation/Http/Kernel->Illuminate/Foundation/Http/{closure}(Object(Illuminate/Http/Request))
#9 C:/Users/Sandy/Psikonutrisense/backend/vendor/laravel/framework/src/Illuminate/Foundation/Http/Middleware/TransformsRequest.php(21): Illuminate/Pipeline/Pipeline->Illuminate/Pipeline/{closure}(Object(Illuminate/Http/Request))
#10 C:/Users/Sandy/Psikonutrisense/backend/vendor/laravel/framework/src/Illuminate/Foundation/Http/Middleware/ConvertEmptyStringsToNull.php(31): Illuminate/Foundation/Http/Middleware/TransformsRequest->handle(Object(Illuminate/Http/Request), Object(Closure))
#11 C:/Users/Sandy/Psikonutrisense/backend/vendor/laravel/framework/src/Illuminate/Pipeline/Pipeline.php(183): Illuminate/Foundation/Http/Middleware/ConvertEmptyStringsToNull->handle(Object(Illuminate/Http/Request), Object(Closure))
#12 C:/Users/Sandy/Psikonutrisense/backend/vendor/laravel/framework/src/Illuminate/Foundation/Http/Middleware/ValidatePostSize.php(27): Illuminate/Pipeline/Pipeline->Illuminate/Pipeline/{closure}(Object(Illuminate/Http/Request))
#13 C:/Users/Sandy/Psikonutrisense/backend/vendor/laravel/framework/src/Illuminate/Pipeline/Pipeline.php(183): Illuminate/Foundation/Http/Middleware/ValidatePostSize->handle(Object(Illuminate/Http/Request), Object(Closure))
#14 C:/Users/Sandy/Psikonutrisense/backend/vendor/laravel/framework/src/Illuminate/Pipeline/Pipeline.php(119): Illuminate/Pipeline/Pipeline->Illuminate/Pipeline/{closure}(Object(Illuminate/Http/Request))
#15 C:/Users/Sandy/Psikonutrisense/backend/vendor/laravel/framework/src/Illuminate/Foundation/Http/Kernel.php(175): Illuminate/Pipeline/Pipeline->then(Object(Closure))
#16 C:/Users/Sandy/Psikonutrisense/backend/vendor/laravel/framework/src/Illuminate/Foundation/Http/Kernel.php(144): Illuminate/Foundation/Http/Kernel->sendRequestThroughRouter(Object(Illuminate/Http/Request))
#17 C:/Users/Sandy/Psikonutrisense/backend/public/index.php(19): Illuminate/Foundation/Http/Kernel->handle(Object(Illuminate/Http/Request))
#18 C:/Users/Sandy/Psikonutrisense/backend/server.php(11): require_once('C://Users//Sandy//...')
#19 {main}
"} 
[2026-09-21 00:47:08] local.ERROR: Object of type Illuminate\Auth\AuthManager is not callable {"exception":"[object] (Error(code: 0): Object of type Illuminate\\Auth\\AuthManager is not callable at C:/Users/Sandy/Psikonutrisense/backend/vendor/laravel/framework/src/Illuminate/Pipeline/Pipeline.php:184)
[stacktrace]
#0 C:/Users/Sandy/Psikonutrisense/backend/vendor/laravel/framework/src/Illuminate/Routing/Middleware/SubstituteBindings.php(50): Illuminate/Pipeline/Pipeline->Illuminate/Pipeline/{closure}(Object(Illuminate/Http/Request))
#1 C:/Users/Sandy/Psikonutrisense/backend/vendor/laravel/framework/src/Illuminate/Pipeline/Pipeline.php(183): Illuminate/Routing/Middleware/SubstituteBindings->handle(Object(Illuminate/Http/Request), Object(Closure))
#2 C:/Users/Sandy/Psikonutrisense/backend/vendor/laravel/framework/src/Illuminate/Pipeline/Pipeline.php(119): Illuminate/Pipeline/Pipeline->Illuminate/Pipeline/{closure}(Object(Illuminate/Http/Request))
#3 C:/Users/Sandy/Psikonutrisense/backend/vendor/laravel/framework/src/Illuminate/Routing/Router.php(807): Illuminate/Pipeline/Pipeline->then(Object(Closure))
#4 C:/Users/Sandy/Psikonutrisense/backend/vendor/laravel/framework/src/Illuminate/Routing/Router.php(784): Illuminate/Routing/Router->runRouteWithinStack(Object(Illuminate/Routing/Route), Object(Illuminate/Http/Request))
#5 C:/Users/Sandy/Psikonutrisense/backend/vendor/laravel/framework/src/Illuminate/Routing/Router.php(748): Illuminate/Routing/Router->runRoute(Object(Illuminate/Http/Request), Object(Illuminate/Routing/Route))
#6 C:/Users/Sandy/Psikonutrisense/backend/vendor/laravel/framework/src/Illuminate/Routing/Router.php(737): Illuminate/Routing/Router->dispatchToRoute(Object(Illuminate/Http/Request))
#7 C:/Users/Sandy/Psikonutrisense/backend/vendor/laravel/framework/src/Illuminate/Foundation/Http/Kernel.php(200): Illuminate/Routing/Router->dispatch(Object(Illuminate/Http/Request))
#8 C:/Users/Sandy/Psikonutrisense/backend/vendor/laravel/framework/src/Illuminate/Pipeline/Pipeline.php(144): Illuminate/Foundation/Http/Kernel->Illuminate/Foundation/Http/{closure}(Object(Illuminate/Http/Request))
#9 C:/Users/Sandy/Psikonutrisense/backend/vendor/laravel/framework/src/Illuminate/Foundation/Http/Middleware/TransformsRequest.php(21): Illuminate/Pipeline/Pipeline->Illuminate/Pipeline/{closure}(Object(Illuminate/Http/Request))
#10 C:/Users/Sandy/Psikonutrisense/backend/vendor/laravel/framework/src/Illuminate/Foundation/Http/Middleware/ConvertEmptyStringsToNull.php(31): Illuminate/Foundation/Http/Middleware/TransformsRequest->handle(Object(Illuminate/Http/Request), Object(Closure))
#11 C:/Users/Sandy/Psikonutrisense/backend/vendor/laravel/framework/src/Illuminate/Pipeline/Pipeline.php(183): Illuminate/Foundation/Http/Middleware/ConvertEmptyStringsToNull->handle(Object(Illuminate/Http/Request), Object(Closure))
#12 C:/Users/Sandy/Psikonutrisense/backend/vendor/laravel/framework/src/Illuminate/Foundation/Http/Middleware/ValidatePostSize.php(27): Illuminate/Pipeline/Pipeline->Illuminate/Pipeline/{closure}(Object(Illuminate/Http/Request))
#13 C:/Users/Sandy/Psikonutrisense/backend/vendor/laravel/framework/src/Illuminate/Pipeline/Pipeline.php(183): Illuminate/Foundation/Http/Middleware/ValidatePostSize->handle(Object(Illuminate/Http/Request), Object(Closure))
#14 C:/Users/Sandy/Psikonutrisense/backend/vendor/laravel/framework/src/Illuminate/Pipeline/Pipeline.php(119): Illuminate/Pipeline/Pipeline->Illuminate/Pipeline/{closure}(Object(Illuminate/Http/Request))
#15 C:/Users/Sandy/Psikonutrisense/backend/vendor/laravel/framework/src/Illuminate/Foundation/Http/Kernel.php(175): Illuminate/Pipeline/Pipeline->then(Object(Closure))
#16 C:/Users/Sandy/Psikonutrisense/backend/vendor/laravel/framework/src/Illuminate/Foundation/Http/Kernel.php(144): Illuminate/Foundation/Http/Kernel->sendRequestThroughRouter(Object(Illuminate/Http/Request))
#17 C:/Users/Sandy/Psikonutrisense/backend/public/index.php(19): Illuminate/Foundation/Http/Kernel->handle(Object(Illuminate/Http/Request))
#18 C:/Users/Sandy/Psikonutrisense/backend/server.php(11): require_once('C://Users//Sandy//...')
#19 {main}
"} 
[2026-09-21 00:47:18] local.ERROR: Object of type Illuminate\Auth\AuthManager is not callable {"exception":"[object] (Error(code: 0): Object of type Illuminate\\Auth\\AuthManager is not callable at C:/Users/Sandy/Psikonutrisense/backend/vendor/laravel/framework/src/Illuminate/Pipeline/Pipeline.php:184)
[stacktrace]
#0 C:/Users/Sandy/Psikonutrisense/backend/vendor/laravel/framework/src/Illuminate/Routing/Middleware/SubstituteBindings.php(50): Illuminate/Pipeline/Pipeline->Illuminate/Pipeline/{closure}(Object(Illuminate/Http/Request))
#1 C:/Users/Sandy/Psikonutrisense/backend/vendor/laravel/framework/src/Illuminate/Pipeline/Pipeline.php(183): Illuminate/Routing/Middleware/SubstituteBindings->handle(Object(Illuminate/Http/Request), Object(Closure))
#2 C:/Users/Sandy/Psikonutrisense/backend/vendor/laravel/framework/src/Illuminate/Pipeline/Pipeline.php(119): Illuminate/Pipeline/Pipeline->Illuminate/Pipeline/{closure}(Object(Illuminate/Http/Request))
#3 C:/Users/Sandy/Psikonutrisense/backend/vendor/laravel/framework/src/Illuminate/Routing/Router.php(807): Illuminate/Pipeline/Pipeline->then(Object(Closure))
#4 C:/Users/Sandy/Psikonutrisense/backend/vendor/laravel/framework/src/Illuminate/Routing/Router.php(784): Illuminate/Routing/Router->runRouteWithinStack(Object(Illuminate/Routing/Route), Object(Illuminate/Http/Request))
#5 C:/Users/Sandy/Psikonutrisense/backend/vendor/laravel/framework/src/Illuminate/Routing/Router.php(748): Illuminate/Routing/Router->runRoute(Object(Illuminate/Http/Request), Object(Illuminate/Routing/Route))
#6 C:/Users/Sandy/Psikonutrisense/backend/vendor/laravel/framework/src/Illuminate/Routing/Router.php(737): Illuminate/Routing/Router->dispatchToRoute(Object(Illuminate/Http/Request))
#7 C:/Users/Sandy/Psikonutrisense/backend/vendor/laravel/framework/src/Illuminate/Foundation/Http/Kernel.php(200): Illuminate/Routing/Router->dispatch(Object(Illuminate/Http/Request))
#8 C:/Users/Sandy/Psikonutrisense/backend/vendor/laravel/framework/src/Illuminate/Pipeline/Pipeline.php(144): Illuminate/Foundation/Http/Kernel->Illuminate/Foundation/Http/{closure}(Object(Illuminate/Http/Request))
#9 C:/Users/Sandy/Psikonutrisense/backend/vendor/laravel/framework/src/Illuminate/Foundation/Http/Middleware/TransformsRequest.php(21): Illuminate/Pipeline/Pipeline->Illuminate/Pipeline/{closure}(Object(Illuminate/Http/Request))
#10 C:/Users/Sandy/Psikonutrisense/backend/vendor/laravel/framework/src/Illuminate/Foundation/Http/Middleware/ConvertEmptyStringsToNull.php(31): Illuminate/Foundation/Http/Middleware/TransformsRequest->handle(Object(Illuminate/Http/Request), Object(Closure))
#11 C:/Users/Sandy/Psikonutrisense/backend/vendor/laravel/framework/src/Illuminate/Pipeline/Pipeline.php(183): Illuminate/Foundation/Http/Middleware/ConvertEmptyStringsToNull->handle(Object(Illuminate/Http/Request), Object(Closure))
#12 C:/Users/Sandy/Psikonutrisense/backend/vendor/laravel/framework/src/Illuminate/Foundation/Http/Middleware/ValidatePostSize.php(27): Illuminate/Pipeline/Pipeline->Illuminate/Pipeline/{closure}(Object(Illuminate/Http/Request))
#13 C:/Users/Sandy/Psikonutrisense/backend/vendor/laravel/framework/src/Illuminate/Pipeline/Pipeline.php(183): Illuminate/Foundation/Http/Middleware/ValidatePostSize->handle(Object(Illuminate/Http/Request), Object(Closure))
#14 C:/Users/Sandy/Psikonutrisense/backend/vendor/laravel/framework/src/Illuminate/Pipeline/Pipeline.php(119): Illuminate/Pipeline/Pipeline->Illuminate/Pipeline/{closure}(Object(Illuminate/Http/Request))
#15 C:/Users/Sandy/Psikonutrisense/backend/vendor/laravel/framework/src/Illuminate/Foundation/Http/Kernel.php(175): Illuminate/Pipeline/Pipeline->then(Object(Closure))
#16 C:/Users/Sandy/Psikonutrisense/backend/vendor/laravel/framework/src/Illuminate/Foundation/Http/Kernel.php(144): Illuminate/Foundation/Http/Kernel->sendRequestThroughRouter(Object(Illuminate/Http/Request))
#17 C:/Users/Sandy/Psikonutrisense/backend/public/index.php(19): Illuminate/Foundation/Http/Kernel->handle(Object(Illuminate/Http/Request))
#18 C:/Users/Sandy/Psikonutrisense/backend/server.php(11): require_once('C://Users//Sandy//...')
#19 {main}
"} 
[2026-09-21 00:47:45] local.ERROR: Object of type Illuminate\Auth\AuthManager is not callable {"exception":"[object] (Error(code: 0): Object of type Illuminate\\Auth\\AuthManager is not callable at C:/Users/Sandy/Psikonutrisense/backend/vendor/laravel/framework/src/Illuminate/Pipeline/Pipeline.php:184)
[stacktrace]
#0 C:/Users/Sandy/Psikonutrisense/backend/vendor/laravel/framework/src/Illuminate/Routing/Middleware/SubstituteBindings.php(50): Illuminate/Pipeline/Pipeline->Illuminate/Pipeline/{closure}(Object(Illuminate/Http/Request))
#1 C:/Users/Sandy/Psikonutrisense/backend/vendor/laravel/framework/src/Illuminate/Pipeline/Pipeline.php(183): Illuminate/Routing/Middleware/SubstituteBindings->handle(Object(Illuminate/Http/Request), Object(Closure))
#2 C:/Users/Sandy/Psikonutrisense/backend/vendor/laravel/framework/src/Illuminate/Pipeline/Pipeline.php(119): Illuminate/Pipeline/Pipeline->Illuminate/Pipeline/{closure}(Object(Illuminate/Http/Request))
#3 C:/Users/Sandy/Psikonutrisense/backend/vendor/laravel/framework/src/Illuminate/Routing/Router.php(807): Illuminate/Pipeline/Pipeline->then(Object(Closure))
#4 C:/Users/Sandy/Psikonutrisense/backend/vendor/laravel/framework/src/Illuminate/Routing/Router.php(784): Illuminate/Routing/Router->runRouteWithinStack(Object(Illuminate/Routing/Route), Object(Illuminate/Http/Request))
#5 C:/Users/Sandy/Psikonutrisense/backend/vendor/laravel/framework/src/Illuminate/Routing/Router.php(748): Illuminate/Routing/Router->runRoute(Object(Illuminate/Http/Request), Object(Illuminate/Routing/Route))
#6 C:/Users/Sandy/Psikonutrisense/backend/vendor/laravel/framework/src/Illuminate/Routing/Router.php(737): Illuminate/Routing/Router->dispatchToRoute(Object(Illuminate/Http/Request))
#7 C:/Users/Sandy/Psikonutrisense/backend/vendor/laravel/framework/src/Illuminate/Foundation/Http/Kernel.php(200): Illuminate/Routing/Router->dispatch(Object(Illuminate/Http/Request))
#8 C:/Users/Sandy/Psikonutrisense/backend/vendor/laravel/framework/src/Illuminate/Pipeline/Pipeline.php(144): Illuminate/Foundation/Http/Kernel->Illuminate/Foundation/Http/{closure}(Object(Illuminate/Http/Request))
#9 C:/Users/Sandy/Psikonutrisense/backend/vendor/laravel/framework/src/Illuminate/Foundation/Http/Middleware/TransformsRequest.php(21): Illuminate/Pipeline/Pipeline->Illuminate/Pipeline/{closure}(Object(Illuminate/Http/Request))
#10 C:/Users/Sandy/Psikonutrisense/backend/vendor/laravel/framework/src/Illuminate/Foundation/Http/Middleware/ConvertEmptyStringsToNull.php(31): Illuminate/Foundation/Http/Middleware/TransformsRequest->handle(Object(Illuminate/Http/Request), Object(Closure))
#11 C:/Users/Sandy/Psikonutrisense/backend/vendor/laravel/framework/src/Illuminate/Pipeline/Pipeline.php(183): Illuminate/Foundation/Http/Middleware/ConvertEmptyStringsToNull->handle(Object(Illuminate/Http/Request), Object(Closure))
#12 C:/Users/Sandy/Psikonutrisense/backend/vendor/laravel/framework/src/Illuminate/Foundation/Http/Middleware/ValidatePostSize.php(27): Illuminate/Pipeline/Pipeline->Illuminate/Pipeline/{closure}(Object(Illuminate/Http/Request))
#13 C:/Users/Sandy/Psikonutrisense/backend/vendor/laravel/framework/src/Illuminate/Pipeline/Pipeline.php(183): Illuminate/Foundation/Http/Middleware/ValidatePostSize->handle(Object(Illuminate/Http/Request), Object(Closure))
#14 C:/Users/Sandy/Psikonutrisense/backend/vendor/laravel/framework/src/Illuminate/Pipeline/Pipeline.php(119): Illuminate/Pipeline/Pipeline->Illuminate/Pipeline/{closure}(Object(Illuminate/Http/Request))
#15 C:/Users/Sandy/Psikonutrisense/backend/vendor/laravel/framework/src/Illuminate/Foundation/Http/Kernel.php(175): Illuminate/Pipeline/Pipeline->then(Object(Closure))
#16 C:/Users/Sandy/Psikonutrisense/backend/vendor/laravel/framework/src/Illuminate/Foundation/Http/Kernel.php(144): Illuminate/Foundation/Http/Kernel->sendRequestThroughRouter(Object(Illuminate/Http/Request))
#17 C:/Users/Sandy/Psikonutrisense/backend/public/index.php(19): Illuminate/Foundation/Http/Kernel->handle(Object(Illuminate/Http/Request))
#18 C:/Users/Sandy/Psikonutrisense/backend/server.php(11): require_once('C://Users//Sandy//...')
#19 {main}
"} 
[2026-09-21 00:48:26] local.ERROR: Object of type Illuminate\Auth\AuthManager is not callable {"exception":"[object] (Error(code: 0): Object of type Illuminate\\Auth\\AuthManager is not callable at C:/Users/Sandy/Psikonutrisense/backend/vendor/laravel/framework/src/Illuminate/Pipeline/Pipeline.php:184)
[stacktrace]
#0 C:/Users/Sandy/Psikonutrisense/backend/vendor/laravel/framework/src/Illuminate/Routing/Middleware/SubstituteBindings.php(50): Illuminate/Pipeline/Pipeline->Illuminate/Pipeline/{closure}(Object(Illuminate/Http/Request))
#1 C:/Users/Sandy/Psikonutrisense/backend/vendor/laravel/framework/src/Illuminate/Pipeline/Pipeline.php(183): Illuminate/Routing/Middleware/SubstituteBindings->handle(Object(Illuminate/Http/Request), Object(Closure))
#2 C:/Users/Sandy/Psikonutrisense/backend/vendor/laravel/framework/src/Illuminate/Pipeline/Pipeline.php(119): Illuminate/Pipeline/Pipeline->Illuminate/Pipeline/{closure}(Object(Illuminate/Http/Request))
#3 C:/Users/Sandy/Psikonutrisense/backend/vendor/laravel/framework/src/Illuminate/Routing/Router.php(807): Illuminate/Pipeline/Pipeline->then(Object(Closure))
#4 C:/Users/Sandy/Psikonutrisense/backend/vendor/laravel/framework/src/Illuminate/Routing/Router.php(784): Illuminate/Routing/Router->runRouteWithinStack(Object(Illuminate/Routing/Route), Object(Illuminate/Http/Request))
#5 C:/Users/Sandy/Psikonutrisense/backend/vendor/laravel/framework/src/Illuminate/Routing/Router.php(748): Illuminate/Routing/Router->runRoute(Object(Illuminate/Http/Request), Object(Illuminate/Routing/Route))
#6 C:/Users/Sandy/Psikonutrisense/backend/vendor/laravel/framework/src/Illuminate/Routing/Router.php(737): Illuminate/Routing/Router->dispatchToRoute(Object(Illuminate/Http/Request))
#7 C:/Users/Sandy/Psikonutrisense/backend/vendor/laravel/framework/src/Illuminate/Foundation/Http/Kernel.php(200): Illuminate/Routing/Router->dispatch(Object(Illuminate/Http/Request))
#8 C:/Users/Sandy/Psikonutrisense/backend/vendor/laravel/framework/src/Illuminate/Pipeline/Pipeline.php(144): Illuminate/Foundation/Http/Kernel->Illuminate/Foundation/Http/{closure}(Object(Illuminate/Http/Request))
#9 C:/Users/Sandy/Psikonutrisense/backend/vendor/laravel/framework/src/Illuminate/Foundation/Http/Middleware/TransformsRequest.php(21): Illuminate/Pipeline/Pipeline->Illuminate/Pipeline/{closure}(Object(Illuminate/Http/Request))
#10 C:/Users/Sandy/Psikonutrisense/backend/vendor/laravel/framework/src/Illuminate/Foundation/Http/Middleware/ConvertEmptyStringsToNull.php(31): Illuminate/Foundation/Http/Middleware/TransformsRequest->handle(Object(Illuminate/Http/Request), Object(Closure))
#11 C:/Users/Sandy/Psikonutrisense/backend/vendor/laravel/framework/src/Illuminate/Pipeline/Pipeline.php(183): Illuminate/Foundation/Http/Middleware/ConvertEmptyStringsToNull->handle(Object(Illuminate/Http/Request), Object(Closure))
#12 C:/Users/Sandy/Psikonutrisense/backend/vendor/laravel/framework/src/Illuminate/Foundation/Http/Middleware/ValidatePostSize.php(27): Illuminate/Pipeline/Pipeline->Illuminate/Pipeline/{closure}(Object(Illuminate/Http/Request))
#13 C:/Users/Sandy/Psikonutrisense/backend/vendor/laravel/framework/src/Illuminate/Pipeline/Pipeline.php(183): Illuminate/Foundation/Http/Middleware/ValidatePostSize->handle(Object(Illuminate/Http/Request), Object(Closure))
#14 C:/Users/Sandy/Psikonutrisense/backend/vendor/laravel/framework/src/Illuminate/Pipeline/Pipeline.php(119): Illuminate/Pipeline/Pipeline->Illuminate/Pipeline/{closure}(Object(Illuminate/Http/Request))
#15 C:/Users/Sandy/Psikonutrisense/backend/vendor/laravel/framework/src/Illuminate/Foundation/Http/Kernel.php(175): Illuminate/Pipeline/Pipeline->then(Object(Closure))
#16 C:/Users/Sandy/Psikonutrisense/backend/vendor/laravel/framework/src/Illuminate/Foundation/Http/Kernel.php(144): Illuminate/Foundation/Http/Kernel->sendRequestThroughRouter(Object(Illuminate/Http/Request))
#17 C:/Users/Sandy/Psikonutrisense/backend/public/index.php(19): Illuminate/Foundation/Http/Kernel->handle(Object(Illuminate/Http/Request))
#18 C:/Users/Sandy/Psikonutrisense/backend/server.php(11): require_once('C://Users//Sandy//...')
#19 {main}
"} 
[2026-09-21 00:48:27] local.ERROR: Object of type Illuminate\Auth\AuthManager is not callable {"exception":"[object] (Error(code: 0): Object of type Illuminate\\Auth\\AuthManager is not callable at C:/Users/Sandy/Psikonutrisense/backend/vendor/laravel/framework/src/Illuminate/Pipeline/Pipeline.php:184)
[stacktrace]
#0 C:/Users/Sandy/Psikonutrisense/backend/vendor/laravel/framework/src/Illuminate/Routing/Middleware/SubstituteBindings.php(50): Illuminate/Pipeline/Pipeline->Illuminate/Pipeline/{closure}(Object(Illuminate/Http/Request))
#1 C:/Users/Sandy/Psikonutrisense/backend/vendor/laravel/framework/src/Illuminate/Pipeline/Pipeline.php(183): Illuminate/Routing/Middleware/SubstituteBindings->handle(Object(Illuminate/Http/Request), Object(Closure))
#2 C:/Users/Sandy/Psikonutrisense/backend/vendor/laravel/framework/src/Illuminate/Pipeline/Pipeline.php(119): Illuminate/Pipeline/Pipeline->Illuminate/Pipeline/{closure}(Object(Illuminate/Http/Request))
#3 C:/Users/Sandy/Psikonutrisense/backend/vendor/laravel/framework/src/Illuminate/Routing/Router.php(807): Illuminate/Pipeline/Pipeline->then(Object(Closure))
#4 C:/Users/Sandy/Psikonutrisense/backend/vendor/laravel/framework/src/Illuminate/Routing/Router.php(784): Illuminate/Routing/Router->runRouteWithinStack(Object(Illuminate/Routing/Route), Object(Illuminate/Http/Request))
#5 C:/Users/Sandy/Psikonutrisense/backend/vendor/laravel/framework/src/Illuminate/Routing/Router.php(748): Illuminate/Routing/Router->runRoute(Object(Illuminate/Http/Request), Object(Illuminate/Routing/Route))
#6 C:/Users/Sandy/Psikonutrisense/backend/vendor/laravel/framework/src/Illuminate/Routing/Router.php(737): Illuminate/Routing/Router->dispatchToRoute(Object(Illuminate/Http/Request))
#7 C:/Users/Sandy/Psikonutrisense/backend/vendor/laravel/framework/src/Illuminate/Foundation/Http/Kernel.php(200): Illuminate/Routing/Router->dispatch(Object(Illuminate/Http/Request))
#8 C:/Users/Sandy/Psikonutrisense/backend/vendor/laravel/framework/src/Illuminate/Pipeline/Pipeline.php(144): Illuminate/Foundation/Http/Kernel->Illuminate/Foundation/Http/{closure}(Object(Illuminate/Http/Request))
#9 C:/Users/Sandy/Psikonutrisense/backend/vendor/laravel/framework/src/Illuminate/Foundation/Http/Middleware/TransformsRequest.php(21): Illuminate/Pipeline/Pipeline->Illuminate/Pipeline/{closure}(Object(Illuminate/Http/Request))
#10 C:/Users/Sandy/Psikonutrisense/backend/vendor/laravel/framework/src/Illuminate/Foundation/Http/Middleware/ConvertEmptyStringsToNull.php(31): Illuminate/Foundation/Http/Middleware/TransformsRequest->handle(Object(Illuminate/Http/Request), Object(Closure))
#11 C:/Users/Sandy/Psikonutrisense/backend/vendor/laravel/framework/src/Illuminate/Pipeline/Pipeline.php(183): Illuminate/Foundation/Http/Middleware/ConvertEmptyStringsToNull->handle(Object(Illuminate/Http/Request), Object(Closure))
#12 C:/Users/Sandy/Psikonutrisense/backend/vendor/laravel/framework/src/Illuminate/Foundation/Http/Middleware/ValidatePostSize.php(27): Illuminate/Pipeline/Pipeline->Illuminate/Pipeline/{closure}(Object(Illuminate/Http/Request))
#13 C:/Users/Sandy/Psikonutrisense/backend/vendor/laravel/framework/src/Illuminate/Pipeline/Pipeline.php(183): Illuminate/Foundation/Http/Middleware/ValidatePostSize->handle(Object(Illuminate/Http/Request), Object(Closure))
#14 C:/Users/Sandy/Psikonutrisense/backend/vendor/laravel/framework/src/Illuminate/Pipeline/Pipeline.php(119): Illuminate/Pipeline/Pipeline->Illuminate/Pipeline/{closure}(Object(Illuminate/Http/Request))
#15 C:/Users/Sandy/Psikonutrisense/backend/vendor/laravel/framework/src/Illuminate/Foundation/Http/Kernel.php(175): Illuminate/Pipeline/Pipeline->then(Object(Closure))
#16 C:/Users/Sandy/Psikonutrisense/backend/vendor/laravel/framework/src/Illuminate/Foundation/Http/Kernel.php(144): Illuminate/Foundation/Http/Kernel->sendRequestThroughRouter(Object(Illuminate/Http/Request))
#17 C:/Users/Sandy/Psikonutrisense/backend/public/index.php(19): Illuminate/Foundation/Http/Kernel->handle(Object(Illuminate/Http/Request))
#18 C:/Users/Sandy/Psikonutrisense/backend/server.php(11): require_once('C://Users//Sandy//...')
#19 {main}
"} 
[2026-09-21 00:48:28] local.ERROR: Object of type Illuminate\Auth\AuthManager is not callable {"exception":"[object] (Error(code: 0): Object of type Illuminate\\Auth\\AuthManager is not callable at C:/Users/Sandy/Psikonutrisense/backend/vendor/laravel/framework/src/Illuminate/Pipeline/Pipeline.php:184)
[stacktrace]
#0 C:/Users/Sandy/Psikonutrisense/backend/vendor/laravel/framework/src/Illuminate/Routing/Middleware/SubstituteBindings.php(50): Illuminate/Pipeline/Pipeline->Illuminate/Pipeline/{closure}(Object(Illuminate/Http/Request))
#1 C:/Users/Sandy/Psikonutrisense/backend/vendor/laravel/framework/src/Illuminate/Pipeline/Pipeline.php(183): Illuminate/Routing/Middleware/SubstituteBindings->handle(Object(Illuminate/Http/Request), Object(Closure))
#2 C:/Users/Sandy/Psikonutrisense/backend/vendor/laravel/framework/src/Illuminate/Pipeline/Pipeline.php(119): Illuminate/Pipeline/Pipeline->Illuminate/Pipeline/{closure}(Object(Illuminate/Http/Request))
#3 C:/Users/Sandy/Psikonutrisense/backend/vendor/laravel/framework/src/Illuminate/Routing/Router.php(807): Illuminate/Pipeline/Pipeline->then(Object(Closure))
#4 C:/Users/Sandy/Psikonutrisense/backend/vendor/laravel/framework/src/Illuminate/Routing/Router.php(784): Illuminate/Routing/Router->runRouteWithinStack(Object(Illuminate/Routing/Route), Object(Illuminate/Http/Request))
#5 C:/Users/Sandy/Psikonutrisense/backend/vendor/laravel/framework/src/Illuminate/Routing/Router.php(748): Illuminate/Routing/Router->runRoute(Object(Illuminate/Http/Request), Object(Illuminate/Routing/Route))
#6 C:/Users/Sandy/Psikonutrisense/backend/vendor/laravel/framework/src/Illuminate/Routing/Router.php(737): Illuminate/Routing/Router->dispatchToRoute(Object(Illuminate/Http/Request))
#7 C:/Users/Sandy/Psikonutrisense/backend/vendor/laravel/framework/src/Illuminate/Foundation/Http/Kernel.php(200): Illuminate/Routing/Router->dispatch(Object(Illuminate/Http/Request))
#8 C:/Users/Sandy/Psikonutrisense/backend/vendor/laravel/framework/src/Illuminate/Pipeline/Pipeline.php(144): Illuminate/Foundation/Http/Kernel->Illuminate/Foundation/Http/{closure}(Object(Illuminate/Http/Request))
#9 C:/Users/Sandy/Psikonutrisense/backend/vendor/laravel/framework/src/Illuminate/Foundation/Http/Middleware/TransformsRequest.php(21): Illuminate/Pipeline/Pipeline->Illuminate/Pipeline/{closure}(Object(Illuminate/Http/Request))
#10 C:/Users/Sandy/Psikonutrisense/backend/vendor/laravel/framework/src/Illuminate/Foundation/Http/Middleware/ConvertEmptyStringsToNull.php(31): Illuminate/Foundation/Http/Middleware/TransformsRequest->handle(Object(Illuminate/Http/Request), Object(Closure))
#11 C:/Users/Sandy/Psikonutrisense/backend/vendor/laravel/framework/src/Illuminate/Pipeline/Pipeline.php(183): Illuminate/Foundation/Http/Middleware/ConvertEmptyStringsToNull->handle(Object(Illuminate/Http/Request), Object(Closure))
#12 C:/Users/Sandy/Psikonutrisense/backend/vendor/laravel/framework/src/Illuminate/Foundation/Http/Middleware/ValidatePostSize.php(27): Illuminate/Pipeline/Pipeline->Illuminate/Pipeline/{closure}(Object(Illuminate/Http/Request))
#13 C:/Users/Sandy/Psikonutrisense/backend/vendor/laravel/framework/src/Illuminate/Pipeline/Pipeline.php(183): Illuminate/Foundation/Http/Middleware/ValidatePostSize->handle(Object(Illuminate/Http/Request), Object(Closure))
#14 C:/Users/Sandy/Psikonutrisense/backend/vendor/laravel/framework/src/Illuminate/Pipeline/Pipeline.php(119): Illuminate/Pipeline/Pipeline->Illuminate/Pipeline/{closure}(Object(Illuminate/Http/Request))
#15 C:/Users/Sandy/Psikonutrisense/backend/vendor/laravel/framework/src/Illuminate/Foundation/Http/Kernel.php(175): Illuminate/Pipeline/Pipeline->then(Object(Closure))
#16 C:/Users/Sandy/Psikonutrisense/backend/vendor/laravel/framework/src/Illuminate/Foundation/Http/Kernel.php(144): Illuminate/Foundation/Http/Kernel->sendRequestThroughRouter(Object(Illuminate/Http/Request))
#17 C:/Users/Sandy/Psikonutrisense/backend/public/index.php(19): Illuminate/Foundation/Http/Kernel->handle(Object(Illuminate/Http/Request))
#18 C:/Users/Sandy/Psikonutrisense/backend/server.php(11): require_once('C://Users//Sandy//...')
#19 {main}
"} 
[2026-09-21 00:49:11] local.ERROR: Object of type Illuminate\Auth\AuthManager is not callable {"exception":"[object] (Error(code: 0): Object of type Illuminate\\Auth\\AuthManager is not callable at C:/Users/Sandy/Psikonutrisense/backend/vendor/laravel/framework/src/Illuminate/Pipeline/Pipeline.php:184)
[stacktrace]
#0 C:/Users/Sandy/Psikonutrisense/backend/vendor/laravel/framework/src/Illuminate/Routing/Middleware/SubstituteBindings.php(50): Illuminate/Pipeline/Pipeline->Illuminate/Pipeline/{closure}(Object(Illuminate/Http/Request))
#1 C:/Users/Sandy/Psikonutrisense/backend/vendor/laravel/framework/src/Illuminate/Pipeline/Pipeline.php(183): Illuminate/Routing/Middleware/SubstituteBindings->handle(Object(Illuminate/Http/Request), Object(Closure))
#2 C:/Users/Sandy/Psikonutrisense/backend/vendor/laravel/framework/src/Illuminate/Pipeline/Pipeline.php(119): Illuminate/Pipeline/Pipeline->Illuminate/Pipeline/{closure}(Object(Illuminate/Http/Request))
#3 C:/Users/Sandy/Psikonutrisense/backend/vendor/laravel/framework/src/Illuminate/Routing/Router.php(807): Illuminate/Pipeline/Pipeline->then(Object(Closure))
#4 C:/Users/Sandy/Psikonutrisense/backend/vendor/laravel/framework/src/Illuminate/Routing/Router.php(784): Illuminate/Routing/Router->runRouteWithinStack(Object(Illuminate/Routing/Route), Object(Illuminate/Http/Request))
#5 C:/Users/Sandy/Psikonutrisense/backend/vendor/laravel/framework/src/Illuminate/Routing/Router.php(748): Illuminate/Routing/Router->runRoute(Object(Illuminate/Http/Request), Object(Illuminate/Routing/Route))
#6 C:/Users/Sandy/Psikonutrisense/backend/vendor/laravel/framework/src/Illuminate/Routing/Router.php(737): Illuminate/Routing/Router->dispatchToRoute(Object(Illuminate/Http/Request))
#7 C:/Users/Sandy/Psikonutrisense/backend/vendor/laravel/framework/src/Illuminate/Foundation/Http/Kernel.php(200): Illuminate/Routing/Router->dispatch(Object(Illuminate/Http/Request))
#8 C:/Users/Sandy/Psikonutrisense/backend/vendor/laravel/framework/src/Illuminate/Pipeline/Pipeline.php(144): Illuminate/Foundation/Http/Kernel->Illuminate/Foundation/Http/{closure}(Object(Illuminate/Http/Request))
#9 C:/Users/Sandy/Psikonutrisense/backend/vendor/laravel/framework/src/Illuminate/Foundation/Http/Middleware/TransformsRequest.php(21): Illuminate/Pipeline/Pipeline->Illuminate/Pipeline/{closure}(Object(Illuminate/Http/Request))
#10 C:/Users/Sandy/Psikonutrisense/backend/vendor/laravel/framework/src/Illuminate/Foundation/Http/Middleware/ConvertEmptyStringsToNull.php(31): Illuminate/Foundation/Http/Middleware/TransformsRequest->handle(Object(Illuminate/Http/Request), Object(Closure))
#11 C:/Users/Sandy/Psikonutrisense/backend/vendor/laravel/framework/src/Illuminate/Pipeline/Pipeline.php(183): Illuminate/Foundation/Http/Middleware/ConvertEmptyStringsToNull->handle(Object(Illuminate/Http/Request), Object(Closure))
#12 C:/Users/Sandy/Psikonutrisense/backend/vendor/laravel/framework/src/Illuminate/Foundation/Http/Middleware/ValidatePostSize.php(27): Illuminate/Pipeline/Pipeline->Illuminate/Pipeline/{closure}(Object(Illuminate/Http/Request))
#13 C:/Users/Sandy/Psikonutrisense/backend/vendor/laravel/framework/src/Illuminate/Pipeline/Pipeline.php(183): Illuminate/Foundation/Http/Middleware/ValidatePostSize->handle(Object(Illuminate/Http/Request), Object(Closure))
#14 C:/Users/Sandy/Psikonutrisense/backend/vendor/laravel/framework/src/Illuminate/Pipeline/Pipeline.php(119): Illuminate/Pipeline/Pipeline->Illuminate/Pipeline/{closure}(Object(Illuminate/Http/Request))
#15 C:/Users/Sandy/Psikonutrisense/backend/vendor/laravel/framework/src/Illuminate/Foundation/Http/Kernel.php(175): Illuminate/Pipeline/Pipeline->then(Object(Closure))
#16 C:/Users/Sandy/Psikonutrisense/backend/vendor/laravel/framework/src/Illuminate/Foundation/Http/Kernel.php(144): Illuminate/Foundation/Http/Kernel->sendRequestThroughRouter(Object(Illuminate/Http/Request))
#17 C:/Users/Sandy/Psikonutrisense/backend/public/index.php(19): Illuminate/Foundation/Http/Kernel->handle(Object(Illuminate/Http/Request))
#18 C:/Users/Sandy/Psikonutrisense/backend/server.php(11): require_once('C://Users//Sandy//...')
#19 {main}
"} 
[2026-09-21 00:49:16] local.ERROR: Object of type Illuminate\Auth\AuthManager is not callable {"exception":"[object] (Error(code: 0): Object of type Illuminate\\Auth\\AuthManager is not callable at C:/Users/Sandy/Psikonutrisense/backend/vendor/laravel/framework/src/Illuminate/Pipeline/Pipeline.php:184)
[stacktrace]
#0 C:/Users/Sandy/Psikonutrisense/backend/vendor/laravel/framework/src/Illuminate/Routing/Middleware/SubstituteBindings.php(50): Illuminate/Pipeline/Pipeline->Illuminate/Pipeline/{closure}(Object(Illuminate/Http/Request))
#1 C:/Users/Sandy/Psikonutrisense/backend/vendor/laravel/framework/src/Illuminate/Pipeline/Pipeline.php(183): Illuminate/Routing/Middleware/SubstituteBindings->handle(Object(Illuminate/Http/Request), Object(Closure))
#2 C:/Users/Sandy/Psikonutrisense/backend/vendor/laravel/framework/src/Illuminate/Pipeline/Pipeline.php(119): Illuminate/Pipeline/Pipeline->Illuminate/Pipeline/{closure}(Object(Illuminate/Http/Request))
#3 C:/Users/Sandy/Psikonutrisense/backend/vendor/laravel/framework/src/Illuminate/Routing/Router.php(807): Illuminate/Pipeline/Pipeline->then(Object(Closure))
#4 C:/Users/Sandy/Psikonutrisense/backend/vendor/laravel/framework/src/Illuminate/Routing/Router.php(784): Illuminate/Routing/Router->runRouteWithinStack(Object(Illuminate/Routing/Route), Object(Illuminate/Http/Request))
#5 C:/Users/Sandy/Psikonutrisense/backend/vendor/laravel/framework/src/Illuminate/Routing/Router.php(748): Illuminate/Routing/Router->runRoute(Object(Illuminate/Http/Request), Object(Illuminate/Routing/Route))
#6 C:/Users/Sandy/Psikonutrisense/backend/vendor/laravel/framework/src/Illuminate/Routing/Router.php(737): Illuminate/Routing/Router->dispatchToRoute(Object(Illuminate/Http/Request))
#7 C:/Users/Sandy/Psikonutrisense/backend/vendor/laravel/framework/src/Illuminate/Foundation/Http/Kernel.php(200): Illuminate/Routing/Router->dispatch(Object(Illuminate/Http/Request))
#8 C:/Users/Sandy/Psikonutrisense/backend/vendor/laravel/framework/src/Illuminate/Pipeline/Pipeline.php(144): Illuminate/Foundation/Http/Kernel->Illuminate/Foundation/Http/{closure}(Object(Illuminate/Http/Request))
#9 C:/Users/Sandy/Psikonutrisense/backend/vendor/laravel/framework/src/Illuminate/Foundation/Http/Middleware/TransformsRequest.php(21): Illuminate/Pipeline/Pipeline->Illuminate/Pipeline/{closure}(Object(Illuminate/Http/Request))
#10 C:/Users/Sandy/Psikonutrisense/backend/vendor/laravel/framework/src/Illuminate/Foundation/Http/Middleware/ConvertEmptyStringsToNull.php(31): Illuminate/Foundation/Http/Middleware/TransformsRequest->handle(Object(Illuminate/Http/Request), Object(Closure))
#11 C:/Users/Sandy/Psikonutrisense/backend/vendor/laravel/framework/src/Illuminate/Pipeline/Pipeline.php(183): Illuminate/Foundation/Http/Middleware/ConvertEmptyStringsToNull->handle(Object(Illuminate/Http/Request), Object(Closure))
#12 C:/Users/Sandy/Psikonutrisense/backend/vendor/laravel/framework/src/Illuminate/Foundation/Http/Middleware/ValidatePostSize.php(27): Illuminate/Pipeline/Pipeline->Illuminate/Pipeline/{closure}(Object(Illuminate/Http/Request))
#13 C:/Users/Sandy/Psikonutrisense/backend/vendor/laravel/framework/src/Illuminate/Pipeline/Pipeline.php(183): Illuminate/Foundation/Http/Middleware/ValidatePostSize->handle(Object(Illuminate/Http/Request), Object(Closure))
#14 C:/Users/Sandy/Psikonutrisense/backend/vendor/laravel/framework/src/Illuminate/Pipeline/Pipeline.php(119): Illuminate/Pipeline/Pipeline->Illuminate/Pipeline/{closure}(Object(Illuminate/Http/Request))
#15 C:/Users/Sandy/Psikonutrisense/backend/vendor/laravel/framework/src/Illuminate/Foundation/Http/Kernel.php(175): Illuminate/Pipeline/Pipeline->then(Object(Closure))
#16 C:/Users/Sandy/Psikonutrisense/backend/vendor/laravel/framework/src/Illuminate/Foundation/Http/Kernel.php(144): Illuminate/Foundation/Http/Kernel->sendRequestThroughRouter(Object(Illuminate/Http/Request))
#17 C:/Users/Sandy/Psikonutrisense/backend/public/index.php(19): Illuminate/Foundation/Http/Kernel->handle(Object(Illuminate/Http/Request))
#18 C:/Users/Sandy/Psikonutrisense/backend/server.php(11): require_once('C://Users//Sandy//...')
#19 {main}
"} 
